ISO-10303-21;
HEADER;
FILE_DESCRIPTION(('KiCad electronic assembly'),'2;1');
FILE_NAME('Seite_v4.3.step','2026-03-05T22:22:43',('Pcbnew'),('Kicad'),
  'Open CASCADE STEP processor 7.9','KiCad to STEP converter','Unknown'
  );
FILE_SCHEMA(('AUTOMOTIVE_DESIGN { 1 0 10303 214 1 1 1 1 }'));
ENDSEC;
DATA;
#1 = APPLICATION_PROTOCOL_DEFINITION('international standard',
  'automotive_design',2000,#2);
#2 = APPLICATION_CONTEXT(
  'core data for automotive mechanical design processes');
#3 = SHAPE_DEFINITION_REPRESENTATION(#4,#10);
#4 = PRODUCT_DEFINITION_SHAPE('','',#5);
#5 = PRODUCT_DEFINITION('design','',#6,#9);
#6 = PRODUCT_DEFINITION_FORMATION('','',#7);
#7 = PRODUCT('Seite_v4.3 1','Seite_v4.3 1','',(#8));
#8 = PRODUCT_CONTEXT('',#2,'mechanical');
#9 = PRODUCT_DEFINITION_CONTEXT('part definition',#2,'design');
#10 = SHAPE_REPRESENTATION('',(#11,#15,#19,#23,#27,#31,#35),#39);
#11 = AXIS2_PLACEMENT_3D('',#12,#13,#14);
#12 = CARTESIAN_POINT('',(0.,0.,0.));
#13 = DIRECTION('',(0.,0.,1.));
#14 = DIRECTION('',(1.,0.,-0.));
#15 = AXIS2_PLACEMENT_3D('',#16,#17,#18);
#16 = CARTESIAN_POINT('',(-70.549999,7.999999,1.595));
#17 = DIRECTION('',(0.,0.,1.));
#18 = DIRECTION('',(1.,0.,0.));
#19 = AXIS2_PLACEMENT_3D('',#20,#21,#22);
#20 = CARTESIAN_POINT('',(-62.999999,7.999999,1.595));
#21 = DIRECTION('',(0.,0.,1.));
#22 = DIRECTION('',(-1.,1.224646799147E-16,0.));
#23 = AXIS2_PLACEMENT_3D('',#24,#25,#26);
#24 = CARTESIAN_POINT('',(-55.499999,2.249999,1.595));
#25 = DIRECTION('',(0.,0.,1.));
#26 = DIRECTION('',(1.,0.,0.));
#27 = AXIS2_PLACEMENT_3D('',#28,#29,#30);
#28 = CARTESIAN_POINT('',(55.500001,2.249999,1.595));
#29 = DIRECTION('',(0.,0.,1.));
#30 = DIRECTION('',(1.,0.,0.));
#31 = AXIS2_PLACEMENT_3D('',#32,#33,#34);
#32 = CARTESIAN_POINT('',(0.,0.,0.));
#33 = DIRECTION('',(0.,0.,1.));
#34 = DIRECTION('',(1.,0.,-0.));
#35 = AXIS2_PLACEMENT_3D('',#36,#37,#38);
#36 = CARTESIAN_POINT('',(0.,0.,0.));
#37 = DIRECTION('',(0.,0.,1.));
#38 = DIRECTION('',(1.,0.,-0.));
#39 = ( GEOMETRIC_REPRESENTATION_CONTEXT(3) 
GLOBAL_UNCERTAINTY_ASSIGNED_CONTEXT((#43)) GLOBAL_UNIT_ASSIGNED_CONTEXT(
(#40,#41,#42)) REPRESENTATION_CONTEXT('Context #1',
  '3D Context with UNIT and UNCERTAINTY') );
#40 = ( LENGTH_UNIT() NAMED_UNIT(*) SI_UNIT(.MILLI.,.METRE.) );
#41 = ( NAMED_UNIT(*) PLANE_ANGLE_UNIT() SI_UNIT($,.RADIAN.) );
#42 = ( NAMED_UNIT(*) SI_UNIT($,.STERADIAN.) SOLID_ANGLE_UNIT() );
#43 = UNCERTAINTY_MEASURE_WITH_UNIT(LENGTH_MEASURE(1.E-07),#40,
  'distance_accuracy_value','confusion accuracy');
#44 = PRODUCT_RELATED_PRODUCT_CATEGORY('part',$,(#7));
#45 = SHAPE_DEFINITION_REPRESENTATION(#46,#52);
#46 = PRODUCT_DEFINITION_SHAPE('','',#47);
#47 = PRODUCT_DEFINITION('design','',#48,#51);
#48 = PRODUCT_DEFINITION_FORMATION('','',#49);
#49 = PRODUCT('D_SMF','D_SMF','',(#50));
#50 = PRODUCT_CONTEXT('',#2,'mechanical');
#51 = PRODUCT_DEFINITION_CONTEXT('part definition',#2,'design');
#52 = ADVANCED_BREP_SHAPE_REPRESENTATION('',(#11,#53),#867);
#53 = MANIFOLD_SOLID_BREP('',#54);
#54 = CLOSED_SHELL('',(#55,#95,#144,#232,#274,#291,#308,#325,#348,#371,
    #394,#417,#443,#483,#507,#549,#566,#597,#620,#643,#667,#689,#701,
    #713,#759,#790,#814,#838,#855));
#55 = ADVANCED_FACE('',(#56),#90,.F.);
#56 = FACE_BOUND('',#57,.F.);
#57 = EDGE_LOOP('',(#58,#68,#76,#84));
#58 = ORIENTED_EDGE('',*,*,#59,.F.);
#59 = EDGE_CURVE('',#60,#62,#64,.T.);
#60 = VERTEX_POINT('',#61);
#61 = CARTESIAN_POINT('',(1.3,-0.5,0.));
#62 = VERTEX_POINT('',#63);
#63 = CARTESIAN_POINT('',(1.3,-0.5,2.E-02));
#64 = LINE('',#65,#66);
#65 = CARTESIAN_POINT('',(1.3,-0.5,0.));
#66 = VECTOR('',#67,1.);
#67 = DIRECTION('',(0.,0.,1.));
#68 = ORIENTED_EDGE('',*,*,#69,.T.);
#69 = EDGE_CURVE('',#60,#70,#72,.T.);
#70 = VERTEX_POINT('',#71);
#71 = CARTESIAN_POINT('',(1.3,0.5,0.));
#72 = LINE('',#73,#74);
#73 = CARTESIAN_POINT('',(1.3,-0.5,0.));
#74 = VECTOR('',#75,1.);
#75 = DIRECTION('',(3.330669073875E-16,1.,0.));
#76 = ORIENTED_EDGE('',*,*,#77,.T.);
#77 = EDGE_CURVE('',#70,#78,#80,.T.);
#78 = VERTEX_POINT('',#79);
#79 = CARTESIAN_POINT('',(1.3,0.5,2.E-02));
#80 = LINE('',#81,#82);
#81 = CARTESIAN_POINT('',(1.3,0.5,0.));
#82 = VECTOR('',#83,1.);
#83 = DIRECTION('',(0.,0.,1.));
#84 = ORIENTED_EDGE('',*,*,#85,.T.);
#85 = EDGE_CURVE('',#78,#62,#86,.T.);
#86 = LINE('',#87,#88);
#87 = CARTESIAN_POINT('',(1.3,-0.689938803695,2.E-02));
#88 = VECTOR('',#89,1.);
#89 = DIRECTION('',(-3.330669073875E-16,-1.,-0.));
#90 = PLANE('',#91);
#91 = AXIS2_PLACEMENT_3D('',#92,#93,#94);
#92 = CARTESIAN_POINT('',(1.3,-0.5,0.));
#93 = DIRECTION('',(1.,-3.330669073875E-16,0.));
#94 = DIRECTION('',(0.,0.,1.));
#95 = ADVANCED_FACE('',(#96),#139,.F.);
#96 = FACE_BOUND('',#97,.F.);
#97 = EDGE_LOOP('',(#98,#108,#114,#115,#123,#133));
#98 = ORIENTED_EDGE('',*,*,#99,.F.);
#99 = EDGE_CURVE('',#100,#102,#104,.T.);
#100 = VERTEX_POINT('',#101);
#101 = CARTESIAN_POINT('',(1.9,-0.5,0.));
#102 = VERTEX_POINT('',#103);
#103 = CARTESIAN_POINT('',(1.9,-0.5,0.25));
#104 = LINE('',#105,#106);
#105 = CARTESIAN_POINT('',(1.9,-0.5,0.));
#106 = VECTOR('',#107,1.);
#107 = DIRECTION('',(0.,0.,1.));
#108 = ORIENTED_EDGE('',*,*,#109,.F.);
#109 = EDGE_CURVE('',#60,#100,#110,.T.);
#110 = LINE('',#111,#112);
#111 = CARTESIAN_POINT('',(1.3,-0.5,0.));
#112 = VECTOR('',#113,1.);
#113 = DIRECTION('',(1.,-3.330669073875E-16,0.));
#114 = ORIENTED_EDGE('',*,*,#59,.T.);
#115 = ORIENTED_EDGE('',*,*,#116,.T.);
#116 = EDGE_CURVE('',#62,#117,#119,.T.);
#117 = VERTEX_POINT('',#118);
#118 = CARTESIAN_POINT('',(1.379877607389,-0.5,2.E-02));
#119 = LINE('',#120,#121);
#120 = CARTESIAN_POINT('',(-3.993880369452E-02,-0.5,2.E-02));
#121 = VECTOR('',#122,1.);
#122 = DIRECTION('',(1.,-3.330669073875E-16,0.));
#123 = ORIENTED_EDGE('',*,*,#124,.T.);
#124 = EDGE_CURVE('',#117,#125,#127,.T.);
#125 = VERTEX_POINT('',#126);
#126 = CARTESIAN_POINT('',(1.4,-0.5,0.25));
#127 = B_SPLINE_CURVE_WITH_KNOTS('',4,(#128,#129,#130,#131,#132),
  .UNSPECIFIED.,.F.,.F.,(5,5),(0.,1.),.PIECEWISE_BEZIER_KNOTS.);
#128 = CARTESIAN_POINT('',(1.379877607389,-0.5,2.E-02));
#129 = CARTESIAN_POINT('',(1.384908191152,-0.5,7.749983552286E-02));
#130 = CARTESIAN_POINT('',(1.389938784875,-0.5,0.134999784891));
#131 = CARTESIAN_POINT('',(1.394969387989,-0.5,0.192499841603));
#132 = CARTESIAN_POINT('',(1.4,-0.5,0.25));
#133 = ORIENTED_EDGE('',*,*,#134,.T.);
#134 = EDGE_CURVE('',#125,#102,#135,.T.);
#135 = LINE('',#136,#137);
#136 = CARTESIAN_POINT('',(1.3,-0.5,0.25));
#137 = VECTOR('',#138,1.);
#138 = DIRECTION('',(1.,-3.330669073875E-16,0.));
#139 = PLANE('',#140);
#140 = AXIS2_PLACEMENT_3D('',#141,#142,#143);
#141 = CARTESIAN_POINT('',(1.3,-0.5,0.));
#142 = DIRECTION('',(3.330669073875E-16,1.,0.));
#143 = DIRECTION('',(0.,-0.,1.));
#144 = ADVANCED_FACE('',(#145),#227,.T.);
#145 = FACE_BOUND('',#146,.T.);
#146 = EDGE_LOOP('',(#147,#157,#165,#173,#181,#189,#197,#205,#213,#219,
    #220,#221));
#147 = ORIENTED_EDGE('',*,*,#148,.F.);
#148 = EDGE_CURVE('',#149,#151,#153,.T.);
#149 = VERTEX_POINT('',#150);
#150 = CARTESIAN_POINT('',(-1.379877607389,-0.879877607389,2.E-02));
#151 = VERTEX_POINT('',#152);
#152 = CARTESIAN_POINT('',(1.379877607389,-0.879877607389,2.E-02));
#153 = LINE('',#154,#155);
#154 = CARTESIAN_POINT('',(-1.379877607389,-0.879877607389,2.E-02));
#155 = VECTOR('',#156,1.);
#156 = DIRECTION('',(1.,0.,0.));
#157 = ORIENTED_EDGE('',*,*,#158,.F.);
#158 = EDGE_CURVE('',#159,#149,#161,.T.);
#159 = VERTEX_POINT('',#160);
#160 = CARTESIAN_POINT('',(-1.379877607389,-0.5,2.E-02));
#161 = LINE('',#162,#163);
#162 = CARTESIAN_POINT('',(-1.379877607389,0.879877607389,2.E-02));
#163 = VECTOR('',#164,1.);
#164 = DIRECTION('',(0.,-1.,0.));
#165 = ORIENTED_EDGE('',*,*,#166,.F.);
#166 = EDGE_CURVE('',#167,#159,#169,.T.);
#167 = VERTEX_POINT('',#168);
#168 = CARTESIAN_POINT('',(-1.3,-0.5,2.E-02));
#169 = LINE('',#170,#171);
#170 = CARTESIAN_POINT('',(-1.339938803695,-0.5,2.E-02));
#171 = VECTOR('',#172,1.);
#172 = DIRECTION('',(-1.,2.22044604925E-16,0.));
#173 = ORIENTED_EDGE('',*,*,#174,.T.);
#174 = EDGE_CURVE('',#167,#175,#177,.T.);
#175 = VERTEX_POINT('',#176);
#176 = CARTESIAN_POINT('',(-1.3,0.5,2.E-02));
#177 = LINE('',#178,#179);
#178 = CARTESIAN_POINT('',(-1.3,-0.189938803695,2.E-02));
#179 = VECTOR('',#180,1.);
#180 = DIRECTION('',(2.22044604925E-16,1.,0.));
#181 = ORIENTED_EDGE('',*,*,#182,.T.);
#182 = EDGE_CURVE('',#175,#183,#185,.T.);
#183 = VERTEX_POINT('',#184);
#184 = CARTESIAN_POINT('',(-1.379877607389,0.5,2.E-02));
#185 = LINE('',#186,#187);
#186 = CARTESIAN_POINT('',(-1.339938803695,0.5,2.E-02));
#187 = VECTOR('',#188,1.);
#188 = DIRECTION('',(-1.,2.22044604925E-16,0.));
#189 = ORIENTED_EDGE('',*,*,#190,.F.);
#190 = EDGE_CURVE('',#191,#183,#193,.T.);
#191 = VERTEX_POINT('',#192);
#192 = CARTESIAN_POINT('',(-1.379877607389,0.879877607389,2.E-02));
#193 = LINE('',#194,#195);
#194 = CARTESIAN_POINT('',(-1.379877607389,0.879877607389,2.E-02));
#195 = VECTOR('',#196,1.);
#196 = DIRECTION('',(0.,-1.,0.));
#197 = ORIENTED_EDGE('',*,*,#198,.F.);
#198 = EDGE_CURVE('',#199,#191,#201,.T.);
#199 = VERTEX_POINT('',#200);
#200 = CARTESIAN_POINT('',(1.379877607389,0.879877607389,2.E-02));
#201 = LINE('',#202,#203);
#202 = CARTESIAN_POINT('',(1.379877607389,0.879877607389,2.E-02));
#203 = VECTOR('',#204,1.);
#204 = DIRECTION('',(-1.,0.,0.));
#205 = ORIENTED_EDGE('',*,*,#206,.F.);
#206 = EDGE_CURVE('',#207,#199,#209,.T.);
#207 = VERTEX_POINT('',#208);
#208 = CARTESIAN_POINT('',(1.379877607389,0.5,2.E-02));
#209 = LINE('',#210,#211);
#210 = CARTESIAN_POINT('',(1.379877607389,-0.879877607389,2.E-02));
#211 = VECTOR('',#212,1.);
#212 = DIRECTION('',(0.,1.,0.));
#213 = ORIENTED_EDGE('',*,*,#214,.F.);
#214 = EDGE_CURVE('',#78,#207,#215,.T.);
#215 = LINE('',#216,#217);
#216 = CARTESIAN_POINT('',(-3.993880369452E-02,0.5,2.E-02));
#217 = VECTOR('',#218,1.);
#218 = DIRECTION('',(1.,-3.330669073875E-16,0.));
#219 = ORIENTED_EDGE('',*,*,#85,.T.);
#220 = ORIENTED_EDGE('',*,*,#116,.T.);
#221 = ORIENTED_EDGE('',*,*,#222,.F.);
#222 = EDGE_CURVE('',#151,#117,#223,.T.);
#223 = LINE('',#224,#225);
#224 = CARTESIAN_POINT('',(1.379877607389,-0.879877607389,2.E-02));
#225 = VECTOR('',#226,1.);
#226 = DIRECTION('',(0.,1.,0.));
#227 = PLANE('',#228);
#228 = AXIS2_PLACEMENT_3D('',#229,#230,#231);
#229 = CARTESIAN_POINT('',(-1.379877607389,-0.879877607389,2.E-02));
#230 = DIRECTION('',(0.,0.,-1.));
#231 = DIRECTION('',(0.84317023775,0.537646677822,0.));
#232 = ADVANCED_FACE('',(#233),#269,.T.);
#233 = FACE_BOUND('',#234,.T.);
#234 = EDGE_LOOP('',(#235,#245,#251,#252,#253,#263));
#235 = ORIENTED_EDGE('',*,*,#236,.F.);
#236 = EDGE_CURVE('',#237,#239,#241,.T.);
#237 = VERTEX_POINT('',#238);
#238 = CARTESIAN_POINT('',(1.9,0.5,0.));
#239 = VERTEX_POINT('',#240);
#240 = CARTESIAN_POINT('',(1.9,0.5,0.25));
#241 = LINE('',#242,#243);
#242 = CARTESIAN_POINT('',(1.9,0.5,0.));
#243 = VECTOR('',#244,1.);
#244 = DIRECTION('',(0.,0.,1.));
#245 = ORIENTED_EDGE('',*,*,#246,.F.);
#246 = EDGE_CURVE('',#70,#237,#247,.T.);
#247 = LINE('',#248,#249);
#248 = CARTESIAN_POINT('',(1.3,0.5,0.));
#249 = VECTOR('',#250,1.);
#250 = DIRECTION('',(1.,-3.330669073875E-16,0.));
#251 = ORIENTED_EDGE('',*,*,#77,.T.);
#252 = ORIENTED_EDGE('',*,*,#214,.T.);
#253 = ORIENTED_EDGE('',*,*,#254,.T.);
#254 = EDGE_CURVE('',#207,#255,#257,.T.);
#255 = VERTEX_POINT('',#256);
#256 = CARTESIAN_POINT('',(1.4,0.5,0.25));
#257 = B_SPLINE_CURVE_WITH_KNOTS('',4,(#258,#259,#260,#261,#262),
  .UNSPECIFIED.,.F.,.F.,(5,5),(0.,1.),.PIECEWISE_BEZIER_KNOTS.);
#258 = CARTESIAN_POINT('',(1.379877607389,0.5,2.E-02));
#259 = CARTESIAN_POINT('',(1.384908191152,0.5,7.749983552286E-02));
#260 = CARTESIAN_POINT('',(1.389938784875,0.5,0.134999784891));
#261 = CARTESIAN_POINT('',(1.394969387989,0.5,0.192499841603));
#262 = CARTESIAN_POINT('',(1.4,0.5,0.25));
#263 = ORIENTED_EDGE('',*,*,#264,.T.);
#264 = EDGE_CURVE('',#255,#239,#265,.T.);
#265 = LINE('',#266,#267);
#266 = CARTESIAN_POINT('',(1.3,0.5,0.25));
#267 = VECTOR('',#268,1.);
#268 = DIRECTION('',(1.,-3.330669073875E-16,0.));
#269 = PLANE('',#270);
#270 = AXIS2_PLACEMENT_3D('',#271,#272,#273);
#271 = CARTESIAN_POINT('',(1.3,0.5,0.));
#272 = DIRECTION('',(3.330669073875E-16,1.,0.));
#273 = DIRECTION('',(0.,-0.,1.));
#274 = ADVANCED_FACE('',(#275),#286,.F.);
#275 = FACE_BOUND('',#276,.F.);
#276 = EDGE_LOOP('',(#277,#278,#279,#285));
#277 = ORIENTED_EDGE('',*,*,#69,.F.);
#278 = ORIENTED_EDGE('',*,*,#109,.T.);
#279 = ORIENTED_EDGE('',*,*,#280,.T.);
#280 = EDGE_CURVE('',#100,#237,#281,.T.);
#281 = LINE('',#282,#283);
#282 = CARTESIAN_POINT('',(1.9,-0.5,0.));
#283 = VECTOR('',#284,1.);
#284 = DIRECTION('',(3.330669073875E-16,1.,0.));
#285 = ORIENTED_EDGE('',*,*,#246,.F.);
#286 = PLANE('',#287);
#287 = AXIS2_PLACEMENT_3D('',#288,#289,#290);
#288 = CARTESIAN_POINT('',(1.3,-0.5,0.));
#289 = DIRECTION('',(0.,0.,1.));
#290 = DIRECTION('',(1.,-3.330669073875E-16,0.));
#291 = ADVANCED_FACE('',(#292),#303,.T.);
#292 = FACE_BOUND('',#293,.T.);
#293 = EDGE_LOOP('',(#294,#295,#296,#297));
#294 = ORIENTED_EDGE('',*,*,#99,.F.);
#295 = ORIENTED_EDGE('',*,*,#280,.T.);
#296 = ORIENTED_EDGE('',*,*,#236,.T.);
#297 = ORIENTED_EDGE('',*,*,#298,.F.);
#298 = EDGE_CURVE('',#102,#239,#299,.T.);
#299 = LINE('',#300,#301);
#300 = CARTESIAN_POINT('',(1.9,-0.5,0.25));
#301 = VECTOR('',#302,1.);
#302 = DIRECTION('',(3.330669073875E-16,1.,0.));
#303 = PLANE('',#304);
#304 = AXIS2_PLACEMENT_3D('',#305,#306,#307);
#305 = CARTESIAN_POINT('',(1.9,-0.5,0.));
#306 = DIRECTION('',(1.,-3.330669073875E-16,0.));
#307 = DIRECTION('',(0.,0.,1.));
#308 = ADVANCED_FACE('',(#309),#320,.T.);
#309 = FACE_BOUND('',#310,.T.);
#310 = EDGE_LOOP('',(#311,#317,#318,#319));
#311 = ORIENTED_EDGE('',*,*,#312,.F.);
#312 = EDGE_CURVE('',#125,#255,#313,.T.);
#313 = LINE('',#314,#315);
#314 = CARTESIAN_POINT('',(1.4,-0.9,0.25));
#315 = VECTOR('',#316,1.);
#316 = DIRECTION('',(0.,1.,0.));
#317 = ORIENTED_EDGE('',*,*,#134,.T.);
#318 = ORIENTED_EDGE('',*,*,#298,.T.);
#319 = ORIENTED_EDGE('',*,*,#264,.F.);
#320 = PLANE('',#321);
#321 = AXIS2_PLACEMENT_3D('',#322,#323,#324);
#322 = CARTESIAN_POINT('',(1.3,-0.5,0.25));
#323 = DIRECTION('',(0.,0.,1.));
#324 = DIRECTION('',(1.,-3.330669073875E-16,0.));
#325 = ADVANCED_FACE('',(#326),#343,.T.);
#326 = FACE_BOUND('',#327,.T.);
#327 = EDGE_LOOP('',(#328,#335,#336,#337));
#328 = ORIENTED_EDGE('',*,*,#329,.F.);
#329 = EDGE_CURVE('',#151,#330,#332,.T.);
#330 = VERTEX_POINT('',#331);
#331 = CARTESIAN_POINT('',(1.4,-0.9,0.25));
#332 = B_SPLINE_CURVE_WITH_KNOTS('',1,(#333,#334),.UNSPECIFIED.,.F.,.F.,
  (2,2),(0.,1.),.PIECEWISE_BEZIER_KNOTS.);
#333 = CARTESIAN_POINT('',(1.379877607389,-0.879877607389,2.E-02));
#334 = CARTESIAN_POINT('',(1.4,-0.9,0.25));
#335 = ORIENTED_EDGE('',*,*,#222,.T.);
#336 = ORIENTED_EDGE('',*,*,#124,.T.);
#337 = ORIENTED_EDGE('',*,*,#338,.F.);
#338 = EDGE_CURVE('',#330,#125,#339,.T.);
#339 = LINE('',#340,#341);
#340 = CARTESIAN_POINT('',(1.4,-0.9,0.25));
#341 = VECTOR('',#342,1.);
#342 = DIRECTION('',(0.,1.,0.));
#343 = B_SPLINE_SURFACE_WITH_KNOTS('',1,1,(
    (#344,#345)
    ,(#346,#347
  )),.UNSPECIFIED.,.F.,.F.,.F.,(2,2),(2,2),(0.,1.8),(0.,1.),
  .PIECEWISE_BEZIER_KNOTS.);
#344 = CARTESIAN_POINT('',(1.379877607389,-0.879877607389,2.E-02));
#345 = CARTESIAN_POINT('',(1.4,-0.9,0.25));
#346 = CARTESIAN_POINT('',(1.379877607389,0.879877607389,2.E-02));
#347 = CARTESIAN_POINT('',(1.4,0.9,0.25));
#348 = ADVANCED_FACE('',(#349),#366,.T.);
#349 = FACE_BOUND('',#350,.T.);
#350 = EDGE_LOOP('',(#351,#352,#353,#361));
#351 = ORIENTED_EDGE('',*,*,#148,.T.);
#352 = ORIENTED_EDGE('',*,*,#329,.T.);
#353 = ORIENTED_EDGE('',*,*,#354,.F.);
#354 = EDGE_CURVE('',#355,#330,#357,.T.);
#355 = VERTEX_POINT('',#356);
#356 = CARTESIAN_POINT('',(-1.4,-0.9,0.25));
#357 = LINE('',#358,#359);
#358 = CARTESIAN_POINT('',(-1.4,-0.9,0.25));
#359 = VECTOR('',#360,1.);
#360 = DIRECTION('',(1.,0.,0.));
#361 = ORIENTED_EDGE('',*,*,#362,.F.);
#362 = EDGE_CURVE('',#149,#355,#363,.T.);
#363 = B_SPLINE_CURVE_WITH_KNOTS('',1,(#364,#365),.UNSPECIFIED.,.F.,.F.,
  (2,2),(0.,1.),.PIECEWISE_BEZIER_KNOTS.);
#364 = CARTESIAN_POINT('',(-1.379877607389,-0.879877607389,2.E-02));
#365 = CARTESIAN_POINT('',(-1.4,-0.9,0.25));
#366 = B_SPLINE_SURFACE_WITH_KNOTS('',1,1,(
    (#367,#368)
    ,(#369,#370
  )),.UNSPECIFIED.,.F.,.F.,.F.,(2,2),(2,2),(0.,2.8),(0.,1.),
  .PIECEWISE_BEZIER_KNOTS.);
#367 = CARTESIAN_POINT('',(-1.379877607389,-0.879877607389,2.E-02));
#368 = CARTESIAN_POINT('',(-1.4,-0.9,0.25));
#369 = CARTESIAN_POINT('',(1.379877607389,-0.879877607389,2.E-02));
#370 = CARTESIAN_POINT('',(1.4,-0.9,0.25));
#371 = ADVANCED_FACE('',(#372),#389,.T.);
#372 = FACE_BOUND('',#373,.T.);
#373 = EDGE_LOOP('',(#374,#375,#376,#383));
#374 = ORIENTED_EDGE('',*,*,#254,.F.);
#375 = ORIENTED_EDGE('',*,*,#206,.T.);
#376 = ORIENTED_EDGE('',*,*,#377,.T.);
#377 = EDGE_CURVE('',#199,#378,#380,.T.);
#378 = VERTEX_POINT('',#379);
#379 = CARTESIAN_POINT('',(1.4,0.9,0.25));
#380 = B_SPLINE_CURVE_WITH_KNOTS('',1,(#381,#382),.UNSPECIFIED.,.F.,.F.,
  (2,2),(0.,1.),.PIECEWISE_BEZIER_KNOTS.);
#381 = CARTESIAN_POINT('',(1.379877607389,0.879877607389,2.E-02));
#382 = CARTESIAN_POINT('',(1.4,0.9,0.25));
#383 = ORIENTED_EDGE('',*,*,#384,.F.);
#384 = EDGE_CURVE('',#255,#378,#385,.T.);
#385 = LINE('',#386,#387);
#386 = CARTESIAN_POINT('',(1.4,-0.9,0.25));
#387 = VECTOR('',#388,1.);
#388 = DIRECTION('',(0.,1.,0.));
#389 = B_SPLINE_SURFACE_WITH_KNOTS('',1,1,(
    (#390,#391)
    ,(#392,#393
  )),.UNSPECIFIED.,.F.,.F.,.F.,(2,2),(2,2),(0.,1.8),(0.,1.),
  .PIECEWISE_BEZIER_KNOTS.);
#390 = CARTESIAN_POINT('',(1.379877607389,-0.879877607389,2.E-02));
#391 = CARTESIAN_POINT('',(1.4,-0.9,0.25));
#392 = CARTESIAN_POINT('',(1.379877607389,0.879877607389,2.E-02));
#393 = CARTESIAN_POINT('',(1.4,0.9,0.25));
#394 = ADVANCED_FACE('',(#395),#412,.T.);
#395 = FACE_BOUND('',#396,.T.);
#396 = EDGE_LOOP('',(#397,#398,#405,#411));
#397 = ORIENTED_EDGE('',*,*,#198,.T.);
#398 = ORIENTED_EDGE('',*,*,#399,.T.);
#399 = EDGE_CURVE('',#191,#400,#402,.T.);
#400 = VERTEX_POINT('',#401);
#401 = CARTESIAN_POINT('',(-1.4,0.9,0.25));
#402 = B_SPLINE_CURVE_WITH_KNOTS('',1,(#403,#404),.UNSPECIFIED.,.F.,.F.,
  (2,2),(0.,1.),.PIECEWISE_BEZIER_KNOTS.);
#403 = CARTESIAN_POINT('',(-1.379877607389,0.879877607389,2.E-02));
#404 = CARTESIAN_POINT('',(-1.4,0.9,0.25));
#405 = ORIENTED_EDGE('',*,*,#406,.F.);
#406 = EDGE_CURVE('',#378,#400,#407,.T.);
#407 = LINE('',#408,#409);
#408 = CARTESIAN_POINT('',(1.4,0.9,0.25));
#409 = VECTOR('',#410,1.);
#410 = DIRECTION('',(-1.,0.,0.));
#411 = ORIENTED_EDGE('',*,*,#377,.F.);
#412 = B_SPLINE_SURFACE_WITH_KNOTS('',1,1,(
    (#413,#414)
    ,(#415,#416
  )),.UNSPECIFIED.,.F.,.F.,.F.,(2,2),(2,2),(0.,2.8),(0.,1.),
  .PIECEWISE_BEZIER_KNOTS.);
#413 = CARTESIAN_POINT('',(1.379877607389,0.879877607389,2.E-02));
#414 = CARTESIAN_POINT('',(1.4,0.9,0.25));
#415 = CARTESIAN_POINT('',(-1.379877607389,0.879877607389,2.E-02));
#416 = CARTESIAN_POINT('',(-1.4,0.9,0.25));
#417 = ADVANCED_FACE('',(#418),#438,.T.);
#418 = FACE_BOUND('',#419,.T.);
#419 = EDGE_LOOP('',(#420,#421,#422,#432));
#420 = ORIENTED_EDGE('',*,*,#399,.F.);
#421 = ORIENTED_EDGE('',*,*,#190,.T.);
#422 = ORIENTED_EDGE('',*,*,#423,.T.);
#423 = EDGE_CURVE('',#183,#424,#426,.T.);
#424 = VERTEX_POINT('',#425);
#425 = CARTESIAN_POINT('',(-1.4,0.5,0.25));
#426 = B_SPLINE_CURVE_WITH_KNOTS('',4,(#427,#428,#429,#430,#431),
  .UNSPECIFIED.,.F.,.F.,(5,5),(0.,1.),.PIECEWISE_BEZIER_KNOTS.);
#427 = CARTESIAN_POINT('',(-1.379877607389,0.5,2.E-02));
#428 = CARTESIAN_POINT('',(-1.384908191152,0.5,7.749983552286E-02));
#429 = CARTESIAN_POINT('',(-1.389938784875,0.5,0.134999784891));
#430 = CARTESIAN_POINT('',(-1.394969387989,0.5,0.192499841603));
#431 = CARTESIAN_POINT('',(-1.4,0.5,0.25));
#432 = ORIENTED_EDGE('',*,*,#433,.F.);
#433 = EDGE_CURVE('',#400,#424,#434,.T.);
#434 = LINE('',#435,#436);
#435 = CARTESIAN_POINT('',(-1.4,0.9,0.25));
#436 = VECTOR('',#437,1.);
#437 = DIRECTION('',(0.,-1.,0.));
#438 = B_SPLINE_SURFACE_WITH_KNOTS('',1,1,(
    (#439,#440)
    ,(#441,#442
  )),.UNSPECIFIED.,.F.,.F.,.F.,(2,2),(2,2),(0.,1.8),(0.,1.),
  .PIECEWISE_BEZIER_KNOTS.);
#439 = CARTESIAN_POINT('',(-1.379877607389,0.879877607389,2.E-02));
#440 = CARTESIAN_POINT('',(-1.4,0.9,0.25));
#441 = CARTESIAN_POINT('',(-1.379877607389,-0.879877607389,2.E-02));
#442 = CARTESIAN_POINT('',(-1.4,-0.9,0.25));
#443 = ADVANCED_FACE('',(#444),#478,.F.);
#444 = FACE_BOUND('',#445,.F.);
#445 = EDGE_LOOP('',(#446,#456,#464,#470,#471,#472));
#446 = ORIENTED_EDGE('',*,*,#447,.F.);
#447 = EDGE_CURVE('',#448,#450,#452,.T.);
#448 = VERTEX_POINT('',#449);
#449 = CARTESIAN_POINT('',(-1.9,0.5,0.));
#450 = VERTEX_POINT('',#451);
#451 = CARTESIAN_POINT('',(-1.9,0.5,0.25));
#452 = LINE('',#453,#454);
#453 = CARTESIAN_POINT('',(-1.9,0.5,0.));
#454 = VECTOR('',#455,1.);
#455 = DIRECTION('',(0.,0.,1.));
#456 = ORIENTED_EDGE('',*,*,#457,.F.);
#457 = EDGE_CURVE('',#458,#448,#460,.T.);
#458 = VERTEX_POINT('',#459);
#459 = CARTESIAN_POINT('',(-1.3,0.5,0.));
#460 = LINE('',#461,#462);
#461 = CARTESIAN_POINT('',(-1.3,0.5,0.));
#462 = VECTOR('',#463,1.);
#463 = DIRECTION('',(-1.,2.22044604925E-16,0.));
#464 = ORIENTED_EDGE('',*,*,#465,.T.);
#465 = EDGE_CURVE('',#458,#175,#466,.T.);
#466 = LINE('',#467,#468);
#467 = CARTESIAN_POINT('',(-1.3,0.5,0.));
#468 = VECTOR('',#469,1.);
#469 = DIRECTION('',(0.,0.,1.));
#470 = ORIENTED_EDGE('',*,*,#182,.T.);
#471 = ORIENTED_EDGE('',*,*,#423,.T.);
#472 = ORIENTED_EDGE('',*,*,#473,.T.);
#473 = EDGE_CURVE('',#424,#450,#474,.T.);
#474 = LINE('',#475,#476);
#475 = CARTESIAN_POINT('',(-1.3,0.5,0.25));
#476 = VECTOR('',#477,1.);
#477 = DIRECTION('',(-1.,2.22044604925E-16,0.));
#478 = PLANE('',#479);
#479 = AXIS2_PLACEMENT_3D('',#480,#481,#482);
#480 = CARTESIAN_POINT('',(-1.3,0.5,0.));
#481 = DIRECTION('',(-2.22044604925E-16,-1.,0.));
#482 = DIRECTION('',(0.,0.,1.));
#483 = ADVANCED_FACE('',(#484),#502,.F.);
#484 = FACE_BOUND('',#485,.F.);
#485 = EDGE_LOOP('',(#486,#487,#495,#501));
#486 = ORIENTED_EDGE('',*,*,#465,.F.);
#487 = ORIENTED_EDGE('',*,*,#488,.T.);
#488 = EDGE_CURVE('',#458,#489,#491,.T.);
#489 = VERTEX_POINT('',#490);
#490 = CARTESIAN_POINT('',(-1.3,-0.5,0.));
#491 = LINE('',#492,#493);
#492 = CARTESIAN_POINT('',(-1.3,0.5,0.));
#493 = VECTOR('',#494,1.);
#494 = DIRECTION('',(-2.22044604925E-16,-1.,0.));
#495 = ORIENTED_EDGE('',*,*,#496,.T.);
#496 = EDGE_CURVE('',#489,#167,#497,.T.);
#497 = LINE('',#498,#499);
#498 = CARTESIAN_POINT('',(-1.3,-0.5,0.));
#499 = VECTOR('',#500,1.);
#500 = DIRECTION('',(0.,0.,1.));
#501 = ORIENTED_EDGE('',*,*,#174,.T.);
#502 = PLANE('',#503);
#503 = AXIS2_PLACEMENT_3D('',#504,#505,#506);
#504 = CARTESIAN_POINT('',(-1.3,0.5,0.));
#505 = DIRECTION('',(-1.,2.22044604925E-16,0.));
#506 = DIRECTION('',(0.,0.,1.));
#507 = ADVANCED_FACE('',(#508),#544,.T.);
#508 = FACE_BOUND('',#509,.T.);
#509 = EDGE_LOOP('',(#510,#520,#526,#527,#528,#538));
#510 = ORIENTED_EDGE('',*,*,#511,.F.);
#511 = EDGE_CURVE('',#512,#514,#516,.T.);
#512 = VERTEX_POINT('',#513);
#513 = CARTESIAN_POINT('',(-1.9,-0.5,0.));
#514 = VERTEX_POINT('',#515);
#515 = CARTESIAN_POINT('',(-1.9,-0.5,0.25));
#516 = LINE('',#517,#518);
#517 = CARTESIAN_POINT('',(-1.9,-0.5,0.));
#518 = VECTOR('',#519,1.);
#519 = DIRECTION('',(0.,0.,1.));
#520 = ORIENTED_EDGE('',*,*,#521,.F.);
#521 = EDGE_CURVE('',#489,#512,#522,.T.);
#522 = LINE('',#523,#524);
#523 = CARTESIAN_POINT('',(-1.3,-0.5,0.));
#524 = VECTOR('',#525,1.);
#525 = DIRECTION('',(-1.,2.22044604925E-16,0.));
#526 = ORIENTED_EDGE('',*,*,#496,.T.);
#527 = ORIENTED_EDGE('',*,*,#166,.T.);
#528 = ORIENTED_EDGE('',*,*,#529,.T.);
#529 = EDGE_CURVE('',#159,#530,#532,.T.);
#530 = VERTEX_POINT('',#531);
#531 = CARTESIAN_POINT('',(-1.4,-0.5,0.25));
#532 = B_SPLINE_CURVE_WITH_KNOTS('',4,(#533,#534,#535,#536,#537),
  .UNSPECIFIED.,.F.,.F.,(5,5),(0.,1.),.PIECEWISE_BEZIER_KNOTS.);
#533 = CARTESIAN_POINT('',(-1.379877607389,-0.5,2.E-02));
#534 = CARTESIAN_POINT('',(-1.384908191152,-0.5,7.749983552286E-02));
#535 = CARTESIAN_POINT('',(-1.389938784875,-0.5,0.134999784891));
#536 = CARTESIAN_POINT('',(-1.394969387989,-0.5,0.192499841603));
#537 = CARTESIAN_POINT('',(-1.4,-0.5,0.25));
#538 = ORIENTED_EDGE('',*,*,#539,.T.);
#539 = EDGE_CURVE('',#530,#514,#540,.T.);
#540 = LINE('',#541,#542);
#541 = CARTESIAN_POINT('',(-1.3,-0.5,0.25));
#542 = VECTOR('',#543,1.);
#543 = DIRECTION('',(-1.,2.22044604925E-16,0.));
#544 = PLANE('',#545);
#545 = AXIS2_PLACEMENT_3D('',#546,#547,#548);
#546 = CARTESIAN_POINT('',(-1.3,-0.5,0.));
#547 = DIRECTION('',(-2.22044604925E-16,-1.,0.));
#548 = DIRECTION('',(0.,0.,1.));
#549 = ADVANCED_FACE('',(#550),#561,.T.);
#550 = FACE_BOUND('',#551,.T.);
#551 = EDGE_LOOP('',(#552,#553,#554,#555));
#552 = ORIENTED_EDGE('',*,*,#529,.F.);
#553 = ORIENTED_EDGE('',*,*,#158,.T.);
#554 = ORIENTED_EDGE('',*,*,#362,.T.);
#555 = ORIENTED_EDGE('',*,*,#556,.F.);
#556 = EDGE_CURVE('',#530,#355,#557,.T.);
#557 = LINE('',#558,#559);
#558 = CARTESIAN_POINT('',(-1.4,0.9,0.25));
#559 = VECTOR('',#560,1.);
#560 = DIRECTION('',(0.,-1.,0.));
#561 = B_SPLINE_SURFACE_WITH_KNOTS('',1,1,(
    (#562,#563)
    ,(#564,#565
  )),.UNSPECIFIED.,.F.,.F.,.F.,(2,2),(2,2),(0.,1.8),(0.,1.),
  .PIECEWISE_BEZIER_KNOTS.);
#562 = CARTESIAN_POINT('',(-1.379877607389,0.879877607389,2.E-02));
#563 = CARTESIAN_POINT('',(-1.4,0.9,0.25));
#564 = CARTESIAN_POINT('',(-1.379877607389,-0.879877607389,2.E-02));
#565 = CARTESIAN_POINT('',(-1.4,-0.9,0.25));
#566 = ADVANCED_FACE('',(#567),#592,.T.);
#567 = FACE_BOUND('',#568,.T.);
#568 = EDGE_LOOP('',(#569,#570,#571,#572,#579,#587));
#569 = ORIENTED_EDGE('',*,*,#338,.T.);
#570 = ORIENTED_EDGE('',*,*,#312,.T.);
#571 = ORIENTED_EDGE('',*,*,#384,.T.);
#572 = ORIENTED_EDGE('',*,*,#573,.T.);
#573 = EDGE_CURVE('',#378,#574,#576,.T.);
#574 = VERTEX_POINT('',#575);
#575 = CARTESIAN_POINT('',(1.334383502356,0.834383502356,1.));
#576 = B_SPLINE_CURVE_WITH_KNOTS('',1,(#577,#578),.UNSPECIFIED.,.F.,.F.,
  (2,2),(0.,1.),.PIECEWISE_BEZIER_KNOTS.);
#577 = CARTESIAN_POINT('',(1.4,0.9,0.25));
#578 = CARTESIAN_POINT('',(1.334383502356,0.834383502356,1.));
#579 = ORIENTED_EDGE('',*,*,#580,.F.);
#580 = EDGE_CURVE('',#581,#574,#583,.T.);
#581 = VERTEX_POINT('',#582);
#582 = CARTESIAN_POINT('',(1.334383502356,-0.834383502356,1.));
#583 = LINE('',#584,#585);
#584 = CARTESIAN_POINT('',(1.334383502356,-0.834383502356,1.));
#585 = VECTOR('',#586,1.);
#586 = DIRECTION('',(0.,1.,0.));
#587 = ORIENTED_EDGE('',*,*,#588,.F.);
#588 = EDGE_CURVE('',#330,#581,#589,.T.);
#589 = B_SPLINE_CURVE_WITH_KNOTS('',1,(#590,#591),.UNSPECIFIED.,.F.,.F.,
  (2,2),(0.,1.),.PIECEWISE_BEZIER_KNOTS.);
#590 = CARTESIAN_POINT('',(1.4,-0.9,0.25));
#591 = CARTESIAN_POINT('',(1.334383502356,-0.834383502356,1.));
#592 = B_SPLINE_SURFACE_WITH_KNOTS('',1,1,(
    (#593,#594)
    ,(#595,#596
  )),.UNSPECIFIED.,.F.,.F.,.F.,(2,2),(2,2),(0.,1.8),(0.,1.),
  .PIECEWISE_BEZIER_KNOTS.);
#593 = CARTESIAN_POINT('',(1.4,-0.9,0.25));
#594 = CARTESIAN_POINT('',(1.334383502356,-0.834383502356,1.));
#595 = CARTESIAN_POINT('',(1.4,0.9,0.25));
#596 = CARTESIAN_POINT('',(1.334383502356,0.834383502356,1.));
#597 = ADVANCED_FACE('',(#598),#615,.T.);
#598 = FACE_BOUND('',#599,.T.);
#599 = EDGE_LOOP('',(#600,#601,#602,#610));
#600 = ORIENTED_EDGE('',*,*,#354,.T.);
#601 = ORIENTED_EDGE('',*,*,#588,.T.);
#602 = ORIENTED_EDGE('',*,*,#603,.F.);
#603 = EDGE_CURVE('',#604,#581,#606,.T.);
#604 = VERTEX_POINT('',#605);
#605 = CARTESIAN_POINT('',(-1.334383502356,-0.834383502356,1.));
#606 = LINE('',#607,#608);
#607 = CARTESIAN_POINT('',(-1.334383502356,-0.834383502356,1.));
#608 = VECTOR('',#609,1.);
#609 = DIRECTION('',(1.,0.,0.));
#610 = ORIENTED_EDGE('',*,*,#611,.F.);
#611 = EDGE_CURVE('',#355,#604,#612,.T.);
#612 = B_SPLINE_CURVE_WITH_KNOTS('',1,(#613,#614),.UNSPECIFIED.,.F.,.F.,
  (2,2),(0.,1.),.PIECEWISE_BEZIER_KNOTS.);
#613 = CARTESIAN_POINT('',(-1.4,-0.9,0.25));
#614 = CARTESIAN_POINT('',(-1.334383502356,-0.834383502356,1.));
#615 = B_SPLINE_SURFACE_WITH_KNOTS('',1,1,(
    (#616,#617)
    ,(#618,#619
  )),.UNSPECIFIED.,.F.,.F.,.F.,(2,2),(2,2),(0.,2.8),(0.,1.),
  .PIECEWISE_BEZIER_KNOTS.);
#616 = CARTESIAN_POINT('',(-1.4,-0.9,0.25));
#617 = CARTESIAN_POINT('',(-1.334383502356,-0.834383502356,1.));
#618 = CARTESIAN_POINT('',(1.4,-0.9,0.25));
#619 = CARTESIAN_POINT('',(1.334383502356,-0.834383502356,1.));
#620 = ADVANCED_FACE('',(#621),#638,.T.);
#621 = FACE_BOUND('',#622,.T.);
#622 = EDGE_LOOP('',(#623,#624,#631,#637));
#623 = ORIENTED_EDGE('',*,*,#406,.T.);
#624 = ORIENTED_EDGE('',*,*,#625,.T.);
#625 = EDGE_CURVE('',#400,#626,#628,.T.);
#626 = VERTEX_POINT('',#627);
#627 = CARTESIAN_POINT('',(-1.334383502356,0.834383502356,1.));
#628 = B_SPLINE_CURVE_WITH_KNOTS('',1,(#629,#630),.UNSPECIFIED.,.F.,.F.,
  (2,2),(0.,1.),.PIECEWISE_BEZIER_KNOTS.);
#629 = CARTESIAN_POINT('',(-1.4,0.9,0.25));
#630 = CARTESIAN_POINT('',(-1.334383502356,0.834383502356,1.));
#631 = ORIENTED_EDGE('',*,*,#632,.F.);
#632 = EDGE_CURVE('',#574,#626,#633,.T.);
#633 = LINE('',#634,#635);
#634 = CARTESIAN_POINT('',(1.334383502356,0.834383502356,1.));
#635 = VECTOR('',#636,1.);
#636 = DIRECTION('',(-1.,0.,0.));
#637 = ORIENTED_EDGE('',*,*,#573,.F.);
#638 = B_SPLINE_SURFACE_WITH_KNOTS('',1,1,(
    (#639,#640)
    ,(#641,#642
  )),.UNSPECIFIED.,.F.,.F.,.F.,(2,2),(2,2),(0.,2.8),(0.,1.),
  .PIECEWISE_BEZIER_KNOTS.);
#639 = CARTESIAN_POINT('',(1.4,0.9,0.25));
#640 = CARTESIAN_POINT('',(1.334383502356,0.834383502356,1.));
#641 = CARTESIAN_POINT('',(-1.4,0.9,0.25));
#642 = CARTESIAN_POINT('',(-1.334383502356,0.834383502356,1.));
#643 = ADVANCED_FACE('',(#644),#662,.T.);
#644 = FACE_BOUND('',#645,.T.);
#645 = EDGE_LOOP('',(#646,#647,#653,#654,#655,#661));
#646 = ORIENTED_EDGE('',*,*,#433,.T.);
#647 = ORIENTED_EDGE('',*,*,#648,.T.);
#648 = EDGE_CURVE('',#424,#530,#649,.T.);
#649 = LINE('',#650,#651);
#650 = CARTESIAN_POINT('',(-1.4,0.9,0.25));
#651 = VECTOR('',#652,1.);
#652 = DIRECTION('',(0.,-1.,0.));
#653 = ORIENTED_EDGE('',*,*,#556,.T.);
#654 = ORIENTED_EDGE('',*,*,#611,.T.);
#655 = ORIENTED_EDGE('',*,*,#656,.F.);
#656 = EDGE_CURVE('',#626,#604,#657,.T.);
#657 = LINE('',#658,#659);
#658 = CARTESIAN_POINT('',(-1.334383502356,0.834383502356,1.));
#659 = VECTOR('',#660,1.);
#660 = DIRECTION('',(0.,-1.,0.));
#661 = ORIENTED_EDGE('',*,*,#625,.F.);
#662 = B_SPLINE_SURFACE_WITH_KNOTS('',1,1,(
    (#663,#664)
    ,(#665,#666
  )),.UNSPECIFIED.,.F.,.F.,.F.,(2,2),(2,2),(0.,1.8),(0.,1.),
  .PIECEWISE_BEZIER_KNOTS.);
#663 = CARTESIAN_POINT('',(-1.4,0.9,0.25));
#664 = CARTESIAN_POINT('',(-1.334383502356,0.834383502356,1.));
#665 = CARTESIAN_POINT('',(-1.4,-0.9,0.25));
#666 = CARTESIAN_POINT('',(-1.334383502356,-0.834383502356,1.));
#667 = ADVANCED_FACE('',(#668),#684,.T.);
#668 = FACE_BOUND('',#669,.T.);
#669 = EDGE_LOOP('',(#670,#671,#677,#678));
#670 = ORIENTED_EDGE('',*,*,#447,.F.);
#671 = ORIENTED_EDGE('',*,*,#672,.T.);
#672 = EDGE_CURVE('',#448,#512,#673,.T.);
#673 = LINE('',#674,#675);
#674 = CARTESIAN_POINT('',(-1.9,0.5,0.));
#675 = VECTOR('',#676,1.);
#676 = DIRECTION('',(-2.22044604925E-16,-1.,0.));
#677 = ORIENTED_EDGE('',*,*,#511,.T.);
#678 = ORIENTED_EDGE('',*,*,#679,.F.);
#679 = EDGE_CURVE('',#450,#514,#680,.T.);
#680 = LINE('',#681,#682);
#681 = CARTESIAN_POINT('',(-1.9,0.5,0.25));
#682 = VECTOR('',#683,1.);
#683 = DIRECTION('',(-2.22044604925E-16,-1.,0.));
#684 = PLANE('',#685);
#685 = AXIS2_PLACEMENT_3D('',#686,#687,#688);
#686 = CARTESIAN_POINT('',(-1.9,0.5,0.));
#687 = DIRECTION('',(-1.,2.22044604925E-16,0.));
#688 = DIRECTION('',(0.,0.,1.));
#689 = ADVANCED_FACE('',(#690),#696,.T.);
#690 = FACE_BOUND('',#691,.T.);
#691 = EDGE_LOOP('',(#692,#693,#694,#695));
#692 = ORIENTED_EDGE('',*,*,#648,.F.);
#693 = ORIENTED_EDGE('',*,*,#473,.T.);
#694 = ORIENTED_EDGE('',*,*,#679,.T.);
#695 = ORIENTED_EDGE('',*,*,#539,.F.);
#696 = PLANE('',#697);
#697 = AXIS2_PLACEMENT_3D('',#698,#699,#700);
#698 = CARTESIAN_POINT('',(-1.3,0.5,0.25));
#699 = DIRECTION('',(0.,0.,1.));
#700 = DIRECTION('',(-1.,2.22044604925E-16,0.));
#701 = ADVANCED_FACE('',(#702),#708,.F.);
#702 = FACE_BOUND('',#703,.F.);
#703 = EDGE_LOOP('',(#704,#705,#706,#707));
#704 = ORIENTED_EDGE('',*,*,#488,.F.);
#705 = ORIENTED_EDGE('',*,*,#457,.T.);
#706 = ORIENTED_EDGE('',*,*,#672,.T.);
#707 = ORIENTED_EDGE('',*,*,#521,.F.);
#708 = PLANE('',#709);
#709 = AXIS2_PLACEMENT_3D('',#710,#711,#712);
#710 = CARTESIAN_POINT('',(-1.3,0.5,0.));
#711 = DIRECTION('',(0.,0.,1.));
#712 = DIRECTION('',(-1.,2.22044604925E-16,0.));
#713 = ADVANCED_FACE('',(#714,#720),#754,.F.);
#714 = FACE_BOUND('',#715,.F.);
#715 = EDGE_LOOP('',(#716,#717,#718,#719));
#716 = ORIENTED_EDGE('',*,*,#603,.F.);
#717 = ORIENTED_EDGE('',*,*,#656,.F.);
#718 = ORIENTED_EDGE('',*,*,#632,.F.);
#719 = ORIENTED_EDGE('',*,*,#580,.F.);
#720 = FACE_BOUND('',#721,.F.);
#721 = EDGE_LOOP('',(#722,#732,#740,#748));
#722 = ORIENTED_EDGE('',*,*,#723,.F.);
#723 = EDGE_CURVE('',#724,#726,#728,.T.);
#724 = VERTEX_POINT('',#725);
#725 = CARTESIAN_POINT('',(-1.284383502356,0.784383502356,1.));
#726 = VERTEX_POINT('',#727);
#727 = CARTESIAN_POINT('',(-0.884383502356,0.784383502356,1.));
#728 = LINE('',#729,#730);
#729 = CARTESIAN_POINT('',(-1.309383502356,0.784383502356,1.));
#730 = VECTOR('',#731,1.);
#731 = DIRECTION('',(1.,0.,0.));
#732 = ORIENTED_EDGE('',*,*,#733,.T.);
#733 = EDGE_CURVE('',#724,#734,#736,.T.);
#734 = VERTEX_POINT('',#735);
#735 = CARTESIAN_POINT('',(-1.284383502356,-0.784383502356,1.));
#736 = LINE('',#737,#738);
#737 = CARTESIAN_POINT('',(-1.284383502356,-0.809383502356,1.));
#738 = VECTOR('',#739,1.);
#739 = DIRECTION('',(0.,-1.,0.));
#740 = ORIENTED_EDGE('',*,*,#741,.T.);
#741 = EDGE_CURVE('',#734,#742,#744,.T.);
#742 = VERTEX_POINT('',#743);
#743 = CARTESIAN_POINT('',(-0.884383502356,-0.784383502356,1.));
#744 = LINE('',#745,#746);
#745 = CARTESIAN_POINT('',(-1.309383502356,-0.784383502356,1.));
#746 = VECTOR('',#747,1.);
#747 = DIRECTION('',(1.,0.,0.));
#748 = ORIENTED_EDGE('',*,*,#749,.F.);
#749 = EDGE_CURVE('',#726,#742,#750,.T.);
#750 = LINE('',#751,#752);
#751 = CARTESIAN_POINT('',(-0.884383502356,-0.809383502356,1.));
#752 = VECTOR('',#753,1.);
#753 = DIRECTION('',(0.,-1.,0.));
#754 = PLANE('',#755);
#755 = AXIS2_PLACEMENT_3D('',#756,#757,#758);
#756 = CARTESIAN_POINT('',(-1.334383502356,-0.834383502356,1.));
#757 = DIRECTION('',(0.,0.,-1.));
#758 = DIRECTION('',(0.847885819971,0.530178871978,0.));
#759 = ADVANCED_FACE('',(#760),#785,.F.);
#760 = FACE_BOUND('',#761,.F.);
#761 = EDGE_LOOP('',(#762,#770,#778,#784));
#762 = ORIENTED_EDGE('',*,*,#763,.F.);
#763 = EDGE_CURVE('',#764,#726,#766,.T.);
#764 = VERTEX_POINT('',#765);
#765 = CARTESIAN_POINT('',(-0.884383502356,0.784383502356,0.99));
#766 = LINE('',#767,#768);
#767 = CARTESIAN_POINT('',(-0.884383502356,0.784383502356,0.99));
#768 = VECTOR('',#769,1.);
#769 = DIRECTION('',(0.,0.,1.));
#770 = ORIENTED_EDGE('',*,*,#771,.F.);
#771 = EDGE_CURVE('',#772,#764,#774,.T.);
#772 = VERTEX_POINT('',#773);
#773 = CARTESIAN_POINT('',(-1.284383502356,0.784383502356,0.99));
#774 = LINE('',#775,#776);
#775 = CARTESIAN_POINT('',(-1.284383502356,0.784383502356,0.99));
#776 = VECTOR('',#777,1.);
#777 = DIRECTION('',(1.,0.,0.));
#778 = ORIENTED_EDGE('',*,*,#779,.T.);
#779 = EDGE_CURVE('',#772,#724,#780,.T.);
#780 = LINE('',#781,#782);
#781 = CARTESIAN_POINT('',(-1.284383502356,0.784383502356,0.99));
#782 = VECTOR('',#783,1.);
#783 = DIRECTION('',(0.,0.,1.));
#784 = ORIENTED_EDGE('',*,*,#723,.T.);
#785 = PLANE('',#786);
#786 = AXIS2_PLACEMENT_3D('',#787,#788,#789);
#787 = CARTESIAN_POINT('',(-1.284383502356,0.784383502356,0.99));
#788 = DIRECTION('',(0.,1.,0.));
#789 = DIRECTION('',(0.,-0.,1.));
#790 = ADVANCED_FACE('',(#791),#809,.F.);
#791 = FACE_BOUND('',#792,.F.);
#792 = EDGE_LOOP('',(#793,#801,#807,#808));
#793 = ORIENTED_EDGE('',*,*,#794,.F.);
#794 = EDGE_CURVE('',#795,#742,#797,.T.);
#795 = VERTEX_POINT('',#796);
#796 = CARTESIAN_POINT('',(-0.884383502356,-0.784383502356,0.99));
#797 = LINE('',#798,#799);
#798 = CARTESIAN_POINT('',(-0.884383502356,-0.784383502356,0.99));
#799 = VECTOR('',#800,1.);
#800 = DIRECTION('',(0.,0.,1.));
#801 = ORIENTED_EDGE('',*,*,#802,.T.);
#802 = EDGE_CURVE('',#795,#764,#803,.T.);
#803 = LINE('',#804,#805);
#804 = CARTESIAN_POINT('',(-0.884383502356,-0.784383502356,0.99));
#805 = VECTOR('',#806,1.);
#806 = DIRECTION('',(0.,1.,0.));
#807 = ORIENTED_EDGE('',*,*,#763,.T.);
#808 = ORIENTED_EDGE('',*,*,#749,.T.);
#809 = PLANE('',#810);
#810 = AXIS2_PLACEMENT_3D('',#811,#812,#813);
#811 = CARTESIAN_POINT('',(-0.884383502356,-0.784383502356,0.99));
#812 = DIRECTION('',(1.,0.,0.));
#813 = DIRECTION('',(0.,0.,1.));
#814 = ADVANCED_FACE('',(#815),#833,.T.);
#815 = FACE_BOUND('',#816,.T.);
#816 = EDGE_LOOP('',(#817,#818,#826,#832));
#817 = ORIENTED_EDGE('',*,*,#794,.F.);
#818 = ORIENTED_EDGE('',*,*,#819,.F.);
#819 = EDGE_CURVE('',#820,#795,#822,.T.);
#820 = VERTEX_POINT('',#821);
#821 = CARTESIAN_POINT('',(-1.284383502356,-0.784383502356,0.99));
#822 = LINE('',#823,#824);
#823 = CARTESIAN_POINT('',(-1.284383502356,-0.784383502356,0.99));
#824 = VECTOR('',#825,1.);
#825 = DIRECTION('',(1.,0.,0.));
#826 = ORIENTED_EDGE('',*,*,#827,.T.);
#827 = EDGE_CURVE('',#820,#734,#828,.T.);
#828 = LINE('',#829,#830);
#829 = CARTESIAN_POINT('',(-1.284383502356,-0.784383502356,0.99));
#830 = VECTOR('',#831,1.);
#831 = DIRECTION('',(0.,0.,1.));
#832 = ORIENTED_EDGE('',*,*,#741,.T.);
#833 = PLANE('',#834);
#834 = AXIS2_PLACEMENT_3D('',#835,#836,#837);
#835 = CARTESIAN_POINT('',(-1.284383502356,-0.784383502356,0.99));
#836 = DIRECTION('',(0.,1.,0.));
#837 = DIRECTION('',(0.,-0.,1.));
#838 = ADVANCED_FACE('',(#839),#850,.T.);
#839 = FACE_BOUND('',#840,.T.);
#840 = EDGE_LOOP('',(#841,#842,#848,#849));
#841 = ORIENTED_EDGE('',*,*,#827,.F.);
#842 = ORIENTED_EDGE('',*,*,#843,.T.);
#843 = EDGE_CURVE('',#820,#772,#844,.T.);
#844 = LINE('',#845,#846);
#845 = CARTESIAN_POINT('',(-1.284383502356,-0.784383502356,0.99));
#846 = VECTOR('',#847,1.);
#847 = DIRECTION('',(0.,1.,0.));
#848 = ORIENTED_EDGE('',*,*,#779,.T.);
#849 = ORIENTED_EDGE('',*,*,#733,.T.);
#850 = PLANE('',#851);
#851 = AXIS2_PLACEMENT_3D('',#852,#853,#854);
#852 = CARTESIAN_POINT('',(-1.284383502356,-0.784383502356,0.99));
#853 = DIRECTION('',(1.,0.,0.));
#854 = DIRECTION('',(0.,0.,1.));
#855 = ADVANCED_FACE('',(#856),#862,.T.);
#856 = FACE_BOUND('',#857,.T.);
#857 = EDGE_LOOP('',(#858,#859,#860,#861));
#858 = ORIENTED_EDGE('',*,*,#843,.F.);
#859 = ORIENTED_EDGE('',*,*,#819,.T.);
#860 = ORIENTED_EDGE('',*,*,#802,.T.);
#861 = ORIENTED_EDGE('',*,*,#771,.F.);
#862 = PLANE('',#863);
#863 = AXIS2_PLACEMENT_3D('',#864,#865,#866);
#864 = CARTESIAN_POINT('',(-1.284383502356,-0.784383502356,0.99));
#865 = DIRECTION('',(0.,0.,1.));
#866 = DIRECTION('',(1.,0.,-0.));
#867 = ( GEOMETRIC_REPRESENTATION_CONTEXT(3) 
GLOBAL_UNCERTAINTY_ASSIGNED_CONTEXT((#871)) GLOBAL_UNIT_ASSIGNED_CONTEXT
((#868,#869,#870)) REPRESENTATION_CONTEXT('Context #1',
  '3D Context with UNIT and UNCERTAINTY') );
#868 = ( LENGTH_UNIT() NAMED_UNIT(*) SI_UNIT(.MILLI.,.METRE.) );
#869 = ( NAMED_UNIT(*) PLANE_ANGLE_UNIT() SI_UNIT($,.RADIAN.) );
#870 = ( NAMED_UNIT(*) SI_UNIT($,.STERADIAN.) SOLID_ANGLE_UNIT() );
#871 = UNCERTAINTY_MEASURE_WITH_UNIT(LENGTH_MEASURE(1.E-07),#868,
  'distance_accuracy_value','confusion accuracy');
#872 = CONTEXT_DEPENDENT_SHAPE_REPRESENTATION(#873,#875);
#873 = ( REPRESENTATION_RELATIONSHIP('','',#52,#10) 
REPRESENTATION_RELATIONSHIP_WITH_TRANSFORMATION(#874) 
SHAPE_REPRESENTATION_RELATIONSHIP() );
#874 = ITEM_DEFINED_TRANSFORMATION('','',#11,#15);
#875 = PRODUCT_DEFINITION_SHAPE('Placement','Placement of an item',#876
  );
#876 = NEXT_ASSEMBLY_USAGE_OCCURRENCE('1','D2','',#5,#47,$);
#877 = PRODUCT_RELATED_PRODUCT_CATEGORY('part',$,(#49));
#878 = CONTEXT_DEPENDENT_SHAPE_REPRESENTATION(#879,#881);
#879 = ( REPRESENTATION_RELATIONSHIP('','',#52,#10) 
REPRESENTATION_RELATIONSHIP_WITH_TRANSFORMATION(#880) 
SHAPE_REPRESENTATION_RELATIONSHIP() );
#880 = ITEM_DEFINED_TRANSFORMATION('','',#11,#19);
#881 = PRODUCT_DEFINITION_SHAPE('Placement','Placement of an item',#882
  );
#882 = NEXT_ASSEMBLY_USAGE_OCCURRENCE('2','D1','',#5,#47,$);
#883 = SHAPE_DEFINITION_REPRESENTATION(#884,#890);
#884 = PRODUCT_DEFINITION_SHAPE('','',#885);
#885 = PRODUCT_DEFINITION('design','',#886,#889);
#886 = PRODUCT_DEFINITION_FORMATION('','',#887);
#887 = PRODUCT('R_0805_2012Metric','R_0805_2012Metric','',(#888));
#888 = PRODUCT_CONTEXT('',#2,'mechanical');
#889 = PRODUCT_DEFINITION_CONTEXT('part definition',#2,'design');
#890 = ADVANCED_BREP_SHAPE_REPRESENTATION('',(#11,#891),#1681);
#891 = MANIFOLD_SOLID_BREP('',#892);
#892 = CLOSED_SHELL('',(#893,#933,#1016,#1041,#1066,#1133,#1150,#1167,
    #1216,#1233,#1250,#1299,#1316,#1385,#1416,#1440,#1509,#1533,#1550,
    #1567,#1584,#1601,#1618,#1635,#1652,#1669));
#893 = ADVANCED_FACE('',(#894),#928,.F.);
#894 = FACE_BOUND('',#895,.F.);
#895 = EDGE_LOOP('',(#896,#906,#914,#922));
#896 = ORIENTED_EDGE('',*,*,#897,.F.);
#897 = EDGE_CURVE('',#898,#900,#902,.T.);
#898 = VERTEX_POINT('',#899);
#899 = CARTESIAN_POINT('',(-1.,-0.6,4.5E-02));
#900 = VERTEX_POINT('',#901);
#901 = CARTESIAN_POINT('',(-1.,-0.6,0.405));
#902 = LINE('',#903,#904);
#903 = CARTESIAN_POINT('',(-1.,-0.6,0.));
#904 = VECTOR('',#905,1.);
#905 = DIRECTION('',(0.,0.,1.));
#906 = ORIENTED_EDGE('',*,*,#907,.T.);
#907 = EDGE_CURVE('',#898,#908,#910,.T.);
#908 = VERTEX_POINT('',#909);
#909 = CARTESIAN_POINT('',(-1.,0.6,4.5E-02));
#910 = LINE('',#911,#912);
#911 = CARTESIAN_POINT('',(-1.,-0.6,4.5E-02));
#912 = VECTOR('',#913,1.);
#913 = DIRECTION('',(0.,1.,0.));
#914 = ORIENTED_EDGE('',*,*,#915,.T.);
#915 = EDGE_CURVE('',#908,#916,#918,.T.);
#916 = VERTEX_POINT('',#917);
#917 = CARTESIAN_POINT('',(-1.,0.6,0.405));
#918 = LINE('',#919,#920);
#919 = CARTESIAN_POINT('',(-1.,0.6,0.));
#920 = VECTOR('',#921,1.);
#921 = DIRECTION('',(0.,0.,1.));
#922 = ORIENTED_EDGE('',*,*,#923,.F.);
#923 = EDGE_CURVE('',#900,#916,#924,.T.);
#924 = LINE('',#925,#926);
#925 = CARTESIAN_POINT('',(-1.,-0.6,0.405));
#926 = VECTOR('',#927,1.);
#927 = DIRECTION('',(0.,1.,0.));
#928 = PLANE('',#929);
#929 = AXIS2_PLACEMENT_3D('',#930,#931,#932);
#930 = CARTESIAN_POINT('',(-1.,-0.6,0.));
#931 = DIRECTION('',(1.,0.,0.));
#932 = DIRECTION('',(0.,0.,1.));
#933 = ADVANCED_FACE('',(#934),#1011,.F.);
#934 = FACE_BOUND('',#935,.F.);
#935 = EDGE_LOOP('',(#936,#946,#953,#954,#963,#971,#980,#988,#996,#1004)
  );
#936 = ORIENTED_EDGE('',*,*,#937,.F.);
#937 = EDGE_CURVE('',#938,#940,#942,.T.);
#938 = VERTEX_POINT('',#939);
#939 = CARTESIAN_POINT('',(-0.955,-0.6,-2.775557561563E-17));
#940 = VERTEX_POINT('',#941);
#941 = CARTESIAN_POINT('',(-0.745,-0.6,-2.775557561563E-17));
#942 = LINE('',#943,#944);
#943 = CARTESIAN_POINT('',(-1.,-0.6,0.));
#944 = VECTOR('',#945,1.);
#945 = DIRECTION('',(1.,0.,0.));
#946 = ORIENTED_EDGE('',*,*,#947,.F.);
#947 = EDGE_CURVE('',#898,#938,#948,.T.);
#948 = CIRCLE('',#949,4.5E-02);
#949 = AXIS2_PLACEMENT_3D('',#950,#951,#952);
#950 = CARTESIAN_POINT('',(-0.955,-0.6,4.5E-02));
#951 = DIRECTION('',(0.,-1.,0.));
#952 = DIRECTION('',(0.,0.,1.));
#953 = ORIENTED_EDGE('',*,*,#897,.T.);
#954 = ORIENTED_EDGE('',*,*,#955,.T.);
#955 = EDGE_CURVE('',#900,#956,#958,.T.);
#956 = VERTEX_POINT('',#957);
#957 = CARTESIAN_POINT('',(-0.955,-0.6,0.45));
#958 = CIRCLE('',#959,4.5E-02);
#959 = AXIS2_PLACEMENT_3D('',#960,#961,#962);
#960 = CARTESIAN_POINT('',(-0.955,-0.6,0.405));
#961 = DIRECTION('',(0.,1.,0.));
#962 = DIRECTION('',(0.,-0.,1.));
#963 = ORIENTED_EDGE('',*,*,#964,.T.);
#964 = EDGE_CURVE('',#956,#965,#967,.T.);
#965 = VERTEX_POINT('',#966);
#966 = CARTESIAN_POINT('',(-0.745,-0.6,0.45));
#967 = LINE('',#968,#969);
#968 = CARTESIAN_POINT('',(-1.,-0.6,0.45));
#969 = VECTOR('',#970,1.);
#970 = DIRECTION('',(1.,0.,0.));
#971 = ORIENTED_EDGE('',*,*,#972,.F.);
#972 = EDGE_CURVE('',#973,#965,#975,.T.);
#973 = VERTEX_POINT('',#974);
#974 = CARTESIAN_POINT('',(-0.7,-0.6,0.405));
#975 = CIRCLE('',#976,4.5E-02);
#976 = AXIS2_PLACEMENT_3D('',#977,#978,#979);
#977 = CARTESIAN_POINT('',(-0.745,-0.6,0.405));
#978 = DIRECTION('',(0.,-1.,0.));
#979 = DIRECTION('',(0.,0.,1.));
#980 = ORIENTED_EDGE('',*,*,#981,.F.);
#981 = EDGE_CURVE('',#982,#973,#984,.T.);
#982 = VERTEX_POINT('',#983);
#983 = CARTESIAN_POINT('',(-0.955,-0.6,0.405));
#984 = LINE('',#985,#986);
#985 = CARTESIAN_POINT('',(-0.955,-0.6,0.405));
#986 = VECTOR('',#987,1.);
#987 = DIRECTION('',(1.,0.,0.));
#988 = ORIENTED_EDGE('',*,*,#989,.F.);
#989 = EDGE_CURVE('',#990,#982,#992,.T.);
#990 = VERTEX_POINT('',#991);
#991 = CARTESIAN_POINT('',(-0.955,-0.6,4.5E-02));
#992 = LINE('',#993,#994);
#993 = CARTESIAN_POINT('',(-0.955,-0.6,4.5E-02));
#994 = VECTOR('',#995,1.);
#995 = DIRECTION('',(0.,0.,1.));
#996 = ORIENTED_EDGE('',*,*,#997,.T.);
#997 = EDGE_CURVE('',#990,#998,#1000,.T.);
#998 = VERTEX_POINT('',#999);
#999 = CARTESIAN_POINT('',(-0.7,-0.6,4.5E-02));
#1000 = LINE('',#1001,#1002);
#1001 = CARTESIAN_POINT('',(-0.955,-0.6,4.5E-02));
#1002 = VECTOR('',#1003,1.);
#1003 = DIRECTION('',(1.,0.,0.));
#1004 = ORIENTED_EDGE('',*,*,#1005,.T.);
#1005 = EDGE_CURVE('',#998,#940,#1006,.T.);
#1006 = CIRCLE('',#1007,4.5E-02);
#1007 = AXIS2_PLACEMENT_3D('',#1008,#1009,#1010);
#1008 = CARTESIAN_POINT('',(-0.745,-0.6,4.5E-02));
#1009 = DIRECTION('',(0.,1.,0.));
#1010 = DIRECTION('',(0.,-0.,1.));
#1011 = PLANE('',#1012);
#1012 = AXIS2_PLACEMENT_3D('',#1013,#1014,#1015);
#1013 = CARTESIAN_POINT('',(-1.,-0.6,0.));
#1014 = DIRECTION('',(0.,1.,0.));
#1015 = DIRECTION('',(0.,-0.,1.));
#1016 = ADVANCED_FACE('',(#1017),#1036,.T.);
#1017 = FACE_BOUND('',#1018,.T.);
#1018 = EDGE_LOOP('',(#1019,#1020,#1029,#1035));
#1019 = ORIENTED_EDGE('',*,*,#907,.T.);
#1020 = ORIENTED_EDGE('',*,*,#1021,.T.);
#1021 = EDGE_CURVE('',#908,#1022,#1024,.T.);
#1022 = VERTEX_POINT('',#1023);
#1023 = CARTESIAN_POINT('',(-0.955,0.6,-2.775557561563E-17));
#1024 = CIRCLE('',#1025,4.5E-02);
#1025 = AXIS2_PLACEMENT_3D('',#1026,#1027,#1028);
#1026 = CARTESIAN_POINT('',(-0.955,0.6,4.5E-02));
#1027 = DIRECTION('',(0.,-1.,0.));
#1028 = DIRECTION('',(0.,0.,1.));
#1029 = ORIENTED_EDGE('',*,*,#1030,.F.);
#1030 = EDGE_CURVE('',#938,#1022,#1031,.T.);
#1031 = LINE('',#1032,#1033);
#1032 = CARTESIAN_POINT('',(-0.955,-0.6,-2.775557561563E-17));
#1033 = VECTOR('',#1034,1.);
#1034 = DIRECTION('',(0.,1.,0.));
#1035 = ORIENTED_EDGE('',*,*,#947,.F.);
#1036 = CYLINDRICAL_SURFACE('',#1037,4.5E-02);
#1037 = AXIS2_PLACEMENT_3D('',#1038,#1039,#1040);
#1038 = CARTESIAN_POINT('',(-0.955,-0.6,4.5E-02));
#1039 = DIRECTION('',(0.,1.,0.));
#1040 = DIRECTION('',(-1.,0.,0.));
#1041 = ADVANCED_FACE('',(#1042),#1061,.T.);
#1042 = FACE_BOUND('',#1043,.T.);
#1043 = EDGE_LOOP('',(#1044,#1045,#1053,#1060));
#1044 = ORIENTED_EDGE('',*,*,#955,.T.);
#1045 = ORIENTED_EDGE('',*,*,#1046,.T.);
#1046 = EDGE_CURVE('',#956,#1047,#1049,.T.);
#1047 = VERTEX_POINT('',#1048);
#1048 = CARTESIAN_POINT('',(-0.955,0.6,0.45));
#1049 = LINE('',#1050,#1051);
#1050 = CARTESIAN_POINT('',(-0.955,-0.6,0.45));
#1051 = VECTOR('',#1052,1.);
#1052 = DIRECTION('',(0.,1.,0.));
#1053 = ORIENTED_EDGE('',*,*,#1054,.F.);
#1054 = EDGE_CURVE('',#916,#1047,#1055,.T.);
#1055 = CIRCLE('',#1056,4.5E-02);
#1056 = AXIS2_PLACEMENT_3D('',#1057,#1058,#1059);
#1057 = CARTESIAN_POINT('',(-0.955,0.6,0.405));
#1058 = DIRECTION('',(0.,1.,0.));
#1059 = DIRECTION('',(0.,-0.,1.));
#1060 = ORIENTED_EDGE('',*,*,#923,.F.);
#1061 = CYLINDRICAL_SURFACE('',#1062,4.5E-02);
#1062 = AXIS2_PLACEMENT_3D('',#1063,#1064,#1065);
#1063 = CARTESIAN_POINT('',(-0.955,-0.6,0.405));
#1064 = DIRECTION('',(0.,1.,0.));
#1065 = DIRECTION('',(-1.,0.,0.));
#1066 = ADVANCED_FACE('',(#1067),#1128,.T.);
#1067 = FACE_BOUND('',#1068,.T.);
#1068 = EDGE_LOOP('',(#1069,#1077,#1078,#1079,#1080,#1088,#1097,#1105,
    #1113,#1121));
#1069 = ORIENTED_EDGE('',*,*,#1070,.F.);
#1070 = EDGE_CURVE('',#1022,#1071,#1073,.T.);
#1071 = VERTEX_POINT('',#1072);
#1072 = CARTESIAN_POINT('',(-0.745,0.6,-2.775557561563E-17));
#1073 = LINE('',#1074,#1075);
#1074 = CARTESIAN_POINT('',(-1.,0.6,0.));
#1075 = VECTOR('',#1076,1.);
#1076 = DIRECTION('',(1.,0.,0.));
#1077 = ORIENTED_EDGE('',*,*,#1021,.F.);
#1078 = ORIENTED_EDGE('',*,*,#915,.T.);
#1079 = ORIENTED_EDGE('',*,*,#1054,.T.);
#1080 = ORIENTED_EDGE('',*,*,#1081,.T.);
#1081 = EDGE_CURVE('',#1047,#1082,#1084,.T.);
#1082 = VERTEX_POINT('',#1083);
#1083 = CARTESIAN_POINT('',(-0.745,0.6,0.45));
#1084 = LINE('',#1085,#1086);
#1085 = CARTESIAN_POINT('',(-1.,0.6,0.45));
#1086 = VECTOR('',#1087,1.);
#1087 = DIRECTION('',(1.,0.,0.));
#1088 = ORIENTED_EDGE('',*,*,#1089,.F.);
#1089 = EDGE_CURVE('',#1090,#1082,#1092,.T.);
#1090 = VERTEX_POINT('',#1091);
#1091 = CARTESIAN_POINT('',(-0.7,0.6,0.405));
#1092 = CIRCLE('',#1093,4.5E-02);
#1093 = AXIS2_PLACEMENT_3D('',#1094,#1095,#1096);
#1094 = CARTESIAN_POINT('',(-0.745,0.6,0.405));
#1095 = DIRECTION('',(0.,-1.,0.));
#1096 = DIRECTION('',(0.,0.,1.));
#1097 = ORIENTED_EDGE('',*,*,#1098,.F.);
#1098 = EDGE_CURVE('',#1099,#1090,#1101,.T.);
#1099 = VERTEX_POINT('',#1100);
#1100 = CARTESIAN_POINT('',(-0.955,0.6,0.405));
#1101 = LINE('',#1102,#1103);
#1102 = CARTESIAN_POINT('',(-0.955,0.6,0.405));
#1103 = VECTOR('',#1104,1.);
#1104 = DIRECTION('',(1.,0.,0.));
#1105 = ORIENTED_EDGE('',*,*,#1106,.F.);
#1106 = EDGE_CURVE('',#1107,#1099,#1109,.T.);
#1107 = VERTEX_POINT('',#1108);
#1108 = CARTESIAN_POINT('',(-0.955,0.6,4.5E-02));
#1109 = LINE('',#1110,#1111);
#1110 = CARTESIAN_POINT('',(-0.955,0.6,4.5E-02));
#1111 = VECTOR('',#1112,1.);
#1112 = DIRECTION('',(0.,0.,1.));
#1113 = ORIENTED_EDGE('',*,*,#1114,.T.);
#1114 = EDGE_CURVE('',#1107,#1115,#1117,.T.);
#1115 = VERTEX_POINT('',#1116);
#1116 = CARTESIAN_POINT('',(-0.7,0.6,4.5E-02));
#1117 = LINE('',#1118,#1119);
#1118 = CARTESIAN_POINT('',(-0.955,0.6,4.5E-02));
#1119 = VECTOR('',#1120,1.);
#1120 = DIRECTION('',(1.,0.,0.));
#1121 = ORIENTED_EDGE('',*,*,#1122,.T.);
#1122 = EDGE_CURVE('',#1115,#1071,#1123,.T.);
#1123 = CIRCLE('',#1124,4.5E-02);
#1124 = AXIS2_PLACEMENT_3D('',#1125,#1126,#1127);
#1125 = CARTESIAN_POINT('',(-0.745,0.6,4.5E-02));
#1126 = DIRECTION('',(0.,1.,0.));
#1127 = DIRECTION('',(0.,-0.,1.));
#1128 = PLANE('',#1129);
#1129 = AXIS2_PLACEMENT_3D('',#1130,#1131,#1132);
#1130 = CARTESIAN_POINT('',(-1.,0.6,0.));
#1131 = DIRECTION('',(0.,1.,0.));
#1132 = DIRECTION('',(0.,-0.,1.));
#1133 = ADVANCED_FACE('',(#1134),#1145,.F.);
#1134 = FACE_BOUND('',#1135,.F.);
#1135 = EDGE_LOOP('',(#1136,#1137,#1138,#1139));
#1136 = ORIENTED_EDGE('',*,*,#1070,.F.);
#1137 = ORIENTED_EDGE('',*,*,#1030,.F.);
#1138 = ORIENTED_EDGE('',*,*,#937,.T.);
#1139 = ORIENTED_EDGE('',*,*,#1140,.T.);
#1140 = EDGE_CURVE('',#940,#1071,#1141,.T.);
#1141 = LINE('',#1142,#1143);
#1142 = CARTESIAN_POINT('',(-0.745,-0.6,-2.775557561563E-17));
#1143 = VECTOR('',#1144,1.);
#1144 = DIRECTION('',(0.,1.,0.));
#1145 = PLANE('',#1146);
#1146 = AXIS2_PLACEMENT_3D('',#1147,#1148,#1149);
#1147 = CARTESIAN_POINT('',(-1.,-0.6,0.));
#1148 = DIRECTION('',(0.,0.,1.));
#1149 = DIRECTION('',(1.,0.,-0.));
#1150 = ADVANCED_FACE('',(#1151),#1162,.T.);
#1151 = FACE_BOUND('',#1152,.T.);
#1152 = EDGE_LOOP('',(#1153,#1154,#1155,#1156));
#1153 = ORIENTED_EDGE('',*,*,#1005,.T.);
#1154 = ORIENTED_EDGE('',*,*,#1140,.T.);
#1155 = ORIENTED_EDGE('',*,*,#1122,.F.);
#1156 = ORIENTED_EDGE('',*,*,#1157,.F.);
#1157 = EDGE_CURVE('',#998,#1115,#1158,.T.);
#1158 = LINE('',#1159,#1160);
#1159 = CARTESIAN_POINT('',(-0.7,-0.6,4.5E-02));
#1160 = VECTOR('',#1161,1.);
#1161 = DIRECTION('',(0.,1.,0.));
#1162 = CYLINDRICAL_SURFACE('',#1163,4.5E-02);
#1163 = AXIS2_PLACEMENT_3D('',#1164,#1165,#1166);
#1164 = CARTESIAN_POINT('',(-0.745,-0.6,4.5E-02));
#1165 = DIRECTION('',(0.,1.,0.));
#1166 = DIRECTION('',(1.,0.,0.));
#1167 = ADVANCED_FACE('',(#1168),#1211,.F.);
#1168 = FACE_BOUND('',#1169,.F.);
#1169 = EDGE_LOOP('',(#1170,#1171,#1172,#1173,#1181,#1189,#1197,#1205));
#1170 = ORIENTED_EDGE('',*,*,#997,.F.);
#1171 = ORIENTED_EDGE('',*,*,#989,.T.);
#1172 = ORIENTED_EDGE('',*,*,#981,.T.);
#1173 = ORIENTED_EDGE('',*,*,#1174,.T.);
#1174 = EDGE_CURVE('',#973,#1175,#1177,.T.);
#1175 = VERTEX_POINT('',#1176);
#1176 = CARTESIAN_POINT('',(0.7,-0.6,0.405));
#1177 = LINE('',#1178,#1179);
#1178 = CARTESIAN_POINT('',(-0.7,-0.6,0.405));
#1179 = VECTOR('',#1180,1.);
#1180 = DIRECTION('',(1.,0.,0.));
#1181 = ORIENTED_EDGE('',*,*,#1182,.T.);
#1182 = EDGE_CURVE('',#1175,#1183,#1185,.T.);
#1183 = VERTEX_POINT('',#1184);
#1184 = CARTESIAN_POINT('',(0.955,-0.6,0.405));
#1185 = LINE('',#1186,#1187);
#1186 = CARTESIAN_POINT('',(-0.955,-0.6,0.405));
#1187 = VECTOR('',#1188,1.);
#1188 = DIRECTION('',(1.,0.,0.));
#1189 = ORIENTED_EDGE('',*,*,#1190,.F.);
#1190 = EDGE_CURVE('',#1191,#1183,#1193,.T.);
#1191 = VERTEX_POINT('',#1192);
#1192 = CARTESIAN_POINT('',(0.955,-0.6,4.5E-02));
#1193 = LINE('',#1194,#1195);
#1194 = CARTESIAN_POINT('',(0.955,-0.6,4.5E-02));
#1195 = VECTOR('',#1196,1.);
#1196 = DIRECTION('',(0.,0.,1.));
#1197 = ORIENTED_EDGE('',*,*,#1198,.F.);
#1198 = EDGE_CURVE('',#1199,#1191,#1201,.T.);
#1199 = VERTEX_POINT('',#1200);
#1200 = CARTESIAN_POINT('',(0.7,-0.6,4.5E-02));
#1201 = LINE('',#1202,#1203);
#1202 = CARTESIAN_POINT('',(-0.955,-0.6,4.5E-02));
#1203 = VECTOR('',#1204,1.);
#1204 = DIRECTION('',(1.,0.,0.));
#1205 = ORIENTED_EDGE('',*,*,#1206,.F.);
#1206 = EDGE_CURVE('',#998,#1199,#1207,.T.);
#1207 = LINE('',#1208,#1209);
#1208 = CARTESIAN_POINT('',(-0.955,-0.6,4.5E-02));
#1209 = VECTOR('',#1210,1.);
#1210 = DIRECTION('',(1.,0.,0.));
#1211 = PLANE('',#1212);
#1212 = AXIS2_PLACEMENT_3D('',#1213,#1214,#1215);
#1213 = CARTESIAN_POINT('',(-0.955,-0.6,4.5E-02));
#1214 = DIRECTION('',(0.,1.,0.));
#1215 = DIRECTION('',(0.,-0.,1.));
#1216 = ADVANCED_FACE('',(#1217),#1228,.T.);
#1217 = FACE_BOUND('',#1218,.T.);
#1218 = EDGE_LOOP('',(#1219,#1220,#1221,#1222));
#1219 = ORIENTED_EDGE('',*,*,#1081,.F.);
#1220 = ORIENTED_EDGE('',*,*,#1046,.F.);
#1221 = ORIENTED_EDGE('',*,*,#964,.T.);
#1222 = ORIENTED_EDGE('',*,*,#1223,.T.);
#1223 = EDGE_CURVE('',#965,#1082,#1224,.T.);
#1224 = LINE('',#1225,#1226);
#1225 = CARTESIAN_POINT('',(-0.745,-0.6,0.45));
#1226 = VECTOR('',#1227,1.);
#1227 = DIRECTION('',(0.,1.,0.));
#1228 = PLANE('',#1229);
#1229 = AXIS2_PLACEMENT_3D('',#1230,#1231,#1232);
#1230 = CARTESIAN_POINT('',(-1.,-0.6,0.45));
#1231 = DIRECTION('',(0.,0.,1.));
#1232 = DIRECTION('',(1.,0.,-0.));
#1233 = ADVANCED_FACE('',(#1234),#1245,.T.);
#1234 = FACE_BOUND('',#1235,.T.);
#1235 = EDGE_LOOP('',(#1236,#1242,#1243,#1244));
#1236 = ORIENTED_EDGE('',*,*,#1237,.T.);
#1237 = EDGE_CURVE('',#973,#1090,#1238,.T.);
#1238 = LINE('',#1239,#1240);
#1239 = CARTESIAN_POINT('',(-0.7,-0.6,0.405));
#1240 = VECTOR('',#1241,1.);
#1241 = DIRECTION('',(0.,1.,0.));
#1242 = ORIENTED_EDGE('',*,*,#1089,.T.);
#1243 = ORIENTED_EDGE('',*,*,#1223,.F.);
#1244 = ORIENTED_EDGE('',*,*,#972,.F.);
#1245 = CYLINDRICAL_SURFACE('',#1246,4.5E-02);
#1246 = AXIS2_PLACEMENT_3D('',#1247,#1248,#1249);
#1247 = CARTESIAN_POINT('',(-0.745,-0.6,0.405));
#1248 = DIRECTION('',(0.,1.,0.));
#1249 = DIRECTION('',(1.,0.,0.));
#1250 = ADVANCED_FACE('',(#1251),#1294,.T.);
#1251 = FACE_BOUND('',#1252,.T.);
#1252 = EDGE_LOOP('',(#1253,#1254,#1255,#1256,#1264,#1272,#1280,#1288));
#1253 = ORIENTED_EDGE('',*,*,#1114,.F.);
#1254 = ORIENTED_EDGE('',*,*,#1106,.T.);
#1255 = ORIENTED_EDGE('',*,*,#1098,.T.);
#1256 = ORIENTED_EDGE('',*,*,#1257,.T.);
#1257 = EDGE_CURVE('',#1090,#1258,#1260,.T.);
#1258 = VERTEX_POINT('',#1259);
#1259 = CARTESIAN_POINT('',(0.7,0.6,0.405));
#1260 = LINE('',#1261,#1262);
#1261 = CARTESIAN_POINT('',(-0.7,0.6,0.405));
#1262 = VECTOR('',#1263,1.);
#1263 = DIRECTION('',(1.,0.,0.));
#1264 = ORIENTED_EDGE('',*,*,#1265,.T.);
#1265 = EDGE_CURVE('',#1258,#1266,#1268,.T.);
#1266 = VERTEX_POINT('',#1267);
#1267 = CARTESIAN_POINT('',(0.955,0.6,0.405));
#1268 = LINE('',#1269,#1270);
#1269 = CARTESIAN_POINT('',(-0.955,0.6,0.405));
#1270 = VECTOR('',#1271,1.);
#1271 = DIRECTION('',(1.,0.,0.));
#1272 = ORIENTED_EDGE('',*,*,#1273,.F.);
#1273 = EDGE_CURVE('',#1274,#1266,#1276,.T.);
#1274 = VERTEX_POINT('',#1275);
#1275 = CARTESIAN_POINT('',(0.955,0.6,4.5E-02));
#1276 = LINE('',#1277,#1278);
#1277 = CARTESIAN_POINT('',(0.955,0.6,4.5E-02));
#1278 = VECTOR('',#1279,1.);
#1279 = DIRECTION('',(0.,0.,1.));
#1280 = ORIENTED_EDGE('',*,*,#1281,.F.);
#1281 = EDGE_CURVE('',#1282,#1274,#1284,.T.);
#1282 = VERTEX_POINT('',#1283);
#1283 = CARTESIAN_POINT('',(0.7,0.6,4.5E-02));
#1284 = LINE('',#1285,#1286);
#1285 = CARTESIAN_POINT('',(-0.955,0.6,4.5E-02));
#1286 = VECTOR('',#1287,1.);
#1287 = DIRECTION('',(1.,0.,0.));
#1288 = ORIENTED_EDGE('',*,*,#1289,.F.);
#1289 = EDGE_CURVE('',#1115,#1282,#1290,.T.);
#1290 = LINE('',#1291,#1292);
#1291 = CARTESIAN_POINT('',(-0.955,0.6,4.5E-02));
#1292 = VECTOR('',#1293,1.);
#1293 = DIRECTION('',(1.,0.,0.));
#1294 = PLANE('',#1295);
#1295 = AXIS2_PLACEMENT_3D('',#1296,#1297,#1298);
#1296 = CARTESIAN_POINT('',(-0.955,0.6,4.5E-02));
#1297 = DIRECTION('',(0.,1.,0.));
#1298 = DIRECTION('',(0.,-0.,1.));
#1299 = ADVANCED_FACE('',(#1300),#1311,.F.);
#1300 = FACE_BOUND('',#1301,.F.);
#1301 = EDGE_LOOP('',(#1302,#1303,#1304,#1310));
#1302 = ORIENTED_EDGE('',*,*,#1157,.F.);
#1303 = ORIENTED_EDGE('',*,*,#1206,.T.);
#1304 = ORIENTED_EDGE('',*,*,#1305,.T.);
#1305 = EDGE_CURVE('',#1199,#1282,#1306,.T.);
#1306 = LINE('',#1307,#1308);
#1307 = CARTESIAN_POINT('',(0.7,-0.6,4.5E-02));
#1308 = VECTOR('',#1309,1.);
#1309 = DIRECTION('',(0.,1.,0.));
#1310 = ORIENTED_EDGE('',*,*,#1289,.F.);
#1311 = PLANE('',#1312);
#1312 = AXIS2_PLACEMENT_3D('',#1313,#1314,#1315);
#1313 = CARTESIAN_POINT('',(-0.955,-0.6,4.5E-02));
#1314 = DIRECTION('',(0.,0.,1.));
#1315 = DIRECTION('',(1.,0.,-0.));
#1316 = ADVANCED_FACE('',(#1317),#1380,.F.);
#1317 = FACE_BOUND('',#1318,.F.);
#1318 = EDGE_LOOP('',(#1319,#1329,#1336,#1337,#1338,#1339,#1348,#1356,
    #1365,#1373));
#1319 = ORIENTED_EDGE('',*,*,#1320,.F.);
#1320 = EDGE_CURVE('',#1321,#1323,#1325,.T.);
#1321 = VERTEX_POINT('',#1322);
#1322 = CARTESIAN_POINT('',(0.745,-0.6,-2.775557561563E-17));
#1323 = VERTEX_POINT('',#1324);
#1324 = CARTESIAN_POINT('',(0.955,-0.6,-2.775557561563E-17));
#1325 = LINE('',#1326,#1327);
#1326 = CARTESIAN_POINT('',(0.7,-0.6,0.));
#1327 = VECTOR('',#1328,1.);
#1328 = DIRECTION('',(1.,0.,0.));
#1329 = ORIENTED_EDGE('',*,*,#1330,.F.);
#1330 = EDGE_CURVE('',#1199,#1321,#1331,.T.);
#1331 = CIRCLE('',#1332,4.5E-02);
#1332 = AXIS2_PLACEMENT_3D('',#1333,#1334,#1335);
#1333 = CARTESIAN_POINT('',(0.745,-0.6,4.5E-02));
#1334 = DIRECTION('',(0.,-1.,0.));
#1335 = DIRECTION('',(0.,0.,1.));
#1336 = ORIENTED_EDGE('',*,*,#1198,.T.);
#1337 = ORIENTED_EDGE('',*,*,#1190,.T.);
#1338 = ORIENTED_EDGE('',*,*,#1182,.F.);
#1339 = ORIENTED_EDGE('',*,*,#1340,.T.);
#1340 = EDGE_CURVE('',#1175,#1341,#1343,.T.);
#1341 = VERTEX_POINT('',#1342);
#1342 = CARTESIAN_POINT('',(0.745,-0.6,0.45));
#1343 = CIRCLE('',#1344,4.5E-02);
#1344 = AXIS2_PLACEMENT_3D('',#1345,#1346,#1347);
#1345 = CARTESIAN_POINT('',(0.745,-0.6,0.405));
#1346 = DIRECTION('',(0.,1.,0.));
#1347 = DIRECTION('',(0.,-0.,1.));
#1348 = ORIENTED_EDGE('',*,*,#1349,.T.);
#1349 = EDGE_CURVE('',#1341,#1350,#1352,.T.);
#1350 = VERTEX_POINT('',#1351);
#1351 = CARTESIAN_POINT('',(0.955,-0.6,0.45));
#1352 = LINE('',#1353,#1354);
#1353 = CARTESIAN_POINT('',(0.7,-0.6,0.45));
#1354 = VECTOR('',#1355,1.);
#1355 = DIRECTION('',(1.,0.,0.));
#1356 = ORIENTED_EDGE('',*,*,#1357,.F.);
#1357 = EDGE_CURVE('',#1358,#1350,#1360,.T.);
#1358 = VERTEX_POINT('',#1359);
#1359 = CARTESIAN_POINT('',(1.,-0.6,0.405));
#1360 = CIRCLE('',#1361,4.5E-02);
#1361 = AXIS2_PLACEMENT_3D('',#1362,#1363,#1364);
#1362 = CARTESIAN_POINT('',(0.955,-0.6,0.405));
#1363 = DIRECTION('',(0.,-1.,0.));
#1364 = DIRECTION('',(0.,0.,1.));
#1365 = ORIENTED_EDGE('',*,*,#1366,.F.);
#1366 = EDGE_CURVE('',#1367,#1358,#1369,.T.);
#1367 = VERTEX_POINT('',#1368);
#1368 = CARTESIAN_POINT('',(1.,-0.6,4.5E-02));
#1369 = LINE('',#1370,#1371);
#1370 = CARTESIAN_POINT('',(1.,-0.6,0.));
#1371 = VECTOR('',#1372,1.);
#1372 = DIRECTION('',(0.,0.,1.));
#1373 = ORIENTED_EDGE('',*,*,#1374,.T.);
#1374 = EDGE_CURVE('',#1367,#1323,#1375,.T.);
#1375 = CIRCLE('',#1376,4.5E-02);
#1376 = AXIS2_PLACEMENT_3D('',#1377,#1378,#1379);
#1377 = CARTESIAN_POINT('',(0.955,-0.6,4.5E-02));
#1378 = DIRECTION('',(0.,1.,0.));
#1379 = DIRECTION('',(0.,-0.,1.));
#1380 = PLANE('',#1381);
#1381 = AXIS2_PLACEMENT_3D('',#1382,#1383,#1384);
#1382 = CARTESIAN_POINT('',(0.7,-0.6,0.));
#1383 = DIRECTION('',(0.,1.,0.));
#1384 = DIRECTION('',(0.,-0.,1.));
#1385 = ADVANCED_FACE('',(#1386),#1411,.F.);
#1386 = FACE_BOUND('',#1387,.F.);
#1387 = EDGE_LOOP('',(#1388,#1389,#1397,#1405));
#1388 = ORIENTED_EDGE('',*,*,#1174,.F.);
#1389 = ORIENTED_EDGE('',*,*,#1390,.T.);
#1390 = EDGE_CURVE('',#973,#1391,#1393,.T.);
#1391 = VERTEX_POINT('',#1392);
#1392 = CARTESIAN_POINT('',(-0.7,-0.6,0.45));
#1393 = LINE('',#1394,#1395);
#1394 = CARTESIAN_POINT('',(-0.7,-0.6,0.405));
#1395 = VECTOR('',#1396,1.);
#1396 = DIRECTION('',(0.,0.,1.));
#1397 = ORIENTED_EDGE('',*,*,#1398,.T.);
#1398 = EDGE_CURVE('',#1391,#1399,#1401,.T.);
#1399 = VERTEX_POINT('',#1400);
#1400 = CARTESIAN_POINT('',(0.7,-0.6,0.45));
#1401 = LINE('',#1402,#1403);
#1402 = CARTESIAN_POINT('',(-0.7,-0.6,0.45));
#1403 = VECTOR('',#1404,1.);
#1404 = DIRECTION('',(1.,0.,0.));
#1405 = ORIENTED_EDGE('',*,*,#1406,.F.);
#1406 = EDGE_CURVE('',#1175,#1399,#1407,.T.);
#1407 = LINE('',#1408,#1409);
#1408 = CARTESIAN_POINT('',(0.7,-0.6,0.405));
#1409 = VECTOR('',#1410,1.);
#1410 = DIRECTION('',(0.,0.,1.));
#1411 = PLANE('',#1412);
#1412 = AXIS2_PLACEMENT_3D('',#1413,#1414,#1415);
#1413 = CARTESIAN_POINT('',(-0.7,-0.6,0.405));
#1414 = DIRECTION('',(0.,1.,0.));
#1415 = DIRECTION('',(0.,-0.,1.));
#1416 = ADVANCED_FACE('',(#1417),#1435,.F.);
#1417 = FACE_BOUND('',#1418,.F.);
#1418 = EDGE_LOOP('',(#1419,#1420,#1421,#1429));
#1419 = ORIENTED_EDGE('',*,*,#1390,.F.);
#1420 = ORIENTED_EDGE('',*,*,#1237,.T.);
#1421 = ORIENTED_EDGE('',*,*,#1422,.T.);
#1422 = EDGE_CURVE('',#1090,#1423,#1425,.T.);
#1423 = VERTEX_POINT('',#1424);
#1424 = CARTESIAN_POINT('',(-0.7,0.6,0.45));
#1425 = LINE('',#1426,#1427);
#1426 = CARTESIAN_POINT('',(-0.7,0.6,0.405));
#1427 = VECTOR('',#1428,1.);
#1428 = DIRECTION('',(0.,0.,1.));
#1429 = ORIENTED_EDGE('',*,*,#1430,.F.);
#1430 = EDGE_CURVE('',#1391,#1423,#1431,.T.);
#1431 = LINE('',#1432,#1433);
#1432 = CARTESIAN_POINT('',(-0.7,-0.6,0.45));
#1433 = VECTOR('',#1434,1.);
#1434 = DIRECTION('',(0.,1.,0.));
#1435 = PLANE('',#1436);
#1436 = AXIS2_PLACEMENT_3D('',#1437,#1438,#1439);
#1437 = CARTESIAN_POINT('',(-0.7,-0.6,0.405));
#1438 = DIRECTION('',(1.,0.,0.));
#1439 = DIRECTION('',(0.,0.,1.));
#1440 = ADVANCED_FACE('',(#1441),#1504,.T.);
#1441 = FACE_BOUND('',#1442,.T.);
#1442 = EDGE_LOOP('',(#1443,#1453,#1460,#1461,#1462,#1463,#1472,#1480,
    #1489,#1497));
#1443 = ORIENTED_EDGE('',*,*,#1444,.F.);
#1444 = EDGE_CURVE('',#1445,#1447,#1449,.T.);
#1445 = VERTEX_POINT('',#1446);
#1446 = CARTESIAN_POINT('',(0.745,0.6,-2.775557561563E-17));
#1447 = VERTEX_POINT('',#1448);
#1448 = CARTESIAN_POINT('',(0.955,0.6,-2.775557561563E-17));
#1449 = LINE('',#1450,#1451);
#1450 = CARTESIAN_POINT('',(0.7,0.6,0.));
#1451 = VECTOR('',#1452,1.);
#1452 = DIRECTION('',(1.,0.,0.));
#1453 = ORIENTED_EDGE('',*,*,#1454,.F.);
#1454 = EDGE_CURVE('',#1282,#1445,#1455,.T.);
#1455 = CIRCLE('',#1456,4.5E-02);
#1456 = AXIS2_PLACEMENT_3D('',#1457,#1458,#1459);
#1457 = CARTESIAN_POINT('',(0.745,0.6,4.5E-02));
#1458 = DIRECTION('',(0.,-1.,0.));
#1459 = DIRECTION('',(0.,0.,1.));
#1460 = ORIENTED_EDGE('',*,*,#1281,.T.);
#1461 = ORIENTED_EDGE('',*,*,#1273,.T.);
#1462 = ORIENTED_EDGE('',*,*,#1265,.F.);
#1463 = ORIENTED_EDGE('',*,*,#1464,.T.);
#1464 = EDGE_CURVE('',#1258,#1465,#1467,.T.);
#1465 = VERTEX_POINT('',#1466);
#1466 = CARTESIAN_POINT('',(0.745,0.6,0.45));
#1467 = CIRCLE('',#1468,4.5E-02);
#1468 = AXIS2_PLACEMENT_3D('',#1469,#1470,#1471);
#1469 = CARTESIAN_POINT('',(0.745,0.6,0.405));
#1470 = DIRECTION('',(0.,1.,0.));
#1471 = DIRECTION('',(0.,-0.,1.));
#1472 = ORIENTED_EDGE('',*,*,#1473,.T.);
#1473 = EDGE_CURVE('',#1465,#1474,#1476,.T.);
#1474 = VERTEX_POINT('',#1475);
#1475 = CARTESIAN_POINT('',(0.955,0.6,0.45));
#1476 = LINE('',#1477,#1478);
#1477 = CARTESIAN_POINT('',(0.7,0.6,0.45));
#1478 = VECTOR('',#1479,1.);
#1479 = DIRECTION('',(1.,0.,0.));
#1480 = ORIENTED_EDGE('',*,*,#1481,.F.);
#1481 = EDGE_CURVE('',#1482,#1474,#1484,.T.);
#1482 = VERTEX_POINT('',#1483);
#1483 = CARTESIAN_POINT('',(1.,0.6,0.405));
#1484 = CIRCLE('',#1485,4.5E-02);
#1485 = AXIS2_PLACEMENT_3D('',#1486,#1487,#1488);
#1486 = CARTESIAN_POINT('',(0.955,0.6,0.405));
#1487 = DIRECTION('',(0.,-1.,0.));
#1488 = DIRECTION('',(0.,0.,1.));
#1489 = ORIENTED_EDGE('',*,*,#1490,.F.);
#1490 = EDGE_CURVE('',#1491,#1482,#1493,.T.);
#1491 = VERTEX_POINT('',#1492);
#1492 = CARTESIAN_POINT('',(1.,0.6,4.5E-02));
#1493 = LINE('',#1494,#1495);
#1494 = CARTESIAN_POINT('',(1.,0.6,0.));
#1495 = VECTOR('',#1496,1.);
#1496 = DIRECTION('',(0.,0.,1.));
#1497 = ORIENTED_EDGE('',*,*,#1498,.T.);
#1498 = EDGE_CURVE('',#1491,#1447,#1499,.T.);
#1499 = CIRCLE('',#1500,4.5E-02);
#1500 = AXIS2_PLACEMENT_3D('',#1501,#1502,#1503);
#1501 = CARTESIAN_POINT('',(0.955,0.6,4.5E-02));
#1502 = DIRECTION('',(0.,1.,0.));
#1503 = DIRECTION('',(0.,-0.,1.));
#1504 = PLANE('',#1505);
#1505 = AXIS2_PLACEMENT_3D('',#1506,#1507,#1508);
#1506 = CARTESIAN_POINT('',(0.7,0.6,0.));
#1507 = DIRECTION('',(0.,1.,0.));
#1508 = DIRECTION('',(0.,-0.,1.));
#1509 = ADVANCED_FACE('',(#1510),#1528,.T.);
#1510 = FACE_BOUND('',#1511,.T.);
#1511 = EDGE_LOOP('',(#1512,#1513,#1514,#1522));
#1512 = ORIENTED_EDGE('',*,*,#1257,.F.);
#1513 = ORIENTED_EDGE('',*,*,#1422,.T.);
#1514 = ORIENTED_EDGE('',*,*,#1515,.T.);
#1515 = EDGE_CURVE('',#1423,#1516,#1518,.T.);
#1516 = VERTEX_POINT('',#1517);
#1517 = CARTESIAN_POINT('',(0.7,0.6,0.45));
#1518 = LINE('',#1519,#1520);
#1519 = CARTESIAN_POINT('',(-0.7,0.6,0.45));
#1520 = VECTOR('',#1521,1.);
#1521 = DIRECTION('',(1.,0.,0.));
#1522 = ORIENTED_EDGE('',*,*,#1523,.F.);
#1523 = EDGE_CURVE('',#1258,#1516,#1524,.T.);
#1524 = LINE('',#1525,#1526);
#1525 = CARTESIAN_POINT('',(0.7,0.6,0.405));
#1526 = VECTOR('',#1527,1.);
#1527 = DIRECTION('',(0.,0.,1.));
#1528 = PLANE('',#1529);
#1529 = AXIS2_PLACEMENT_3D('',#1530,#1531,#1532);
#1530 = CARTESIAN_POINT('',(-0.7,0.6,0.405));
#1531 = DIRECTION('',(0.,1.,0.));
#1532 = DIRECTION('',(0.,-0.,1.));
#1533 = ADVANCED_FACE('',(#1534),#1545,.T.);
#1534 = FACE_BOUND('',#1535,.T.);
#1535 = EDGE_LOOP('',(#1536,#1537,#1538,#1544));
#1536 = ORIENTED_EDGE('',*,*,#1305,.T.);
#1537 = ORIENTED_EDGE('',*,*,#1454,.T.);
#1538 = ORIENTED_EDGE('',*,*,#1539,.F.);
#1539 = EDGE_CURVE('',#1321,#1445,#1540,.T.);
#1540 = LINE('',#1541,#1542);
#1541 = CARTESIAN_POINT('',(0.745,-0.6,-2.775557561563E-17));
#1542 = VECTOR('',#1543,1.);
#1543 = DIRECTION('',(0.,1.,0.));
#1544 = ORIENTED_EDGE('',*,*,#1330,.F.);
#1545 = CYLINDRICAL_SURFACE('',#1546,4.5E-02);
#1546 = AXIS2_PLACEMENT_3D('',#1547,#1548,#1549);
#1547 = CARTESIAN_POINT('',(0.745,-0.6,4.5E-02));
#1548 = DIRECTION('',(0.,1.,0.));
#1549 = DIRECTION('',(-1.,0.,0.));
#1550 = ADVANCED_FACE('',(#1551),#1562,.F.);
#1551 = FACE_BOUND('',#1552,.F.);
#1552 = EDGE_LOOP('',(#1553,#1554,#1555,#1556));
#1553 = ORIENTED_EDGE('',*,*,#1444,.F.);
#1554 = ORIENTED_EDGE('',*,*,#1539,.F.);
#1555 = ORIENTED_EDGE('',*,*,#1320,.T.);
#1556 = ORIENTED_EDGE('',*,*,#1557,.T.);
#1557 = EDGE_CURVE('',#1323,#1447,#1558,.T.);
#1558 = LINE('',#1559,#1560);
#1559 = CARTESIAN_POINT('',(0.955,-0.6,-2.775557561563E-17));
#1560 = VECTOR('',#1561,1.);
#1561 = DIRECTION('',(0.,1.,0.));
#1562 = PLANE('',#1563);
#1563 = AXIS2_PLACEMENT_3D('',#1564,#1565,#1566);
#1564 = CARTESIAN_POINT('',(0.7,-0.6,0.));
#1565 = DIRECTION('',(0.,0.,1.));
#1566 = DIRECTION('',(1.,0.,-0.));
#1567 = ADVANCED_FACE('',(#1568),#1579,.T.);
#1568 = FACE_BOUND('',#1569,.T.);
#1569 = EDGE_LOOP('',(#1570,#1571,#1572,#1573));
#1570 = ORIENTED_EDGE('',*,*,#1374,.T.);
#1571 = ORIENTED_EDGE('',*,*,#1557,.T.);
#1572 = ORIENTED_EDGE('',*,*,#1498,.F.);
#1573 = ORIENTED_EDGE('',*,*,#1574,.F.);
#1574 = EDGE_CURVE('',#1367,#1491,#1575,.T.);
#1575 = LINE('',#1576,#1577);
#1576 = CARTESIAN_POINT('',(1.,-0.6,4.5E-02));
#1577 = VECTOR('',#1578,1.);
#1578 = DIRECTION('',(0.,1.,0.));
#1579 = CYLINDRICAL_SURFACE('',#1580,4.5E-02);
#1580 = AXIS2_PLACEMENT_3D('',#1581,#1582,#1583);
#1581 = CARTESIAN_POINT('',(0.955,-0.6,4.5E-02));
#1582 = DIRECTION('',(0.,1.,0.));
#1583 = DIRECTION('',(1.,0.,0.));
#1584 = ADVANCED_FACE('',(#1585),#1596,.T.);
#1585 = FACE_BOUND('',#1586,.T.);
#1586 = EDGE_LOOP('',(#1587,#1588,#1589,#1590));
#1587 = ORIENTED_EDGE('',*,*,#1366,.F.);
#1588 = ORIENTED_EDGE('',*,*,#1574,.T.);
#1589 = ORIENTED_EDGE('',*,*,#1490,.T.);
#1590 = ORIENTED_EDGE('',*,*,#1591,.F.);
#1591 = EDGE_CURVE('',#1358,#1482,#1592,.T.);
#1592 = LINE('',#1593,#1594);
#1593 = CARTESIAN_POINT('',(1.,-0.6,0.405));
#1594 = VECTOR('',#1595,1.);
#1595 = DIRECTION('',(0.,1.,0.));
#1596 = PLANE('',#1597);
#1597 = AXIS2_PLACEMENT_3D('',#1598,#1599,#1600);
#1598 = CARTESIAN_POINT('',(1.,-0.6,0.));
#1599 = DIRECTION('',(1.,0.,0.));
#1600 = DIRECTION('',(0.,0.,1.));
#1601 = ADVANCED_FACE('',(#1602),#1613,.T.);
#1602 = FACE_BOUND('',#1603,.T.);
#1603 = EDGE_LOOP('',(#1604,#1605,#1606,#1612));
#1604 = ORIENTED_EDGE('',*,*,#1591,.T.);
#1605 = ORIENTED_EDGE('',*,*,#1481,.T.);
#1606 = ORIENTED_EDGE('',*,*,#1607,.F.);
#1607 = EDGE_CURVE('',#1350,#1474,#1608,.T.);
#1608 = LINE('',#1609,#1610);
#1609 = CARTESIAN_POINT('',(0.955,-0.6,0.45));
#1610 = VECTOR('',#1611,1.);
#1611 = DIRECTION('',(0.,1.,0.));
#1612 = ORIENTED_EDGE('',*,*,#1357,.F.);
#1613 = CYLINDRICAL_SURFACE('',#1614,4.5E-02);
#1614 = AXIS2_PLACEMENT_3D('',#1615,#1616,#1617);
#1615 = CARTESIAN_POINT('',(0.955,-0.6,0.405));
#1616 = DIRECTION('',(0.,1.,0.));
#1617 = DIRECTION('',(1.,0.,0.));
#1618 = ADVANCED_FACE('',(#1619),#1630,.T.);
#1619 = FACE_BOUND('',#1620,.T.);
#1620 = EDGE_LOOP('',(#1621,#1622,#1628,#1629));
#1621 = ORIENTED_EDGE('',*,*,#1473,.F.);
#1622 = ORIENTED_EDGE('',*,*,#1623,.F.);
#1623 = EDGE_CURVE('',#1341,#1465,#1624,.T.);
#1624 = LINE('',#1625,#1626);
#1625 = CARTESIAN_POINT('',(0.745,-0.6,0.45));
#1626 = VECTOR('',#1627,1.);
#1627 = DIRECTION('',(0.,1.,0.));
#1628 = ORIENTED_EDGE('',*,*,#1349,.T.);
#1629 = ORIENTED_EDGE('',*,*,#1607,.T.);
#1630 = PLANE('',#1631);
#1631 = AXIS2_PLACEMENT_3D('',#1632,#1633,#1634);
#1632 = CARTESIAN_POINT('',(0.7,-0.6,0.45));
#1633 = DIRECTION('',(0.,0.,1.));
#1634 = DIRECTION('',(1.,0.,-0.));
#1635 = ADVANCED_FACE('',(#1636),#1647,.T.);
#1636 = FACE_BOUND('',#1637,.T.);
#1637 = EDGE_LOOP('',(#1638,#1639,#1640,#1641));
#1638 = ORIENTED_EDGE('',*,*,#1340,.T.);
#1639 = ORIENTED_EDGE('',*,*,#1623,.T.);
#1640 = ORIENTED_EDGE('',*,*,#1464,.F.);
#1641 = ORIENTED_EDGE('',*,*,#1642,.F.);
#1642 = EDGE_CURVE('',#1175,#1258,#1643,.T.);
#1643 = LINE('',#1644,#1645);
#1644 = CARTESIAN_POINT('',(0.7,-0.6,0.405));
#1645 = VECTOR('',#1646,1.);
#1646 = DIRECTION('',(0.,1.,0.));
#1647 = CYLINDRICAL_SURFACE('',#1648,4.5E-02);
#1648 = AXIS2_PLACEMENT_3D('',#1649,#1650,#1651);
#1649 = CARTESIAN_POINT('',(0.745,-0.6,0.405));
#1650 = DIRECTION('',(0.,1.,0.));
#1651 = DIRECTION('',(-1.,0.,0.));
#1652 = ADVANCED_FACE('',(#1653),#1664,.T.);
#1653 = FACE_BOUND('',#1654,.T.);
#1654 = EDGE_LOOP('',(#1655,#1656,#1657,#1658));
#1655 = ORIENTED_EDGE('',*,*,#1406,.F.);
#1656 = ORIENTED_EDGE('',*,*,#1642,.T.);
#1657 = ORIENTED_EDGE('',*,*,#1523,.T.);
#1658 = ORIENTED_EDGE('',*,*,#1659,.F.);
#1659 = EDGE_CURVE('',#1399,#1516,#1660,.T.);
#1660 = LINE('',#1661,#1662);
#1661 = CARTESIAN_POINT('',(0.7,-0.6,0.45));
#1662 = VECTOR('',#1663,1.);
#1663 = DIRECTION('',(0.,1.,0.));
#1664 = PLANE('',#1665);
#1665 = AXIS2_PLACEMENT_3D('',#1666,#1667,#1668);
#1666 = CARTESIAN_POINT('',(0.7,-0.6,0.405));
#1667 = DIRECTION('',(1.,0.,0.));
#1668 = DIRECTION('',(0.,0.,1.));
#1669 = ADVANCED_FACE('',(#1670),#1676,.T.);
#1670 = FACE_BOUND('',#1671,.T.);
#1671 = EDGE_LOOP('',(#1672,#1673,#1674,#1675));
#1672 = ORIENTED_EDGE('',*,*,#1430,.F.);
#1673 = ORIENTED_EDGE('',*,*,#1398,.T.);
#1674 = ORIENTED_EDGE('',*,*,#1659,.T.);
#1675 = ORIENTED_EDGE('',*,*,#1515,.F.);
#1676 = PLANE('',#1677);
#1677 = AXIS2_PLACEMENT_3D('',#1678,#1679,#1680);
#1678 = CARTESIAN_POINT('',(-0.7,-0.6,0.45));
#1679 = DIRECTION('',(0.,0.,1.));
#1680 = DIRECTION('',(1.,0.,-0.));
#1681 = ( GEOMETRIC_REPRESENTATION_CONTEXT(3) 
GLOBAL_UNCERTAINTY_ASSIGNED_CONTEXT((#1685)) 
GLOBAL_UNIT_ASSIGNED_CONTEXT((#1682,#1683,#1684)) REPRESENTATION_CONTEXT
('Context #1','3D Context with UNIT and UNCERTAINTY') );
#1682 = ( LENGTH_UNIT() NAMED_UNIT(*) SI_UNIT(.MILLI.,.METRE.) );
#1683 = ( NAMED_UNIT(*) PLANE_ANGLE_UNIT() SI_UNIT($,.RADIAN.) );
#1684 = ( NAMED_UNIT(*) SI_UNIT($,.STERADIAN.) SOLID_ANGLE_UNIT() );
#1685 = UNCERTAINTY_MEASURE_WITH_UNIT(LENGTH_MEASURE(1.E-07),#1682,
  'distance_accuracy_value','confusion accuracy');
#1686 = CONTEXT_DEPENDENT_SHAPE_REPRESENTATION(#1687,#1689);
#1687 = ( REPRESENTATION_RELATIONSHIP('','',#890,#10) 
REPRESENTATION_RELATIONSHIP_WITH_TRANSFORMATION(#1688) 
SHAPE_REPRESENTATION_RELATIONSHIP() );
#1688 = ITEM_DEFINED_TRANSFORMATION('','',#11,#23);
#1689 = PRODUCT_DEFINITION_SHAPE('Placement','Placement of an item',
  #1690);
#1690 = NEXT_ASSEMBLY_USAGE_OCCURRENCE('3','R1','',#5,#885,$);
#1691 = PRODUCT_RELATED_PRODUCT_CATEGORY('part',$,(#887));
#1692 = CONTEXT_DEPENDENT_SHAPE_REPRESENTATION(#1693,#1695);
#1693 = ( REPRESENTATION_RELATIONSHIP('','',#890,#10) 
REPRESENTATION_RELATIONSHIP_WITH_TRANSFORMATION(#1694) 
SHAPE_REPRESENTATION_RELATIONSHIP() );
#1694 = ITEM_DEFINED_TRANSFORMATION('','',#11,#27);
#1695 = PRODUCT_DEFINITION_SHAPE('Placement','Placement of an item',
  #1696);
#1696 = NEXT_ASSEMBLY_USAGE_OCCURRENCE('4','R2','',#5,#885,$);
#1697 = SHAPE_DEFINITION_REPRESENTATION(#1698,#1704);
#1698 = PRODUCT_DEFINITION_SHAPE('','',#1699);
#1699 = PRODUCT_DEFINITION('design','',#1700,#1703);
#1700 = PRODUCT_DEFINITION_FORMATION('','',#1701);
#1701 = PRODUCT('Seite_v4.3_copper','Seite_v4.3_copper','',(#1702));
#1702 = PRODUCT_CONTEXT('',#2,'mechanical');
#1703 = PRODUCT_DEFINITION_CONTEXT('part definition',#2,'design');
#1704 = SHAPE_REPRESENTATION('',(#11,#1705,#6567,#7643,#9008,#9795,
    #10871,#18543,#19201),#19859);
#1705 = MANIFOLD_SOLID_BREP('',#1706);
#1706 = CLOSED_SHELL('',(#1707,#1747,#1778,#1809,#2886,#3711,#3728,#3745
    ,#3762,#3779,#3796,#3813,#3830,#3847,#3864,#3881,#3903,#3920,#3937,
    #3954,#3971,#3993,#4010,#4027,#4044,#4061,#4078,#4095,#4112,#4129,
    #4146,#4163,#4180,#4197,#4214,#4231,#4253,#4270,#4287,#4304,#4321,
    #4338,#4355,#4377,#4394,#4411,#4428,#4445,#4462,#4479,#4496,#4513,
    #4530,#4547,#4564,#4581,#4598,#4615,#4632,#4654,#4671,#4688,#4705,
    #4722,#4744,#4761,#4778,#4795,#4817,#4834,#4851,#4868,#4885,#4902,
    #4924,#4941,#4958,#4975,#4992,#5009,#5031,#5048,#5065,#5082,#5099,
    #5116,#5133,#5150,#5162,#5196,#5238,#5287,#5314,#5349,#5377,#5410,
    #5444,#5468,#5496,#5520,#5548,#5572,#5599,#5628,#5655,#5679,#5696,
    #5848,#5865,#5884,#5901,#5932,#5949,#5961,#5985,#6013,#6025,#6045,
    #6062,#6078,#6095,#6112,#6129,#6146,#6163,#6180,#6197,#6214,#6231,
    #6248,#6265,#6282,#6294,#6306,#6349,#6369,#6394,#6419,#6450,#6474,
    #6498,#6515,#6540,#6555));
#1707 = ADVANCED_FACE('',(#1708),#1742,.T.);
#1708 = FACE_BOUND('',#1709,.T.);
#1709 = EDGE_LOOP('',(#1710,#1720,#1728,#1736));
#1710 = ORIENTED_EDGE('',*,*,#1711,.T.);
#1711 = EDGE_CURVE('',#1712,#1714,#1716,.T.);
#1712 = VERTEX_POINT('',#1713);
#1713 = CARTESIAN_POINT('',(-61.53615,12.19416,1.51));
#1714 = VERTEX_POINT('',#1715);
#1715 = CARTESIAN_POINT('',(-61.53615,12.19416,1.545));
#1716 = LINE('',#1717,#1718);
#1717 = CARTESIAN_POINT('',(-61.53615,12.19416,1.51));
#1718 = VECTOR('',#1719,1.);
#1719 = DIRECTION('',(0.,0.,1.));
#1720 = ORIENTED_EDGE('',*,*,#1721,.T.);
#1721 = EDGE_CURVE('',#1714,#1722,#1724,.T.);
#1722 = VERTEX_POINT('',#1723);
#1723 = CARTESIAN_POINT('',(-61.500156,12.199499,1.545));
#1724 = LINE('',#1725,#1726);
#1725 = CARTESIAN_POINT('',(-61.53615,12.19416,1.545));
#1726 = VECTOR('',#1727,1.);
#1727 = DIRECTION('',(0.989177329781,0.146724947594,0.));
#1728 = ORIENTED_EDGE('',*,*,#1729,.F.);
#1729 = EDGE_CURVE('',#1730,#1722,#1732,.T.);
#1730 = VERTEX_POINT('',#1731);
#1731 = CARTESIAN_POINT('',(-61.500156,12.199499,1.51));
#1732 = LINE('',#1733,#1734);
#1733 = CARTESIAN_POINT('',(-61.500156,12.199499,1.51));
#1734 = VECTOR('',#1735,1.);
#1735 = DIRECTION('',(0.,0.,1.));
#1736 = ORIENTED_EDGE('',*,*,#1737,.F.);
#1737 = EDGE_CURVE('',#1712,#1730,#1738,.T.);
#1738 = LINE('',#1739,#1740);
#1739 = CARTESIAN_POINT('',(-61.53615,12.19416,1.51));
#1740 = VECTOR('',#1741,1.);
#1741 = DIRECTION('',(0.989177329781,0.146724947594,0.));
#1742 = PLANE('',#1743);
#1743 = AXIS2_PLACEMENT_3D('',#1744,#1745,#1746);
#1744 = CARTESIAN_POINT('',(-61.53615,12.19416,1.51));
#1745 = DIRECTION('',(-0.146724947594,0.989177329781,0.));
#1746 = DIRECTION('',(0.989177329781,0.146724947594,0.));
#1747 = ADVANCED_FACE('',(#1748),#1773,.T.);
#1748 = FACE_BOUND('',#1749,.T.);
#1749 = EDGE_LOOP('',(#1750,#1760,#1766,#1767));
#1750 = ORIENTED_EDGE('',*,*,#1751,.T.);
#1751 = EDGE_CURVE('',#1752,#1754,#1756,.T.);
#1752 = VERTEX_POINT('',#1753);
#1753 = CARTESIAN_POINT('',(-61.621001,12.168422,1.51));
#1754 = VERTEX_POINT('',#1755);
#1755 = CARTESIAN_POINT('',(-61.621001,12.168422,1.545));
#1756 = LINE('',#1757,#1758);
#1757 = CARTESIAN_POINT('',(-61.621001,12.168422,1.51));
#1758 = VECTOR('',#1759,1.);
#1759 = DIRECTION('',(0.,0.,1.));
#1760 = ORIENTED_EDGE('',*,*,#1761,.T.);
#1761 = EDGE_CURVE('',#1754,#1714,#1762,.T.);
#1762 = LINE('',#1763,#1764);
#1763 = CARTESIAN_POINT('',(-61.621001,12.168422,1.545));
#1764 = VECTOR('',#1765,1.);
#1765 = DIRECTION('',(0.956944312633,0.290271566847,0.));
#1766 = ORIENTED_EDGE('',*,*,#1711,.F.);
#1767 = ORIENTED_EDGE('',*,*,#1768,.F.);
#1768 = EDGE_CURVE('',#1752,#1712,#1769,.T.);
#1769 = LINE('',#1770,#1771);
#1770 = CARTESIAN_POINT('',(-61.621001,12.168422,1.51));
#1771 = VECTOR('',#1772,1.);
#1772 = DIRECTION('',(0.956944312633,0.290271566847,0.));
#1773 = PLANE('',#1774);
#1774 = AXIS2_PLACEMENT_3D('',#1775,#1776,#1777);
#1775 = CARTESIAN_POINT('',(-61.621001,12.168422,1.51));
#1776 = DIRECTION('',(-0.290271566847,0.956944312633,0.));
#1777 = DIRECTION('',(0.956944312633,0.290271566847,0.));
#1778 = ADVANCED_FACE('',(#1779),#1804,.T.);
#1779 = FACE_BOUND('',#1780,.T.);
#1780 = EDGE_LOOP('',(#1781,#1782,#1790,#1798));
#1781 = ORIENTED_EDGE('',*,*,#1729,.T.);
#1782 = ORIENTED_EDGE('',*,*,#1783,.T.);
#1783 = EDGE_CURVE('',#1722,#1784,#1786,.T.);
#1784 = VERTEX_POINT('',#1785);
#1785 = CARTESIAN_POINT('',(-52.849618,12.199499,1.545));
#1786 = LINE('',#1787,#1788);
#1787 = CARTESIAN_POINT('',(-61.500156,12.199499,1.545));
#1788 = VECTOR('',#1789,1.);
#1789 = DIRECTION('',(1.,0.,0.));
#1790 = ORIENTED_EDGE('',*,*,#1791,.F.);
#1791 = EDGE_CURVE('',#1792,#1784,#1794,.T.);
#1792 = VERTEX_POINT('',#1793);
#1793 = CARTESIAN_POINT('',(-52.849618,12.199499,1.51));
#1794 = LINE('',#1795,#1796);
#1795 = CARTESIAN_POINT('',(-52.849618,12.199499,1.51));
#1796 = VECTOR('',#1797,1.);
#1797 = DIRECTION('',(0.,0.,1.));
#1798 = ORIENTED_EDGE('',*,*,#1799,.F.);
#1799 = EDGE_CURVE('',#1730,#1792,#1800,.T.);
#1800 = LINE('',#1801,#1802);
#1801 = CARTESIAN_POINT('',(-61.500156,12.199499,1.51));
#1802 = VECTOR('',#1803,1.);
#1803 = DIRECTION('',(1.,0.,0.));
#1804 = PLANE('',#1805);
#1805 = AXIS2_PLACEMENT_3D('',#1806,#1807,#1808);
#1806 = CARTESIAN_POINT('',(-61.500156,12.199499,1.51));
#1807 = DIRECTION('',(0.,1.,0.));
#1808 = DIRECTION('',(1.,0.,0.));
#1809 = ADVANCED_FACE('',(#1810,#2479,#2561,#2636,#2688,#2748,#2808,
    #2853),#2881,.F.);
#1810 = FACE_BOUND('',#1811,.F.);
#1811 = EDGE_LOOP('',(#1812,#1813,#1814,#1822,#1830,#1838,#1847,#1855,
    #1863,#1871,#1879,#1887,#1895,#1904,#1912,#1921,#1929,#1937,#1946,
    #1954,#1963,#1971,#1979,#1987,#1996,#2004,#2012,#2020,#2029,#2037,
    #2046,#2054,#2062,#2070,#2079,#2087,#2095,#2103,#2111,#2119,#2127,
    #2135,#2143,#2152,#2160,#2168,#2176,#2185,#2193,#2201,#2209,#2218,
    #2226,#2234,#2242,#2250,#2259,#2267,#2275,#2283,#2291,#2299,#2307,
    #2315,#2324,#2332,#2341,#2349,#2357,#2365,#2373,#2381,#2389,#2397,
    #2406,#2414,#2422,#2430,#2438,#2447,#2455,#2463,#2471,#2478));
#1812 = ORIENTED_EDGE('',*,*,#1737,.F.);
#1813 = ORIENTED_EDGE('',*,*,#1768,.F.);
#1814 = ORIENTED_EDGE('',*,*,#1815,.F.);
#1815 = EDGE_CURVE('',#1816,#1752,#1818,.T.);
#1816 = VERTEX_POINT('',#1817);
#1817 = CARTESIAN_POINT('',(-61.794804,12.078223,1.51));
#1818 = LINE('',#1819,#1820);
#1819 = CARTESIAN_POINT('',(-61.794804,12.078223,1.51));
#1820 = VECTOR('',#1821,1.);
#1821 = DIRECTION('',(0.887589762795,0.460634793498,0.));
#1822 = ORIENTED_EDGE('',*,*,#1823,.F.);
#1823 = EDGE_CURVE('',#1824,#1816,#1826,.T.);
#1824 = VERTEX_POINT('',#1825);
#1825 = CARTESIAN_POINT('',(-61.947671,11.955849,1.51));
#1826 = LINE('',#1827,#1828);
#1827 = CARTESIAN_POINT('',(-61.947671,11.955849,1.51));
#1828 = VECTOR('',#1829,1.);
#1829 = DIRECTION('',(0.780668481234,0.624945375539,0.));
#1830 = ORIENTED_EDGE('',*,*,#1831,.F.);
#1831 = EDGE_CURVE('',#1832,#1824,#1834,.T.);
#1832 = VERTEX_POINT('',#1833);
#1833 = CARTESIAN_POINT('',(-62.073727,11.806003,1.51));
#1834 = LINE('',#1835,#1836);
#1835 = CARTESIAN_POINT('',(-62.073727,11.806003,1.51));
#1836 = VECTOR('',#1837,1.);
#1837 = DIRECTION('',(0.64374691426,0.76523846635,0.));
#1838 = ORIENTED_EDGE('',*,*,#1839,.F.);
#1839 = EDGE_CURVE('',#1840,#1832,#1842,.T.);
#1840 = VERTEX_POINT('',#1841);
#1841 = CARTESIAN_POINT('',(-62.249402,11.24706,1.51));
#1842 = CIRCLE('',#1843,1.007962913878);
#1843 = AXIS2_PLACEMENT_3D('',#1844,#1845,#1846);
#1844 = CARTESIAN_POINT('',(-61.24148583691,11.237352068219,1.51));
#1845 = DIRECTION('',(0.,0.,-1.));
#1846 = DIRECTION('',(-0.999953618542,9.63123905385E-03,0.));
#1847 = ORIENTED_EDGE('',*,*,#1848,.F.);
#1848 = EDGE_CURVE('',#1849,#1840,#1851,.T.);
#1849 = VERTEX_POINT('',#1850);
#1850 = CARTESIAN_POINT('',(-62.249999,9.311326,1.51));
#1851 = LINE('',#1852,#1853);
#1852 = CARTESIAN_POINT('',(-62.249999,9.311326,1.51));
#1853 = VECTOR('',#1854,1.);
#1854 = DIRECTION('',(3.084101284612E-04,0.999999952442,0.));
#1855 = ORIENTED_EDGE('',*,*,#1856,.F.);
#1856 = EDGE_CURVE('',#1857,#1849,#1859,.T.);
#1857 = VERTEX_POINT('',#1858);
#1858 = CARTESIAN_POINT('',(-62.225516,9.23735,1.51));
#1859 = LINE('',#1860,#1861);
#1860 = CARTESIAN_POINT('',(-62.225516,9.23735,1.51));
#1861 = VECTOR('',#1862,1.);
#1862 = DIRECTION('',(-0.314198095411,0.949357444191,0.));
#1863 = ORIENTED_EDGE('',*,*,#1864,.F.);
#1864 = EDGE_CURVE('',#1865,#1857,#1867,.T.);
#1865 = VERTEX_POINT('',#1866);
#1866 = CARTESIAN_POINT('',(-62.169723,9.195291,1.51));
#1867 = LINE('',#1868,#1869);
#1868 = CARTESIAN_POINT('',(-62.169723,9.195291,1.51));
#1869 = VECTOR('',#1870,1.);
#1870 = DIRECTION('',(-0.798525716738,0.601960696149,0.));
#1871 = ORIENTED_EDGE('',*,*,#1872,.F.);
#1872 = EDGE_CURVE('',#1873,#1865,#1875,.T.);
#1873 = VERTEX_POINT('',#1874);
#1874 = CARTESIAN_POINT('',(-62.109632,9.19079,1.51));
#1875 = LINE('',#1876,#1877);
#1876 = CARTESIAN_POINT('',(-62.109632,9.19079,1.51));
#1877 = VECTOR('',#1878,1.);
#1878 = DIRECTION('',(-0.997206514617,7.469382307319E-02,0.));
#1879 = ORIENTED_EDGE('',*,*,#1880,.F.);
#1880 = EDGE_CURVE('',#1881,#1873,#1883,.T.);
#1881 = VERTEX_POINT('',#1882);
#1882 = CARTESIAN_POINT('',(-62.,9.199997,1.51));
#1883 = LINE('',#1884,#1885);
#1884 = CARTESIAN_POINT('',(-62.,9.199997,1.51));
#1885 = VECTOR('',#1886,1.);
#1886 = DIRECTION('',(-0.996492143934,-8.368636136527E-02,0.));
#1887 = ORIENTED_EDGE('',*,*,#1888,.F.);
#1888 = EDGE_CURVE('',#1889,#1881,#1891,.T.);
#1889 = VERTEX_POINT('',#1890);
#1890 = CARTESIAN_POINT('',(-61.99999978956,8.694948004014,1.51));
#1891 = LINE('',#1892,#1893);
#1892 = CARTESIAN_POINT('',(-61.999999,6.800004,1.51));
#1893 = VECTOR('',#1894,1.);
#1894 = DIRECTION('',(-4.16667880896E-07,1.,0.));
#1895 = ORIENTED_EDGE('',*,*,#1896,.F.);
#1896 = EDGE_CURVE('',#1897,#1889,#1899,.T.);
#1897 = VERTEX_POINT('',#1898);
#1898 = CARTESIAN_POINT('',(-62.199999,8.449999,1.51));
#1899 = CIRCLE('',#1900,0.249998959685);
#1900 = AXIS2_PLACEMENT_3D('',#1901,#1902,#1903);
#1901 = CARTESIAN_POINT('',(-61.95000004031,8.450000040317,1.51));
#1902 = DIRECTION('',(0.,0.,-1.));
#1903 = DIRECTION('',(-0.999999999991,-4.161285837066E-06,-0.));
#1904 = ORIENTED_EDGE('',*,*,#1905,.F.);
#1905 = EDGE_CURVE('',#1906,#1897,#1908,.T.);
#1906 = VERTEX_POINT('',#1907);
#1907 = CARTESIAN_POINT('',(-62.199999,7.549999,1.51));
#1908 = LINE('',#1909,#1910);
#1909 = CARTESIAN_POINT('',(-62.199999,7.549999,1.51));
#1910 = VECTOR('',#1911,1.);
#1911 = DIRECTION('',(0.,1.,0.));
#1912 = ORIENTED_EDGE('',*,*,#1913,.F.);
#1913 = EDGE_CURVE('',#1914,#1906,#1916,.T.);
#1914 = VERTEX_POINT('',#1915);
#1915 = CARTESIAN_POINT('',(-61.99999921043,7.305049877774,1.51));
#1916 = CIRCLE('',#1917,0.249998959685);
#1917 = AXIS2_PLACEMENT_3D('',#1918,#1919,#1920);
#1918 = CARTESIAN_POINT('',(-61.95000004031,7.549997959683,1.51));
#1919 = DIRECTION('',(0.,0.,-1.));
#1920 = DIRECTION('',(4.161285837066E-06,-0.999999999991,0.));
#1921 = ORIENTED_EDGE('',*,*,#1922,.F.);
#1922 = EDGE_CURVE('',#1923,#1914,#1925,.T.);
#1923 = VERTEX_POINT('',#1924);
#1924 = CARTESIAN_POINT('',(-61.999999,6.800004,1.51));
#1925 = LINE('',#1926,#1927);
#1926 = CARTESIAN_POINT('',(-61.999999,6.800004,1.51));
#1927 = VECTOR('',#1928,1.);
#1928 = DIRECTION('',(-4.16667880896E-07,1.,0.));
#1929 = ORIENTED_EDGE('',*,*,#1930,.F.);
#1930 = EDGE_CURVE('',#1931,#1923,#1933,.T.);
#1931 = VERTEX_POINT('',#1932);
#1932 = CARTESIAN_POINT('',(-62.103915,6.810618,1.51));
#1933 = LINE('',#1934,#1935);
#1934 = CARTESIAN_POINT('',(-62.103915,6.810618,1.51));
#1935 = VECTOR('',#1936,1.);
#1936 = DIRECTION('',(0.994824153972,-0.101611528256,0.));
#1937 = ORIENTED_EDGE('',*,*,#1938,.F.);
#1938 = EDGE_CURVE('',#1939,#1931,#1941,.T.);
#1939 = VERTEX_POINT('',#1940);
#1940 = CARTESIAN_POINT('',(-62.249999,6.688673,1.51));
#1941 = CIRCLE('',#1942,0.123920950127);
#1942 = AXIS2_PLACEMENT_3D('',#1943,#1944,#1945);
#1943 = CARTESIAN_POINT('',(-62.12607805183,6.688695069369,1.51));
#1944 = DIRECTION('',(0.,0.,-1.));
#1945 = DIRECTION('',(-0.999999984142,-1.780923163198E-04,-0.));
#1946 = ORIENTED_EDGE('',*,*,#1947,.F.);
#1947 = EDGE_CURVE('',#1948,#1939,#1950,.T.);
#1948 = VERTEX_POINT('',#1949);
#1949 = CARTESIAN_POINT('',(-62.249999,5.264577827822,1.51));
#1950 = LINE('',#1951,#1952);
#1951 = CARTESIAN_POINT('',(-62.249999,4.809858,1.51));
#1952 = VECTOR('',#1953,1.);
#1953 = DIRECTION('',(0.,1.,0.));
#1954 = ORIENTED_EDGE('',*,*,#1955,.T.);
#1955 = EDGE_CURVE('',#1948,#1956,#1958,.T.);
#1956 = VERTEX_POINT('',#1957);
#1957 = CARTESIAN_POINT('',(-61.11889092364,4.069998,1.51));
#1958 = CIRCLE('',#1959,0.849999);
#1959 = AXIS2_PLACEMENT_3D('',#1960,#1961,#1962);
#1960 = CARTESIAN_POINT('',(-61.84,4.519998,1.51));
#1961 = DIRECTION('',(0.,0.,1.));
#1962 = DIRECTION('',(1.,0.,-0.));
#1963 = ORIENTED_EDGE('',*,*,#1964,.F.);
#1964 = EDGE_CURVE('',#1965,#1956,#1967,.T.);
#1965 = VERTEX_POINT('',#1966);
#1966 = CARTESIAN_POINT('',(-60.56674,4.069998,1.51));
#1967 = LINE('',#1968,#1969);
#1968 = CARTESIAN_POINT('',(-60.56674,4.069998,1.51));
#1969 = VECTOR('',#1970,1.);
#1970 = DIRECTION('',(-1.,0.,0.));
#1971 = ORIENTED_EDGE('',*,*,#1972,.F.);
#1972 = EDGE_CURVE('',#1973,#1965,#1975,.T.);
#1973 = VERTEX_POINT('',#1974);
#1974 = CARTESIAN_POINT('',(-60.588908,4.001776,1.51));
#1975 = LINE('',#1976,#1977);
#1976 = CARTESIAN_POINT('',(-60.588908,4.001776,1.51));
#1977 = VECTOR('',#1978,1.);
#1978 = DIRECTION('',(0.309033745616,0.951051073324,0.));
#1979 = ORIENTED_EDGE('',*,*,#1980,.F.);
#1980 = EDGE_CURVE('',#1981,#1973,#1983,.T.);
#1981 = VERTEX_POINT('',#1982);
#1982 = CARTESIAN_POINT('',(-60.685376,3.812449,1.51));
#1983 = LINE('',#1984,#1985);
#1984 = CARTESIAN_POINT('',(-60.685376,3.812449,1.51));
#1985 = VECTOR('',#1986,1.);
#1986 = DIRECTION('',(0.453994516976,0.891004477293,0.));
#1987 = ORIENTED_EDGE('',*,*,#1988,.F.);
#1988 = EDGE_CURVE('',#1989,#1981,#1991,.T.);
#1989 = VERTEX_POINT('',#1990);
#1990 = CARTESIAN_POINT('',(-60.580971,3.621498,1.51));
#1991 = CIRCLE('',#1992,0.124028103863);
#1992 = AXIS2_PLACEMENT_3D('',#1993,#1994,#1995);
#1993 = CARTESIAN_POINT('',(-60.58095236123,3.745526102462,1.51));
#1994 = DIRECTION('',(0.,0.,-1.));
#1995 = DIRECTION('',(-1.502785637949E-04,-0.999999988708,-0.));
#1996 = ORIENTED_EDGE('',*,*,#1997,.F.);
#1997 = EDGE_CURVE('',#1998,#1989,#2000,.T.);
#1998 = VERTEX_POINT('',#1999);
#1999 = CARTESIAN_POINT('',(-60.323452,3.624332,1.51));
#2000 = LINE('',#2001,#2002);
#2001 = CARTESIAN_POINT('',(-60.323452,3.624332,1.51));
#2002 = VECTOR('',#2003,1.);
#2003 = DIRECTION('',(-0.999939450342,-1.100434687254E-02,0.));
#2004 = ORIENTED_EDGE('',*,*,#2005,.F.);
#2005 = EDGE_CURVE('',#2006,#1998,#2008,.T.);
#2006 = VERTEX_POINT('',#2007);
#2007 = CARTESIAN_POINT('',(-60.262129,3.657817,1.51));
#2008 = LINE('',#2009,#2010);
#2009 = CARTESIAN_POINT('',(-60.262129,3.657817,1.51));
#2010 = VECTOR('',#2011,1.);
#2011 = DIRECTION('',(-0.877678335521,-0.479250184514,0.));
#2012 = ORIENTED_EDGE('',*,*,#2013,.F.);
#2013 = EDGE_CURVE('',#2014,#2006,#2016,.T.);
#2014 = VERTEX_POINT('',#2015);
#2015 = CARTESIAN_POINT('',(-58.157675,5.762272,1.51));
#2016 = LINE('',#2017,#2018);
#2017 = CARTESIAN_POINT('',(-58.157675,5.762272,1.51));
#2018 = VECTOR('',#2019,1.);
#2019 = DIRECTION('',(-0.707106613184,-0.707106949189,0.));
#2020 = ORIENTED_EDGE('',*,*,#2021,.F.);
#2021 = EDGE_CURVE('',#2022,#2014,#2024,.T.);
#2022 = VERTEX_POINT('',#2023);
#2023 = CARTESIAN_POINT('',(-57.807073,5.907498,1.51));
#2024 = CIRCLE('',#2025,0.653657506429);
#2025 = AXIS2_PLACEMENT_3D('',#2026,#2027,#2028);
#2026 = CARTESIAN_POINT('',(-57.74299831821,5.256988529765,1.51));
#2027 = DIRECTION('',(0.,0.,1.));
#2028 = DIRECTION('',(-9.802485423628E-02,0.995183966889,0.));
#2029 = ORIENTED_EDGE('',*,*,#2030,.F.);
#2030 = EDGE_CURVE('',#2031,#2022,#2033,.T.);
#2031 = VERTEX_POINT('',#2032);
#2032 = CARTESIAN_POINT('',(57.807071,5.907498,1.51));
#2033 = LINE('',#2034,#2035);
#2034 = CARTESIAN_POINT('',(57.807071,5.907498,1.51));
#2035 = VECTOR('',#2036,1.);
#2036 = DIRECTION('',(-1.,0.,0.));
#2037 = ORIENTED_EDGE('',*,*,#2038,.F.);
#2038 = EDGE_CURVE('',#2039,#2031,#2041,.T.);
#2039 = VERTEX_POINT('',#2040);
#2040 = CARTESIAN_POINT('',(58.157675,5.762272,1.51));
#2041 = CIRCLE('',#2042,0.653671169082);
#2042 = AXIS2_PLACEMENT_3D('',#2043,#2044,#2045);
#2043 = CARTESIAN_POINT('',(57.742993127225,5.256975115307,1.51));
#2044 = DIRECTION('',(0.,0.,1.));
#2045 = DIRECTION('',(0.63438911243,0.773013876997,-0.));
#2046 = ORIENTED_EDGE('',*,*,#2047,.F.);
#2047 = EDGE_CURVE('',#2048,#2039,#2050,.T.);
#2048 = VERTEX_POINT('',#2049);
#2049 = CARTESIAN_POINT('',(60.28277,3.641183,1.51));
#2050 = LINE('',#2051,#2052);
#2051 = CARTESIAN_POINT('',(60.28277,3.641183,1.51));
#2052 = VECTOR('',#2053,1.);
#2053 = DIRECTION('',(-0.707773575721,0.706439357277,0.));
#2054 = ORIENTED_EDGE('',*,*,#2055,.F.);
#2055 = EDGE_CURVE('',#2056,#2048,#2058,.T.);
#2056 = VERTEX_POINT('',#2057);
#2057 = CARTESIAN_POINT('',(60.349809,3.621498,1.51));
#2058 = LINE('',#2059,#2060);
#2059 = CARTESIAN_POINT('',(60.349809,3.621498,1.51));
#2060 = VECTOR('',#2061,1.);
#2061 = DIRECTION('',(-0.959490754593,0.281740114026,0.));
#2062 = ORIENTED_EDGE('',*,*,#2063,.F.);
#2063 = EDGE_CURVE('',#2064,#2056,#2066,.T.);
#2064 = VERTEX_POINT('',#2065);
#2065 = CARTESIAN_POINT('',(60.365998,3.621498,1.51));
#2066 = LINE('',#2067,#2068);
#2067 = CARTESIAN_POINT('',(60.365998,3.621498,1.51));
#2068 = VECTOR('',#2069,1.);
#2069 = DIRECTION('',(-1.,0.,0.));
#2070 = ORIENTED_EDGE('',*,*,#2071,.F.);
#2071 = EDGE_CURVE('',#2072,#2064,#2074,.T.);
#2072 = VERTEX_POINT('',#2073);
#2073 = CARTESIAN_POINT('',(60.488736,3.727851,1.51));
#2074 = CIRCLE('',#2075,0.123999633016);
#2075 = AXIS2_PLACEMENT_3D('',#2076,#2077,#2078);
#2076 = CARTESIAN_POINT('',(60.365998453457,3.745497633015,1.51));
#2077 = DIRECTION('',(0.,0.,-1.));
#2078 = DIRECTION('',(0.989821853158,-0.142311977752,0.));
#2079 = ORIENTED_EDGE('',*,*,#2080,.F.);
#2080 = EDGE_CURVE('',#2081,#2072,#2083,.T.);
#2081 = VERTEX_POINT('',#2082);
#2082 = CARTESIAN_POINT('',(60.489998,4.069998,1.51));
#2083 = LINE('',#2084,#2085);
#2084 = CARTESIAN_POINT('',(60.489998,4.069998,1.51));
#2085 = VECTOR('',#2086,1.);
#2086 = DIRECTION('',(-3.688447992923E-03,-0.999993197653,0.));
#2087 = ORIENTED_EDGE('',*,*,#2088,.F.);
#2088 = EDGE_CURVE('',#2089,#2081,#2091,.T.);
#2089 = VERTEX_POINT('',#2090);
#2090 = CARTESIAN_POINT('',(60.989998,4.069998,1.51));
#2091 = LINE('',#2092,#2093);
#2092 = CARTESIAN_POINT('',(61.619422,4.069998,1.51));
#2093 = VECTOR('',#2094,1.);
#2094 = DIRECTION('',(-1.,0.,0.));
#2095 = ORIENTED_EDGE('',*,*,#2096,.F.);
#2096 = EDGE_CURVE('',#2097,#2089,#2099,.T.);
#2097 = VERTEX_POINT('',#2098);
#2098 = CARTESIAN_POINT('',(60.989998,3.669998,1.51));
#2099 = LINE('',#2100,#2101);
#2100 = CARTESIAN_POINT('',(60.989998,3.669998,1.51));
#2101 = VECTOR('',#2102,1.);
#2102 = DIRECTION('',(0.,1.,0.));
#2103 = ORIENTED_EDGE('',*,*,#2104,.F.);
#2104 = EDGE_CURVE('',#2105,#2097,#2107,.T.);
#2105 = VERTEX_POINT('',#2106);
#2106 = CARTESIAN_POINT('',(62.689998,3.669998,1.51));
#2107 = LINE('',#2108,#2109);
#2108 = CARTESIAN_POINT('',(62.689998,3.669998,1.51));
#2109 = VECTOR('',#2110,1.);
#2110 = DIRECTION('',(-1.,0.,0.));
#2111 = ORIENTED_EDGE('',*,*,#2112,.F.);
#2112 = EDGE_CURVE('',#2113,#2105,#2115,.T.);
#2113 = VERTEX_POINT('',#2114);
#2114 = CARTESIAN_POINT('',(62.689998,5.369998,1.51));
#2115 = LINE('',#2116,#2117);
#2116 = CARTESIAN_POINT('',(62.689998,5.369998,1.51));
#2117 = VECTOR('',#2118,1.);
#2118 = DIRECTION('',(0.,-1.,0.));
#2119 = ORIENTED_EDGE('',*,*,#2120,.F.);
#2120 = EDGE_CURVE('',#2121,#2113,#2123,.T.);
#2121 = VERTEX_POINT('',#2122);
#2122 = CARTESIAN_POINT('',(62.226,5.369998,1.51));
#2123 = LINE('',#2124,#2125);
#2124 = CARTESIAN_POINT('',(60.989998,5.369998,1.51));
#2125 = VECTOR('',#2126,1.);
#2126 = DIRECTION('',(1.,0.,0.));
#2127 = ORIENTED_EDGE('',*,*,#2128,.F.);
#2128 = EDGE_CURVE('',#2129,#2121,#2131,.T.);
#2129 = VERTEX_POINT('',#2130);
#2130 = CARTESIAN_POINT('',(62.226,11.234906,1.51));
#2131 = LINE('',#2132,#2133);
#2132 = CARTESIAN_POINT('',(62.226,11.234906,1.51));
#2133 = VECTOR('',#2134,1.);
#2134 = DIRECTION('',(0.,-1.,0.));
#2135 = ORIENTED_EDGE('',*,*,#2136,.F.);
#2136 = EDGE_CURVE('',#2137,#2129,#2139,.T.);
#2137 = VERTEX_POINT('',#2138);
#2138 = CARTESIAN_POINT('',(62.207982,11.423933,1.51));
#2139 = LINE('',#2140,#2141);
#2140 = CARTESIAN_POINT('',(62.207982,11.423933,1.51));
#2141 = VECTOR('',#2142,1.);
#2142 = DIRECTION('',(9.488961465918E-02,-0.995487800543,0.));
#2143 = ORIENTED_EDGE('',*,*,#2144,.F.);
#2144 = EDGE_CURVE('',#2145,#2137,#2147,.T.);
#2145 = VERTEX_POINT('',#2146);
#2146 = CARTESIAN_POINT('',(61.619453,12.159121,1.51));
#2147 = CIRCLE('',#2148,0.998873218578);
#2148 = AXIS2_PLACEMENT_3D('',#2149,#2150,#2151);
#2149 = CARTESIAN_POINT('',(61.226002590464,11.241000919604,1.51));
#2150 = DIRECTION('',(0.,0.,-1.));
#2151 = DIRECTION('',(0.393894242251,0.91915576804,0.));
#2152 = ORIENTED_EDGE('',*,*,#2153,.F.);
#2153 = EDGE_CURVE('',#2154,#2145,#2156,.T.);
#2154 = VERTEX_POINT('',#2155);
#2155 = CARTESIAN_POINT('',(61.512151,12.19416,1.51));
#2156 = LINE('',#2157,#2158);
#2157 = CARTESIAN_POINT('',(61.512151,12.19416,1.51));
#2158 = VECTOR('',#2159,1.);
#2159 = DIRECTION('',(0.950601241903,-0.31041468859,0.));
#2160 = ORIENTED_EDGE('',*,*,#2161,.F.);
#2161 = EDGE_CURVE('',#2162,#2154,#2164,.T.);
#2162 = VERTEX_POINT('',#2163);
#2163 = CARTESIAN_POINT('',(61.477263,12.199494,1.51));
#2164 = LINE('',#2165,#2166);
#2165 = CARTESIAN_POINT('',(61.477263,12.199494,1.51));
#2166 = VECTOR('',#2167,1.);
#2167 = DIRECTION('',(0.988513426583,-0.151133072042,0.));
#2168 = ORIENTED_EDGE('',*,*,#2169,.F.);
#2169 = EDGE_CURVE('',#2170,#2162,#2172,.T.);
#2170 = VERTEX_POINT('',#2171);
#2171 = CARTESIAN_POINT('',(52.849621,12.199499,1.51));
#2172 = LINE('',#2173,#2174);
#2173 = CARTESIAN_POINT('',(52.849621,12.199499,1.51));
#2174 = VECTOR('',#2175,1.);
#2175 = DIRECTION('',(1.,-5.795326231443E-07,0.));
#2176 = ORIENTED_EDGE('',*,*,#2177,.F.);
#2177 = EDGE_CURVE('',#2178,#2170,#2180,.T.);
#2178 = VERTEX_POINT('',#2179);
#2179 = CARTESIAN_POINT('',(52.747693,12.004883,1.51));
#2180 = CIRCLE('',#2181,0.123999996141);
#2181 = AXIS2_PLACEMENT_3D('',#2182,#2183,#2184);
#2182 = CARTESIAN_POINT('',(52.849621303438,12.07549900386,1.51));
#2183 = DIRECTION('',(0.,0.,-1.));
#2184 = DIRECTION('',(-0.822002472666,-0.569483919818,-0.));
#2185 = ORIENTED_EDGE('',*,*,#2186,.F.);
#2186 = EDGE_CURVE('',#2187,#2178,#2189,.T.);
#2187 = VERTEX_POINT('',#2188);
#2188 = CARTESIAN_POINT('',(52.841569,11.86938,1.51));
#2189 = LINE('',#2190,#2191);
#2190 = CARTESIAN_POINT('',(52.841569,11.86938,1.51));
#2191 = VECTOR('',#2192,1.);
#2192 = DIRECTION('',(-0.569481548906,0.82200411523,0.));
#2193 = ORIENTED_EDGE('',*,*,#2194,.F.);
#2194 = EDGE_CURVE('',#2195,#2187,#2197,.T.);
#2195 = VERTEX_POINT('',#2196);
#2196 = CARTESIAN_POINT('',(52.934623,11.664519,1.51));
#2197 = LINE('',#2198,#2199);
#2198 = CARTESIAN_POINT('',(52.934623,11.664519,1.51));
#2199 = VECTOR('',#2200,1.);
#2200 = DIRECTION('',(-0.413564852841,0.910474663291,0.));
#2201 = ORIENTED_EDGE('',*,*,#2202,.F.);
#2202 = EDGE_CURVE('',#2203,#2195,#2205,.T.);
#2203 = VERTEX_POINT('',#2204);
#2204 = CARTESIAN_POINT('',(52.9896,11.446332,1.51));
#2205 = LINE('',#2206,#2207);
#2206 = CARTESIAN_POINT('',(52.9896,11.446332,1.51));
#2207 = VECTOR('',#2208,1.);
#2208 = DIRECTION('',(-0.24433489229,0.969690909728,0.));
#2209 = ORIENTED_EDGE('',*,*,#2210,.F.);
#2210 = EDGE_CURVE('',#2211,#2203,#2213,.T.);
#2211 = VERTEX_POINT('',#2212);
#2212 = CARTESIAN_POINT('',(52.9896,11.053667,1.51));
#2213 = CIRCLE('',#2214,1.661507367772);
#2214 = AXIS2_PLACEMENT_3D('',#2215,#2216,#2217);
#2215 = CARTESIAN_POINT('',(51.339733253077,11.2499995,1.51));
#2216 = DIRECTION('',(0.,-0.,1.));
#2217 = DIRECTION('',(0.992993939675,-0.11816529003,-0.));
#2218 = ORIENTED_EDGE('',*,*,#2219,.F.);
#2219 = EDGE_CURVE('',#2220,#2211,#2222,.T.);
#2220 = VERTEX_POINT('',#2221);
#2221 = CARTESIAN_POINT('',(52.934623,10.83548,1.51));
#2222 = LINE('',#2223,#2224);
#2223 = CARTESIAN_POINT('',(52.934623,10.83548,1.51));
#2224 = VECTOR('',#2225,1.);
#2225 = DIRECTION('',(0.24433489229,0.969690909728,0.));
#2226 = ORIENTED_EDGE('',*,*,#2227,.F.);
#2227 = EDGE_CURVE('',#2228,#2220,#2230,.T.);
#2228 = VERTEX_POINT('',#2229);
#2229 = CARTESIAN_POINT('',(52.841569,10.630619,1.51));
#2230 = LINE('',#2231,#2232);
#2231 = CARTESIAN_POINT('',(52.841569,10.630619,1.51));
#2232 = VECTOR('',#2233,1.);
#2233 = DIRECTION('',(0.413564852841,0.910474663291,0.));
#2234 = ORIENTED_EDGE('',*,*,#2235,.F.);
#2235 = EDGE_CURVE('',#2236,#2228,#2238,.T.);
#2236 = VERTEX_POINT('',#2237);
#2237 = CARTESIAN_POINT('',(52.702082,10.434314,1.51));
#2238 = LINE('',#2239,#2240);
#2239 = CARTESIAN_POINT('',(52.702082,10.434314,1.51));
#2240 = VECTOR('',#2241,1.);
#2241 = DIRECTION('',(0.57922681125,0.815166425419,0.));
#2242 = ORIENTED_EDGE('',*,*,#2243,.F.);
#2243 = EDGE_CURVE('',#2244,#2236,#2246,.T.);
#2244 = VERTEX_POINT('',#2245);
#2245 = CARTESIAN_POINT('',(52.34412583217,10.79227016783,1.51));
#2246 = LINE('',#2247,#2248);
#2247 = CARTESIAN_POINT('',(51.65588,11.480516,1.51));
#2248 = VECTOR('',#2249,1.);
#2249 = DIRECTION('',(0.707106781187,-0.707106781187,0.));
#2250 = ORIENTED_EDGE('',*,*,#2251,.F.);
#2251 = EDGE_CURVE('',#2252,#2244,#2254,.T.);
#2252 = VERTEX_POINT('',#2253);
#2253 = CARTESIAN_POINT('',(51.750001,11.999999,1.51));
#2254 = CIRCLE('',#2255,0.75);
#2255 = AXIS2_PLACEMENT_3D('',#2256,#2257,#2258);
#2256 = CARTESIAN_POINT('',(51.750001,11.249999,1.51));
#2257 = DIRECTION('',(0.,0.,-1.));
#2258 = DIRECTION('',(0.,1.,0.));
#2259 = ORIENTED_EDGE('',*,*,#2260,.F.);
#2260 = EDGE_CURVE('',#2261,#2252,#2263,.T.);
#2261 = VERTEX_POINT('',#2262);
#2262 = CARTESIAN_POINT('',(50.000001,11.999999,1.51));
#2263 = LINE('',#2264,#2265);
#2264 = CARTESIAN_POINT('',(50.000001,11.999999,1.51));
#2265 = VECTOR('',#2266,1.);
#2266 = DIRECTION('',(1.,0.,0.));
#2267 = ORIENTED_EDGE('',*,*,#2268,.F.);
#2268 = EDGE_CURVE('',#2269,#2261,#2271,.T.);
#2269 = VERTEX_POINT('',#2270);
#2270 = CARTESIAN_POINT('',(50.000001,10.636397,1.51));
#2271 = LINE('',#2272,#2273);
#2272 = CARTESIAN_POINT('',(50.000001,10.499999,1.51));
#2273 = VECTOR('',#2274,1.);
#2274 = DIRECTION('',(0.,1.,0.));
#2275 = ORIENTED_EDGE('',*,*,#2276,.F.);
#2276 = EDGE_CURVE('',#2277,#2269,#2279,.T.);
#2277 = VERTEX_POINT('',#2278);
#2278 = CARTESIAN_POINT('',(49.584418,10.220814,1.51));
#2279 = LINE('',#2280,#2281);
#2280 = CARTESIAN_POINT('',(49.584418,10.220814,1.51));
#2281 = VECTOR('',#2282,1.);
#2282 = DIRECTION('',(0.707106781187,0.707106781187,0.));
#2283 = ORIENTED_EDGE('',*,*,#2284,.F.);
#2284 = EDGE_CURVE('',#2285,#2277,#2287,.T.);
#2285 = VERTEX_POINT('',#2286);
#2286 = CARTESIAN_POINT('',(49.556646,10.257914,1.51));
#2287 = LINE('',#2288,#2289);
#2288 = CARTESIAN_POINT('',(49.556646,10.257914,1.51));
#2289 = VECTOR('',#2290,1.);
#2290 = DIRECTION('',(0.59926781872,-0.800548612794,0.));
#2291 = ORIENTED_EDGE('',*,*,#2292,.F.);
#2292 = EDGE_CURVE('',#2293,#2285,#2295,.T.);
#2293 = VERTEX_POINT('',#2294);
#2294 = CARTESIAN_POINT('',(49.506402,10.392627,1.51));
#2295 = LINE('',#2296,#2297);
#2296 = CARTESIAN_POINT('',(49.506402,10.392627,1.51));
#2297 = VECTOR('',#2298,1.);
#2298 = DIRECTION('',(0.349455929222,-0.93695280219,0.));
#2299 = ORIENTED_EDGE('',*,*,#2300,.F.);
#2300 = EDGE_CURVE('',#2301,#2293,#2303,.T.);
#2301 = VERTEX_POINT('',#2302);
#2302 = CARTESIAN_POINT('',(49.500001,10.452155,1.51));
#2303 = LINE('',#2304,#2305);
#2304 = CARTESIAN_POINT('',(49.500001,10.452155,1.51));
#2305 = VECTOR('',#2306,1.);
#2306 = DIRECTION('',(0.106912914193,-0.994268388705,0.));
#2307 = ORIENTED_EDGE('',*,*,#2308,.F.);
#2308 = EDGE_CURVE('',#2309,#2301,#2311,.T.);
#2309 = VERTEX_POINT('',#2310);
#2310 = CARTESIAN_POINT('',(49.501551,12.062244,1.51));
#2311 = LINE('',#2312,#2313);
#2312 = CARTESIAN_POINT('',(49.501551,12.062244,1.51));
#2313 = VECTOR('',#2314,1.);
#2314 = DIRECTION('',(-9.626792567176E-04,-0.999999536624,0.));
#2315 = ORIENTED_EDGE('',*,*,#2316,.F.);
#2316 = EDGE_CURVE('',#2317,#2309,#2319,.T.);
#2317 = VERTEX_POINT('',#2318);
#2318 = CARTESIAN_POINT('',(49.378261,12.199499,1.51));
#2319 = CIRCLE('',#2320,0.124001983982);
#2320 = AXIS2_PLACEMENT_3D('',#2321,#2322,#2323);
#2321 = CARTESIAN_POINT('',(49.378259274416,12.07549701603,1.51));
#2322 = DIRECTION('',(0.,0.,-1.));
#2323 = DIRECTION('',(1.391577997935E-05,0.999999999903,0.));
#2324 = ORIENTED_EDGE('',*,*,#2325,.F.);
#2325 = EDGE_CURVE('',#2326,#2317,#2328,.T.);
#2326 = VERTEX_POINT('',#2327);
#2327 = CARTESIAN_POINT('',(-49.378259,12.199499,1.51));
#2328 = LINE('',#2329,#2330);
#2329 = CARTESIAN_POINT('',(-49.378259,12.199499,1.51));
#2330 = VECTOR('',#2331,1.);
#2331 = DIRECTION('',(1.,0.,0.));
#2332 = ORIENTED_EDGE('',*,*,#2333,.F.);
#2333 = EDGE_CURVE('',#2334,#2326,#2336,.T.);
#2334 = VERTEX_POINT('',#2335);
#2335 = CARTESIAN_POINT('',(-49.501549,12.062245,1.51));
#2336 = CIRCLE('',#2337,0.124000153014);
#2337 = AXIS2_PLACEMENT_3D('',#2338,#2339,#2340);
#2338 = CARTESIAN_POINT('',(-49.37825920525,12.075498846986,1.51));
#2339 = DIRECTION('',(0.,0.,-1.));
#2340 = DIRECTION('',(-0.994271311328,-0.106885730898,-0.));
#2341 = ORIENTED_EDGE('',*,*,#2342,.F.);
#2342 = EDGE_CURVE('',#2343,#2334,#2345,.T.);
#2343 = VERTEX_POINT('',#2344);
#2344 = CARTESIAN_POINT('',(-49.499999,10.452171,1.51));
#2345 = LINE('',#2346,#2347);
#2346 = CARTESIAN_POINT('',(-49.499999,10.452171,1.51));
#2347 = VECTOR('',#2348,1.);
#2348 = DIRECTION('',(-9.626882253541E-04,0.999999536616,0.));
#2349 = ORIENTED_EDGE('',*,*,#2350,.F.);
#2350 = EDGE_CURVE('',#2351,#2343,#2353,.T.);
#2351 = VERTEX_POINT('',#2352);
#2352 = CARTESIAN_POINT('',(-49.506401,10.392626,1.51));
#2353 = LINE('',#2354,#2355);
#2354 = CARTESIAN_POINT('',(-49.506401,10.392626,1.51));
#2355 = VECTOR('',#2356,1.);
#2356 = DIRECTION('',(0.106899246498,0.994269858287,0.));
#2357 = ORIENTED_EDGE('',*,*,#2358,.F.);
#2358 = EDGE_CURVE('',#2359,#2351,#2361,.T.);
#2359 = VERTEX_POINT('',#2360);
#2360 = CARTESIAN_POINT('',(-49.556647,10.25791,1.51));
#2361 = LINE('',#2362,#2363);
#2362 = CARTESIAN_POINT('',(-49.556647,10.25791,1.51));
#2363 = VECTOR('',#2364,1.);
#2364 = DIRECTION('',(0.349461308844,0.936950795731,0.));
#2365 = ORIENTED_EDGE('',*,*,#2366,.F.);
#2366 = EDGE_CURVE('',#2367,#2359,#2369,.T.);
#2367 = VERTEX_POINT('',#2368);
#2368 = CARTESIAN_POINT('',(-49.584418,10.220812,1.51));
#2369 = LINE('',#2370,#2371);
#2370 = CARTESIAN_POINT('',(-49.584418,10.220812,1.51));
#2371 = VECTOR('',#2372,1.);
#2372 = DIRECTION('',(0.599274693988,0.800543466119,0.));
#2373 = ORIENTED_EDGE('',*,*,#2374,.F.);
#2374 = EDGE_CURVE('',#2375,#2367,#2377,.T.);
#2375 = VERTEX_POINT('',#2376);
#2376 = CARTESIAN_POINT('',(-49.999999,10.636393,1.51));
#2377 = LINE('',#2378,#2379);
#2378 = CARTESIAN_POINT('',(-50.844121,11.480515,1.51));
#2379 = VECTOR('',#2380,1.);
#2380 = DIRECTION('',(0.707106781187,-0.707106781187,0.));
#2381 = ORIENTED_EDGE('',*,*,#2382,.F.);
#2382 = EDGE_CURVE('',#2383,#2375,#2385,.T.);
#2383 = VERTEX_POINT('',#2384);
#2384 = CARTESIAN_POINT('',(-49.999999,11.999998,1.51));
#2385 = LINE('',#2386,#2387);
#2386 = CARTESIAN_POINT('',(-49.999999,11.999998,1.51));
#2387 = VECTOR('',#2388,1.);
#2388 = DIRECTION('',(0.,-1.,0.));
#2389 = ORIENTED_EDGE('',*,*,#2390,.F.);
#2390 = EDGE_CURVE('',#2391,#2383,#2393,.T.);
#2391 = VERTEX_POINT('',#2392);
#2392 = CARTESIAN_POINT('',(-51.749999,11.999998,1.51));
#2393 = LINE('',#2394,#2395);
#2394 = CARTESIAN_POINT('',(-51.749999,11.999998,1.51));
#2395 = VECTOR('',#2396,1.);
#2396 = DIRECTION('',(1.,0.,0.));
#2397 = ORIENTED_EDGE('',*,*,#2398,.F.);
#2398 = EDGE_CURVE('',#2399,#2391,#2401,.T.);
#2399 = VERTEX_POINT('',#2400);
#2400 = CARTESIAN_POINT('',(-52.34412383217,10.79226916783,1.51));
#2401 = CIRCLE('',#2402,0.75);
#2402 = AXIS2_PLACEMENT_3D('',#2403,#2404,#2405);
#2403 = CARTESIAN_POINT('',(-51.749999,11.249998,1.51));
#2404 = DIRECTION('',(0.,0.,-1.));
#2405 = DIRECTION('',(0.,-1.,0.));
#2406 = ORIENTED_EDGE('',*,*,#2407,.F.);
#2407 = EDGE_CURVE('',#2408,#2399,#2410,.T.);
#2408 = VERTEX_POINT('',#2409);
#2409 = CARTESIAN_POINT('',(-52.70208,10.434313,1.51));
#2410 = LINE('',#2411,#2412);
#2411 = CARTESIAN_POINT('',(-52.70208,10.434313,1.51));
#2412 = VECTOR('',#2413,1.);
#2413 = DIRECTION('',(0.707106781187,0.707106781187,0.));
#2414 = ORIENTED_EDGE('',*,*,#2415,.F.);
#2415 = EDGE_CURVE('',#2416,#2408,#2418,.T.);
#2416 = VERTEX_POINT('',#2417);
#2417 = CARTESIAN_POINT('',(-52.841568,10.630618,1.51));
#2418 = LINE('',#2419,#2420);
#2419 = CARTESIAN_POINT('',(-52.841568,10.630618,1.51));
#2420 = VECTOR('',#2421,1.);
#2421 = DIRECTION('',(0.579229570594,-0.815164464724,0.));
#2422 = ORIENTED_EDGE('',*,*,#2423,.F.);
#2423 = EDGE_CURVE('',#2424,#2416,#2426,.T.);
#2424 = VERTEX_POINT('',#2425);
#2425 = CARTESIAN_POINT('',(-52.934622,10.835479,1.51));
#2426 = LINE('',#2427,#2428);
#2427 = CARTESIAN_POINT('',(-52.934622,10.835479,1.51));
#2428 = VECTOR('',#2429,1.);
#2429 = DIRECTION('',(0.413564852841,-0.910474663291,0.));
#2430 = ORIENTED_EDGE('',*,*,#2431,.F.);
#2431 = EDGE_CURVE('',#2432,#2424,#2434,.T.);
#2432 = VERTEX_POINT('',#2433);
#2433 = CARTESIAN_POINT('',(-52.989599,11.053666,1.51));
#2434 = LINE('',#2435,#2436);
#2435 = CARTESIAN_POINT('',(-52.989599,11.053666,1.51));
#2436 = VECTOR('',#2437,1.);
#2437 = DIRECTION('',(0.24433489229,-0.969690909728,0.));
#2438 = ORIENTED_EDGE('',*,*,#2439,.F.);
#2439 = EDGE_CURVE('',#2440,#2432,#2442,.T.);
#2440 = VERTEX_POINT('',#2441);
#2441 = CARTESIAN_POINT('',(-52.989599,11.446331,1.51));
#2442 = CIRCLE('',#2443,1.661507367771);
#2443 = AXIS2_PLACEMENT_3D('',#2444,#2445,#2446);
#2444 = CARTESIAN_POINT('',(-51.33973225307,11.2499985,1.51));
#2445 = DIRECTION('',(0.,0.,1.));
#2446 = DIRECTION('',(-0.992993939675,0.11816529003,0.));
#2447 = ORIENTED_EDGE('',*,*,#2448,.F.);
#2448 = EDGE_CURVE('',#2449,#2440,#2451,.T.);
#2449 = VERTEX_POINT('',#2450);
#2450 = CARTESIAN_POINT('',(-52.934622,11.664518,1.51));
#2451 = LINE('',#2452,#2453);
#2452 = CARTESIAN_POINT('',(-52.934622,11.664518,1.51));
#2453 = VECTOR('',#2454,1.);
#2454 = DIRECTION('',(-0.24433489229,-0.969690909728,0.));
#2455 = ORIENTED_EDGE('',*,*,#2456,.F.);
#2456 = EDGE_CURVE('',#2457,#2449,#2459,.T.);
#2457 = VERTEX_POINT('',#2458);
#2458 = CARTESIAN_POINT('',(-52.841568,11.869379,1.51));
#2459 = LINE('',#2460,#2461);
#2460 = CARTESIAN_POINT('',(-52.841568,11.869379,1.51));
#2461 = VECTOR('',#2462,1.);
#2462 = DIRECTION('',(-0.413564852841,-0.910474663291,0.));
#2463 = ORIENTED_EDGE('',*,*,#2464,.F.);
#2464 = EDGE_CURVE('',#2465,#2457,#2467,.T.);
#2465 = VERTEX_POINT('',#2466);
#2466 = CARTESIAN_POINT('',(-52.74769,12.004883,1.51));
#2467 = LINE('',#2468,#2469);
#2468 = CARTESIAN_POINT('',(-52.74769,12.004883,1.51));
#2469 = VECTOR('',#2470,1.);
#2470 = DIRECTION('',(-0.569486906997,-0.822000403138,0.));
#2471 = ORIENTED_EDGE('',*,*,#2472,.F.);
#2472 = EDGE_CURVE('',#1792,#2465,#2473,.T.);
#2473 = CIRCLE('',#2474,0.124000211127);
#2474 = AXIS2_PLACEMENT_3D('',#2475,#2476,#2477);
#2475 = CARTESIAN_POINT('',(-52.84961871391,12.075498788875,1.51));
#2476 = DIRECTION('',(0.,0.,-1.));
#2477 = DIRECTION('',(5.757398568081E-06,0.999999999983,0.));
#2478 = ORIENTED_EDGE('',*,*,#1799,.F.);
#2479 = FACE_BOUND('',#2480,.F.);
#2480 = EDGE_LOOP('',(#2481,#2491,#2499,#2507,#2515,#2523,#2531,#2539,
    #2547,#2555));
#2481 = ORIENTED_EDGE('',*,*,#2482,.F.);
#2482 = EDGE_CURVE('',#2483,#2485,#2487,.T.);
#2483 = VERTEX_POINT('',#2484);
#2484 = CARTESIAN_POINT('',(-51.36360255871,10.499998,1.51));
#2485 = VERTEX_POINT('',#2486);
#2486 = CARTESIAN_POINT('',(-51.859998,10.003605,1.51));
#2487 = LINE('',#2488,#2489);
#2488 = CARTESIAN_POINT('',(-51.249998,10.613602,1.51));
#2489 = VECTOR('',#2490,1.);
#2490 = DIRECTION('',(-0.707108519976,-0.707105042393,0.));
#2491 = ORIENTED_EDGE('',*,*,#2492,.F.);
#2492 = EDGE_CURVE('',#2493,#2483,#2495,.T.);
#2493 = VERTEX_POINT('',#2494);
#2494 = CARTESIAN_POINT('',(-51.136394,10.499998,1.51));
#2495 = LINE('',#2496,#2497);
#2496 = CARTESIAN_POINT('',(-49.999999,10.499998,1.51));
#2497 = VECTOR('',#2498,1.);
#2498 = DIRECTION('',(-1.,0.,0.));
#2499 = ORIENTED_EDGE('',*,*,#2500,.F.);
#2500 = EDGE_CURVE('',#2501,#2493,#2503,.T.);
#2501 = VERTEX_POINT('',#2502);
#2502 = CARTESIAN_POINT('',(-50.636397,10.000001,1.51));
#2503 = LINE('',#2504,#2505);
#2504 = CARTESIAN_POINT('',(-50.636397,10.000001,1.51));
#2505 = VECTOR('',#2506,1.);
#2506 = DIRECTION('',(-0.707106781187,0.707106781187,0.));
#2507 = ORIENTED_EDGE('',*,*,#2508,.F.);
#2508 = EDGE_CURVE('',#2509,#2501,#2511,.T.);
#2509 = VERTEX_POINT('',#2510);
#2510 = CARTESIAN_POINT('',(50.636396,10.000001,1.51));
#2511 = LINE('',#2512,#2513);
#2512 = CARTESIAN_POINT('',(50.636396,10.000001,1.51));
#2513 = VECTOR('',#2514,1.);
#2514 = DIRECTION('',(-1.,0.,0.));
#2515 = ORIENTED_EDGE('',*,*,#2516,.F.);
#2516 = EDGE_CURVE('',#2517,#2509,#2519,.T.);
#2517 = VERTEX_POINT('',#2518);
#2518 = CARTESIAN_POINT('',(51.136397259429,10.499999,1.51));
#2519 = LINE('',#2520,#2521);
#2520 = CARTESIAN_POINT('',(51.250002,10.613603,1.51));
#2521 = VECTOR('',#2522,1.);
#2522 = DIRECTION('',(-0.707109085949,-0.707104476417,0.));
#2523 = ORIENTED_EDGE('',*,*,#2524,.F.);
#2524 = EDGE_CURVE('',#2525,#2517,#2527,.T.);
#2525 = VERTEX_POINT('',#2526);
#2526 = CARTESIAN_POINT('',(51.363606,10.499999,1.51));
#2527 = LINE('',#2528,#2529);
#2528 = CARTESIAN_POINT('',(51.750001,10.499999,1.51));
#2529 = VECTOR('',#2530,1.);
#2530 = DIRECTION('',(-1.,0.,0.));
#2531 = ORIENTED_EDGE('',*,*,#2532,.F.);
#2532 = EDGE_CURVE('',#2533,#2525,#2535,.T.);
#2533 = VERTEX_POINT('',#2534);
#2534 = CARTESIAN_POINT('',(51.859999,10.003606,1.51));
#2535 = LINE('',#2536,#2537);
#2536 = CARTESIAN_POINT('',(51.859999,10.003606,1.51));
#2537 = VECTOR('',#2538,1.);
#2538 = DIRECTION('',(-0.707106781187,0.707106781187,0.));
#2539 = ORIENTED_EDGE('',*,*,#2540,.F.);
#2540 = EDGE_CURVE('',#2541,#2533,#2543,.T.);
#2541 = VERTEX_POINT('',#2542);
#2542 = CARTESIAN_POINT('',(51.814183,10.,1.51));
#2543 = LINE('',#2544,#2545);
#2544 = CARTESIAN_POINT('',(51.814183,10.,1.51));
#2545 = VECTOR('',#2546,1.);
#2546 = DIRECTION('',(0.99691698891,7.846347699515E-02,0.));
#2547 = ORIENTED_EDGE('',*,*,#2548,.F.);
#2548 = EDGE_CURVE('',#2549,#2541,#2551,.T.);
#2549 = VERTEX_POINT('',#2550);
#2550 = CARTESIAN_POINT('',(-51.814185,9.999998,1.51));
#2551 = LINE('',#2552,#2553);
#2552 = CARTESIAN_POINT('',(-51.814185,9.999998,1.51));
#2553 = VECTOR('',#2554,1.);
#2554 = DIRECTION('',(1.,1.929973460819E-08,0.));
#2555 = ORIENTED_EDGE('',*,*,#2556,.F.);
#2556 = EDGE_CURVE('',#2485,#2549,#2557,.T.);
#2557 = LINE('',#2558,#2559);
#2558 = CARTESIAN_POINT('',(-51.859998,10.003605,1.51));
#2559 = VECTOR('',#2560,1.);
#2560 = DIRECTION('',(0.996914884502,-7.849020994915E-02,0.));
#2561 = FACE_BOUND('',#2562,.F.);
#2562 = EDGE_LOOP('',(#2563,#2573,#2581,#2589,#2597,#2605,#2613,#2622,
    #2630));
#2563 = ORIENTED_EDGE('',*,*,#2564,.F.);
#2564 = EDGE_CURVE('',#2565,#2567,#2569,.T.);
#2565 = VERTEX_POINT('',#2566);
#2566 = CARTESIAN_POINT('',(61.389998,5.369998,1.51));
#2567 = VERTEX_POINT('',#2568);
#2568 = CARTESIAN_POINT('',(61.389998,5.869998,1.51));
#2569 = LINE('',#2570,#2571);
#2570 = CARTESIAN_POINT('',(61.389998,4.969998,1.51));
#2571 = VECTOR('',#2572,1.);
#2572 = DIRECTION('',(0.,1.,0.));
#2573 = ORIENTED_EDGE('',*,*,#2574,.F.);
#2574 = EDGE_CURVE('',#2575,#2565,#2577,.T.);
#2575 = VERTEX_POINT('',#2576);
#2576 = CARTESIAN_POINT('',(60.989998,5.369998,1.51));
#2577 = LINE('',#2578,#2579);
#2578 = CARTESIAN_POINT('',(60.989998,5.369998,1.51));
#2579 = VECTOR('',#2580,1.);
#2580 = DIRECTION('',(1.,0.,0.));
#2581 = ORIENTED_EDGE('',*,*,#2582,.F.);
#2582 = EDGE_CURVE('',#2583,#2575,#2585,.T.);
#2583 = VERTEX_POINT('',#2584);
#2584 = CARTESIAN_POINT('',(60.989998,4.969998,1.51));
#2585 = LINE('',#2586,#2587);
#2586 = CARTESIAN_POINT('',(60.989998,3.669998,1.51));
#2587 = VECTOR('',#2588,1.);
#2588 = DIRECTION('',(0.,1.,0.));
#2589 = ORIENTED_EDGE('',*,*,#2590,.F.);
#2590 = EDGE_CURVE('',#2591,#2583,#2593,.T.);
#2591 = VERTEX_POINT('',#2592);
#2592 = CARTESIAN_POINT('',(60.489998,4.969998,1.51));
#2593 = LINE('',#2594,#2595);
#2594 = CARTESIAN_POINT('',(60.489998,4.969998,1.51));
#2595 = VECTOR('',#2596,1.);
#2596 = DIRECTION('',(1.,0.,0.));
#2597 = ORIENTED_EDGE('',*,*,#2598,.F.);
#2598 = EDGE_CURVE('',#2599,#2591,#2601,.T.);
#2599 = VERTEX_POINT('',#2600);
#2600 = CARTESIAN_POINT('',(60.489998,5.417843,1.51));
#2601 = LINE('',#2602,#2603);
#2602 = CARTESIAN_POINT('',(60.489998,5.417843,1.51));
#2603 = VECTOR('',#2604,1.);
#2604 = DIRECTION('',(0.,-1.,0.));
#2605 = ORIENTED_EDGE('',*,*,#2606,.F.);
#2606 = EDGE_CURVE('',#2607,#2599,#2609,.T.);
#2607 = VERTEX_POINT('',#2608);
#2608 = CARTESIAN_POINT('',(60.496399,5.477371,1.51));
#2609 = LINE('',#2610,#2611);
#2610 = CARTESIAN_POINT('',(60.496399,5.477371,1.51));
#2611 = VECTOR('',#2612,1.);
#2612 = DIRECTION('',(-0.106912914193,-0.994268388705,0.));
#2613 = ORIENTED_EDGE('',*,*,#2614,.F.);
#2614 = EDGE_CURVE('',#2615,#2607,#2617,.T.);
#2615 = VERTEX_POINT('',#2616);
#2616 = CARTESIAN_POINT('',(60.882625,5.863597,1.51));
#2617 = CIRCLE('',#2618,0.505143832088);
#2618 = AXIS2_PLACEMENT_3D('',#2619,#2620,#2621);
#2619 = CARTESIAN_POINT('',(60.989999129141,5.369996870859,1.51));
#2620 = DIRECTION('',(0.,0.,1.));
#2621 = DIRECTION('',(-0.212561496984,0.977147690986,0.));
#2622 = ORIENTED_EDGE('',*,*,#2623,.F.);
#2623 = EDGE_CURVE('',#2624,#2615,#2626,.T.);
#2624 = VERTEX_POINT('',#2625);
#2625 = CARTESIAN_POINT('',(60.942153,5.869998,1.51));
#2626 = LINE('',#2627,#2628);
#2627 = CARTESIAN_POINT('',(60.942153,5.869998,1.51));
#2628 = VECTOR('',#2629,1.);
#2629 = DIRECTION('',(-0.994268388705,-0.106912914193,0.));
#2630 = ORIENTED_EDGE('',*,*,#2631,.F.);
#2631 = EDGE_CURVE('',#2567,#2624,#2632,.T.);
#2632 = LINE('',#2633,#2634);
#2633 = CARTESIAN_POINT('',(61.389998,5.869998,1.51));
#2634 = VECTOR('',#2635,1.);
#2635 = DIRECTION('',(-1.,0.,0.));
#2636 = FACE_BOUND('',#2637,.F.);
#2637 = EDGE_LOOP('',(#2638,#2648,#2657,#2665,#2673,#2682));
#2638 = ORIENTED_EDGE('',*,*,#2639,.F.);
#2639 = EDGE_CURVE('',#2640,#2642,#2644,.T.);
#2640 = VERTEX_POINT('',#2641);
#2641 = CARTESIAN_POINT('',(-61.11889092364,4.969998,1.51));
#2642 = VERTEX_POINT('',#2643);
#2643 = CARTESIAN_POINT('',(-60.56674,4.969998,1.51));
#2644 = LINE('',#2645,#2646);
#2645 = CARTESIAN_POINT('',(-61.39,4.969998,1.51));
#2646 = VECTOR('',#2647,1.);
#2647 = DIRECTION('',(1.,0.,0.));
#2648 = ORIENTED_EDGE('',*,*,#2649,.T.);
#2649 = EDGE_CURVE('',#2640,#2650,#2652,.T.);
#2650 = VERTEX_POINT('',#2651);
#2651 = CARTESIAN_POINT('',(-61.39,5.241107076355,1.51));
#2652 = CIRCLE('',#2653,0.849999);
#2653 = AXIS2_PLACEMENT_3D('',#2654,#2655,#2656);
#2654 = CARTESIAN_POINT('',(-61.84,4.519998,1.51));
#2655 = DIRECTION('',(0.,0.,1.));
#2656 = DIRECTION('',(1.,0.,-0.));
#2657 = ORIENTED_EDGE('',*,*,#2658,.F.);
#2658 = EDGE_CURVE('',#2659,#2650,#2661,.T.);
#2659 = VERTEX_POINT('',#2660);
#2660 = CARTESIAN_POINT('',(-61.39,5.793258,1.51));
#2661 = LINE('',#2662,#2663);
#2662 = CARTESIAN_POINT('',(-61.39,5.793258,1.51));
#2663 = VECTOR('',#2664,1.);
#2664 = DIRECTION('',(0.,-1.,0.));
#2665 = ORIENTED_EDGE('',*,*,#2666,.F.);
#2666 = EDGE_CURVE('',#2667,#2659,#2669,.T.);
#2667 = VERTEX_POINT('',#2668);
#2668 = CARTESIAN_POINT('',(-61.321778,5.771091,1.51));
#2669 = LINE('',#2670,#2671);
#2670 = CARTESIAN_POINT('',(-61.321778,5.771091,1.51));
#2671 = VECTOR('',#2672,1.);
#2672 = DIRECTION('',(-0.951055170476,0.309021136348,0.));
#2673 = ORIENTED_EDGE('',*,*,#2674,.F.);
#2674 = EDGE_CURVE('',#2675,#2667,#2677,.T.);
#2675 = VERTEX_POINT('',#2676);
#2676 = CARTESIAN_POINT('',(-60.588908,5.038221,1.51));
#2677 = CIRCLE('',#2678,1.354167893369);
#2678 = AXIS2_PLACEMENT_3D('',#2679,#2680,#2681);
#2679 = CARTESIAN_POINT('',(-61.83999588813,4.520003111862,1.51));
#2680 = DIRECTION('',(0.,0.,1.));
#2681 = DIRECTION('',(0.923879449708,0.38268363227,-0.));
#2682 = ORIENTED_EDGE('',*,*,#2683,.F.);
#2683 = EDGE_CURVE('',#2642,#2675,#2684,.T.);
#2684 = LINE('',#2685,#2686);
#2685 = CARTESIAN_POINT('',(-60.56674,4.969998,1.51));
#2686 = VECTOR('',#2687,1.);
#2687 = DIRECTION('',(-0.309029648449,0.951052404644,0.));
#2688 = FACE_BOUND('',#2689,.F.);
#2689 = EDGE_LOOP('',(#2690,#2700,#2709,#2717,#2725,#2733,#2742));
#2690 = ORIENTED_EDGE('',*,*,#2691,.F.);
#2691 = EDGE_CURVE('',#2692,#2694,#2696,.T.);
#2692 = VERTEX_POINT('',#2693);
#2693 = CARTESIAN_POINT('',(-61.099999,7.305049834819,1.51));
#2694 = VERTEX_POINT('',#2695);
#2695 = CARTESIAN_POINT('',(-61.099999,6.800004,1.51));
#2696 = LINE('',#2697,#2698);
#2697 = CARTESIAN_POINT('',(-61.099999,7.549999,1.51));
#2698 = VECTOR('',#2699,1.);
#2699 = DIRECTION('',(0.,-1.,0.));
#2700 = ORIENTED_EDGE('',*,*,#2701,.F.);
#2701 = EDGE_CURVE('',#2702,#2692,#2704,.T.);
#2702 = VERTEX_POINT('',#2703);
#2703 = CARTESIAN_POINT('',(-60.899999,7.549999,1.51));
#2704 = CIRCLE('',#2705,0.249998959685);
#2705 = AXIS2_PLACEMENT_3D('',#2706,#2707,#2708);
#2706 = CARTESIAN_POINT('',(-61.14999795968,7.549997959683,1.51));
#2707 = DIRECTION('',(0.,0.,-1.));
#2708 = DIRECTION('',(0.999999999991,4.161285837066E-06,0.));
#2709 = ORIENTED_EDGE('',*,*,#2710,.F.);
#2710 = EDGE_CURVE('',#2711,#2702,#2713,.T.);
#2711 = VERTEX_POINT('',#2712);
#2712 = CARTESIAN_POINT('',(-60.399999,7.549999,1.51));
#2713 = LINE('',#2714,#2715);
#2714 = CARTESIAN_POINT('',(-60.399999,7.549999,1.51));
#2715 = VECTOR('',#2716,1.);
#2716 = DIRECTION('',(-1.,0.,0.));
#2717 = ORIENTED_EDGE('',*,*,#2718,.F.);
#2718 = EDGE_CURVE('',#2719,#2711,#2721,.T.);
#2719 = VERTEX_POINT('',#2720);
#2720 = CARTESIAN_POINT('',(-60.399999,7.500026,1.51));
#2721 = LINE('',#2722,#2723);
#2722 = CARTESIAN_POINT('',(-60.399999,7.500026,1.51));
#2723 = VECTOR('',#2724,1.);
#2724 = DIRECTION('',(0.,1.,0.));
#2725 = ORIENTED_EDGE('',*,*,#2726,.F.);
#2726 = EDGE_CURVE('',#2727,#2719,#2729,.T.);
#2727 = VERTEX_POINT('',#2728);
#2728 = CARTESIAN_POINT('',(-60.410494,7.397302,1.51));
#2729 = LINE('',#2730,#2731);
#2730 = CARTESIAN_POINT('',(-60.410494,7.397302,1.51));
#2731 = VECTOR('',#2732,1.);
#2732 = DIRECTION('',(0.101637895984,0.994821460414,0.));
#2733 = ORIENTED_EDGE('',*,*,#2734,.F.);
#2734 = EDGE_CURVE('',#2735,#2727,#2737,.T.);
#2735 = VERTEX_POINT('',#2736);
#2736 = CARTESIAN_POINT('',(-60.997301,6.810494,1.51));
#2737 = CIRCLE('',#2738,0.755105774384);
#2738 = AXIS2_PLACEMENT_3D('',#2739,#2740,#2741);
#2739 = CARTESIAN_POINT('',(-61.14999944336,7.549999183148,1.51));
#2740 = DIRECTION('',(0.,0.,1.));
#2741 = DIRECTION('',(0.202221262962,-0.979339859705,0.));
#2742 = ORIENTED_EDGE('',*,*,#2743,.F.);
#2743 = EDGE_CURVE('',#2694,#2735,#2744,.T.);
#2744 = LINE('',#2745,#2746);
#2745 = CARTESIAN_POINT('',(-61.099999,6.800004,1.51));
#2746 = VECTOR('',#2747,1.);
#2747 = DIRECTION('',(0.994823755671,0.10161542773,0.));
#2748 = FACE_BOUND('',#2749,.F.);
#2749 = EDGE_LOOP('',(#2750,#2760,#2769,#2777,#2785,#2794,#2802));
#2750 = ORIENTED_EDGE('',*,*,#2751,.F.);
#2751 = EDGE_CURVE('',#2752,#2754,#2756,.T.);
#2752 = VERTEX_POINT('',#2753);
#2753 = CARTESIAN_POINT('',(-60.899999,8.449999,1.51));
#2754 = VERTEX_POINT('',#2755);
#2755 = CARTESIAN_POINT('',(-60.4,8.449999,1.51));
#2756 = LINE('',#2757,#2758);
#2757 = CARTESIAN_POINT('',(-61.099999,8.449999,1.51));
#2758 = VECTOR('',#2759,1.);
#2759 = DIRECTION('',(1.,0.,0.));
#2760 = ORIENTED_EDGE('',*,*,#2761,.F.);
#2761 = EDGE_CURVE('',#2762,#2752,#2764,.T.);
#2762 = VERTEX_POINT('',#2763);
#2763 = CARTESIAN_POINT('',(-61.099999,8.694948165181,1.51));
#2764 = CIRCLE('',#2765,0.249998959685);
#2765 = AXIS2_PLACEMENT_3D('',#2766,#2767,#2768);
#2766 = CARTESIAN_POINT('',(-61.14999795968,8.450000040317,1.51));
#2767 = DIRECTION('',(0.,0.,-1.));
#2768 = DIRECTION('',(-4.161285837066E-06,0.999999999991,0.));
#2769 = ORIENTED_EDGE('',*,*,#2770,.F.);
#2770 = EDGE_CURVE('',#2771,#2762,#2773,.T.);
#2771 = VERTEX_POINT('',#2772);
#2772 = CARTESIAN_POINT('',(-61.099999,9.199997,1.51));
#2773 = LINE('',#2774,#2775);
#2774 = CARTESIAN_POINT('',(-61.099999,9.199997,1.51));
#2775 = VECTOR('',#2776,1.);
#2776 = DIRECTION('',(0.,-1.,0.));
#2777 = ORIENTED_EDGE('',*,*,#2778,.F.);
#2778 = EDGE_CURVE('',#2779,#2771,#2781,.T.);
#2779 = VERTEX_POINT('',#2780);
#2780 = CARTESIAN_POINT('',(-60.997302,9.189505,1.51));
#2781 = LINE('',#2782,#2783);
#2782 = CARTESIAN_POINT('',(-60.997302,9.189505,1.51));
#2783 = VECTOR('',#2784,1.);
#2784 = DIRECTION('',(-0.994821696944,0.101635580828,0.));
#2785 = ORIENTED_EDGE('',*,*,#2786,.F.);
#2786 = EDGE_CURVE('',#2787,#2779,#2789,.T.);
#2787 = VERTEX_POINT('',#2788);
#2788 = CARTESIAN_POINT('',(-60.410494,8.602697,1.51));
#2789 = CIRCLE('',#2790,0.755105024632);
#2790 = AXIS2_PLACEMENT_3D('',#2791,#2792,#2793);
#2791 = CARTESIAN_POINT('',(-61.14999876428,8.450000235715,1.51));
#2792 = DIRECTION('',(0.,0.,1.));
#2793 = DIRECTION('',(0.979340277395,0.202219240112,-0.));
#2794 = ORIENTED_EDGE('',*,*,#2795,.F.);
#2795 = EDGE_CURVE('',#2796,#2787,#2798,.T.);
#2796 = VERTEX_POINT('',#2797);
#2797 = CARTESIAN_POINT('',(-60.4,8.499971,1.51));
#2798 = LINE('',#2799,#2800);
#2799 = CARTESIAN_POINT('',(-60.4,8.499971,1.51));
#2800 = VECTOR('',#2801,1.);
#2801 = DIRECTION('',(-0.101626353407,0.994822639616,0.));
#2802 = ORIENTED_EDGE('',*,*,#2803,.F.);
#2803 = EDGE_CURVE('',#2754,#2796,#2804,.T.);
#2804 = LINE('',#2805,#2806);
#2805 = CARTESIAN_POINT('',(-60.4,8.449999,1.51));
#2806 = VECTOR('',#2807,1.);
#2807 = DIRECTION('',(0.,1.,0.));
#2808 = FACE_BOUND('',#2809,.F.);
#2809 = EDGE_LOOP('',(#2810,#2820,#2829,#2838,#2846));
#2810 = ORIENTED_EDGE('',*,*,#2811,.F.);
#2811 = EDGE_CURVE('',#2812,#2814,#2816,.T.);
#2812 = VERTEX_POINT('',#2813);
#2813 = CARTESIAN_POINT('',(62.194076538772,4.873025461228,1.51));
#2814 = VERTEX_POINT('',#2815);
#2815 = CARTESIAN_POINT('',(62.193025461229,4.874076538771,1.51));
#2816 = LINE('',#2817,#2818);
#2817 = CARTESIAN_POINT('',(62.226,4.841102,1.51));
#2818 = VECTOR('',#2819,1.);
#2819 = DIRECTION('',(-0.707106781187,0.707106781187,0.));
#2820 = ORIENTED_EDGE('',*,*,#2821,.T.);
#2821 = EDGE_CURVE('',#2812,#2822,#2824,.T.);
#2822 = VERTEX_POINT('',#2823);
#2823 = CARTESIAN_POINT('',(61.839998,4.019998,1.51));
#2824 = CIRCLE('',#2825,0.5);
#2825 = AXIS2_PLACEMENT_3D('',#2826,#2827,#2828);
#2826 = CARTESIAN_POINT('',(61.839998,4.519998,1.51));
#2827 = DIRECTION('',(-0.,0.,-1.));
#2828 = DIRECTION('',(-0.,-1.,0.));
#2829 = ORIENTED_EDGE('',*,*,#2830,.T.);
#2830 = EDGE_CURVE('',#2822,#2831,#2833,.T.);
#2831 = VERTEX_POINT('',#2832);
#2832 = CARTESIAN_POINT('',(61.590657552713,4.086605174325,1.51));
#2833 = CIRCLE('',#2834,0.5);
#2834 = AXIS2_PLACEMENT_3D('',#2835,#2836,#2837);
#2835 = CARTESIAN_POINT('',(61.839998,4.519998,1.51));
#2836 = DIRECTION('',(-0.,0.,-1.));
#2837 = DIRECTION('',(-0.,-1.,0.));
#2838 = ORIENTED_EDGE('',*,*,#2839,.F.);
#2839 = EDGE_CURVE('',#2840,#2831,#2842,.T.);
#2840 = VERTEX_POINT('',#2841);
#2841 = CARTESIAN_POINT('',(61.589338734842,4.087366594771,1.51));
#2842 = LINE('',#2843,#2844);
#2843 = CARTESIAN_POINT('',(61.532991,4.119899,1.51));
#2844 = VECTOR('',#2845,1.);
#2845 = DIRECTION('',(0.866025235079,-0.500000292206,0.));
#2846 = ORIENTED_EDGE('',*,*,#2847,.T.);
#2847 = EDGE_CURVE('',#2840,#2814,#2848,.T.);
#2848 = CIRCLE('',#2849,0.5);
#2849 = AXIS2_PLACEMENT_3D('',#2850,#2851,#2852);
#2850 = CARTESIAN_POINT('',(61.839998,4.519998,1.51));
#2851 = DIRECTION('',(-0.,0.,-1.));
#2852 = DIRECTION('',(-0.,-1.,0.));
#2853 = FACE_BOUND('',#2854,.F.);
#2854 = EDGE_LOOP('',(#2855,#2865,#2874));
#2855 = ORIENTED_EDGE('',*,*,#2856,.F.);
#2856 = EDGE_CURVE('',#2857,#2859,#2861,.T.);
#2857 = VERTEX_POINT('',#2858);
#2858 = CARTESIAN_POINT('',(-61.59065955271,4.086605174325,1.51));
#2859 = VERTEX_POINT('',#2860);
#2860 = CARTESIAN_POINT('',(-61.58934073484,4.087366594772,1.51));
#2861 = LINE('',#2862,#2863);
#2862 = CARTESIAN_POINT('',(-61.619424,4.069998,1.51));
#2863 = VECTOR('',#2864,1.);
#2864 = DIRECTION('',(0.866025235079,0.500000292206,0.));
#2865 = ORIENTED_EDGE('',*,*,#2866,.T.);
#2866 = EDGE_CURVE('',#2857,#2867,#2869,.T.);
#2867 = VERTEX_POINT('',#2868);
#2868 = CARTESIAN_POINT('',(-61.84,4.019998,1.51));
#2869 = CIRCLE('',#2870,0.5);
#2870 = AXIS2_PLACEMENT_3D('',#2871,#2872,#2873);
#2871 = CARTESIAN_POINT('',(-61.84,4.519998,1.51));
#2872 = DIRECTION('',(-0.,0.,-1.));
#2873 = DIRECTION('',(-0.,-1.,0.));
#2874 = ORIENTED_EDGE('',*,*,#2875,.T.);
#2875 = EDGE_CURVE('',#2867,#2859,#2876,.T.);
#2876 = CIRCLE('',#2877,0.5);
#2877 = AXIS2_PLACEMENT_3D('',#2878,#2879,#2880);
#2878 = CARTESIAN_POINT('',(-61.84,4.519998,1.51));
#2879 = DIRECTION('',(-0.,0.,-1.));
#2880 = DIRECTION('',(-0.,-1.,0.));
#2881 = PLANE('',#2882);
#2882 = AXIS2_PLACEMENT_3D('',#2883,#2884,#2885);
#2883 = CARTESIAN_POINT('',(0.,0.,1.51));
#2884 = DIRECTION('',(0.,0.,1.));
#2885 = DIRECTION('',(1.,0.,-0.));
#2886 = ADVANCED_FACE('',(#2887),#3706,.T.);
#2887 = FACE_BOUND('',#2888,.T.);
#2888 = EDGE_LOOP('',(#2889,#2890,#2891,#2899,#2907,#2915,#2924,#2932,
    #2940,#2948,#2956,#2964,#2972,#2981,#2989,#2998,#3006,#3014,#3023,
    #3031,#3039,#3047,#3055,#3063,#3071,#3079,#3088,#3096,#3104,#3113,
    #3121,#3130,#3138,#3146,#3155,#3163,#3172,#3180,#3188,#3197,#3205,
    #3213,#3222,#3231,#3239,#3247,#3255,#3264,#3272,#3280,#3288,#3297,
    #3305,#3314,#3322,#3330,#3338,#3347,#3355,#3363,#3371,#3379,#3387,
    #3395,#3404,#3412,#3420,#3428,#3436,#3444,#3452,#3461,#3469,#3477,
    #3485,#3494,#3502,#3510,#3518,#3527,#3535,#3543,#3551,#3559,#3568,
    #3576,#3584,#3592,#3600,#3608,#3616,#3624,#3633,#3641,#3649,#3657,
    #3665,#3674,#3682,#3690,#3698,#3705));
#2889 = ORIENTED_EDGE('',*,*,#1721,.F.);
#2890 = ORIENTED_EDGE('',*,*,#1761,.F.);
#2891 = ORIENTED_EDGE('',*,*,#2892,.F.);
#2892 = EDGE_CURVE('',#2893,#1754,#2895,.T.);
#2893 = VERTEX_POINT('',#2894);
#2894 = CARTESIAN_POINT('',(-61.794804,12.078223,1.545));
#2895 = LINE('',#2896,#2897);
#2896 = CARTESIAN_POINT('',(-61.794804,12.078223,1.545));
#2897 = VECTOR('',#2898,1.);
#2898 = DIRECTION('',(0.887589762795,0.460634793498,0.));
#2899 = ORIENTED_EDGE('',*,*,#2900,.F.);
#2900 = EDGE_CURVE('',#2901,#2893,#2903,.T.);
#2901 = VERTEX_POINT('',#2902);
#2902 = CARTESIAN_POINT('',(-61.947671,11.955849,1.545));
#2903 = LINE('',#2904,#2905);
#2904 = CARTESIAN_POINT('',(-61.947671,11.955849,1.545));
#2905 = VECTOR('',#2906,1.);
#2906 = DIRECTION('',(0.780668481234,0.624945375539,0.));
#2907 = ORIENTED_EDGE('',*,*,#2908,.F.);
#2908 = EDGE_CURVE('',#2909,#2901,#2911,.T.);
#2909 = VERTEX_POINT('',#2910);
#2910 = CARTESIAN_POINT('',(-62.073727,11.806003,1.545));
#2911 = LINE('',#2912,#2913);
#2912 = CARTESIAN_POINT('',(-62.073727,11.806003,1.545));
#2913 = VECTOR('',#2914,1.);
#2914 = DIRECTION('',(0.64374691426,0.76523846635,0.));
#2915 = ORIENTED_EDGE('',*,*,#2916,.F.);
#2916 = EDGE_CURVE('',#2917,#2909,#2919,.T.);
#2917 = VERTEX_POINT('',#2918);
#2918 = CARTESIAN_POINT('',(-62.249402,11.24706,1.545));
#2919 = CIRCLE('',#2920,1.007962913878);
#2920 = AXIS2_PLACEMENT_3D('',#2921,#2922,#2923);
#2921 = CARTESIAN_POINT('',(-61.24148583691,11.237352068219,1.545));
#2922 = DIRECTION('',(0.,0.,-1.));
#2923 = DIRECTION('',(-0.999953618542,9.63123905385E-03,0.));
#2924 = ORIENTED_EDGE('',*,*,#2925,.F.);
#2925 = EDGE_CURVE('',#2926,#2917,#2928,.T.);
#2926 = VERTEX_POINT('',#2927);
#2927 = CARTESIAN_POINT('',(-62.249999,9.311326,1.545));
#2928 = LINE('',#2929,#2930);
#2929 = CARTESIAN_POINT('',(-62.249999,9.311326,1.545));
#2930 = VECTOR('',#2931,1.);
#2931 = DIRECTION('',(3.084101284612E-04,0.999999952442,0.));
#2932 = ORIENTED_EDGE('',*,*,#2933,.F.);
#2933 = EDGE_CURVE('',#2934,#2926,#2936,.T.);
#2934 = VERTEX_POINT('',#2935);
#2935 = CARTESIAN_POINT('',(-62.225516,9.23735,1.545));
#2936 = LINE('',#2937,#2938);
#2937 = CARTESIAN_POINT('',(-62.225516,9.23735,1.545));
#2938 = VECTOR('',#2939,1.);
#2939 = DIRECTION('',(-0.314198095411,0.949357444191,0.));
#2940 = ORIENTED_EDGE('',*,*,#2941,.F.);
#2941 = EDGE_CURVE('',#2942,#2934,#2944,.T.);
#2942 = VERTEX_POINT('',#2943);
#2943 = CARTESIAN_POINT('',(-62.169723,9.195291,1.545));
#2944 = LINE('',#2945,#2946);
#2945 = CARTESIAN_POINT('',(-62.169723,9.195291,1.545));
#2946 = VECTOR('',#2947,1.);
#2947 = DIRECTION('',(-0.798525716738,0.601960696149,0.));
#2948 = ORIENTED_EDGE('',*,*,#2949,.F.);
#2949 = EDGE_CURVE('',#2950,#2942,#2952,.T.);
#2950 = VERTEX_POINT('',#2951);
#2951 = CARTESIAN_POINT('',(-62.109632,9.19079,1.545));
#2952 = LINE('',#2953,#2954);
#2953 = CARTESIAN_POINT('',(-62.109632,9.19079,1.545));
#2954 = VECTOR('',#2955,1.);
#2955 = DIRECTION('',(-0.997206514617,7.469382307319E-02,0.));
#2956 = ORIENTED_EDGE('',*,*,#2957,.F.);
#2957 = EDGE_CURVE('',#2958,#2950,#2960,.T.);
#2958 = VERTEX_POINT('',#2959);
#2959 = CARTESIAN_POINT('',(-62.,9.199997,1.545));
#2960 = LINE('',#2961,#2962);
#2961 = CARTESIAN_POINT('',(-62.,9.199997,1.545));
#2962 = VECTOR('',#2963,1.);
#2963 = DIRECTION('',(-0.996492143934,-8.368636136527E-02,0.));
#2964 = ORIENTED_EDGE('',*,*,#2965,.F.);
#2965 = EDGE_CURVE('',#2966,#2958,#2968,.T.);
#2966 = VERTEX_POINT('',#2967);
#2967 = CARTESIAN_POINT('',(-61.99999978956,8.694948004013,1.545));
#2968 = LINE('',#2969,#2970);
#2969 = CARTESIAN_POINT('',(-61.999999,6.800004,1.545));
#2970 = VECTOR('',#2971,1.);
#2971 = DIRECTION('',(-4.16667880896E-07,1.,0.));
#2972 = ORIENTED_EDGE('',*,*,#2973,.T.);
#2973 = EDGE_CURVE('',#2966,#2974,#2976,.T.);
#2974 = VERTEX_POINT('',#2975);
#2975 = CARTESIAN_POINT('',(-61.949999,8.699999,1.545));
#2976 = CIRCLE('',#2977,0.249998959685);
#2977 = AXIS2_PLACEMENT_3D('',#2978,#2979,#2980);
#2978 = CARTESIAN_POINT('',(-61.95000004031,8.450000040317,1.545));
#2979 = DIRECTION('',(0.,0.,-1.));
#2980 = DIRECTION('',(-0.999999999991,-4.161285837066E-06,-0.));
#2981 = ORIENTED_EDGE('',*,*,#2982,.F.);
#2982 = EDGE_CURVE('',#2983,#2974,#2985,.T.);
#2983 = VERTEX_POINT('',#2984);
#2984 = CARTESIAN_POINT('',(-61.149999,8.699999,1.545));
#2985 = LINE('',#2986,#2987);
#2986 = CARTESIAN_POINT('',(-30.9749995,8.699999,1.545));
#2987 = VECTOR('',#2988,1.);
#2988 = DIRECTION('',(-1.,0.,0.));
#2989 = ORIENTED_EDGE('',*,*,#2990,.T.);
#2990 = EDGE_CURVE('',#2983,#2991,#2993,.T.);
#2991 = VERTEX_POINT('',#2992);
#2992 = CARTESIAN_POINT('',(-61.099999,8.694948165178,1.545));
#2993 = CIRCLE('',#2994,0.249998959685);
#2994 = AXIS2_PLACEMENT_3D('',#2995,#2996,#2997);
#2995 = CARTESIAN_POINT('',(-61.14999795968,8.450000040317,1.545));
#2996 = DIRECTION('',(0.,0.,-1.));
#2997 = DIRECTION('',(-4.161285837066E-06,0.999999999991,0.));
#2998 = ORIENTED_EDGE('',*,*,#2999,.F.);
#2999 = EDGE_CURVE('',#3000,#2991,#3002,.T.);
#3000 = VERTEX_POINT('',#3001);
#3001 = CARTESIAN_POINT('',(-61.099999,9.199997,1.545));
#3002 = LINE('',#3003,#3004);
#3003 = CARTESIAN_POINT('',(-61.099999,9.199997,1.545));
#3004 = VECTOR('',#3005,1.);
#3005 = DIRECTION('',(0.,-1.,0.));
#3006 = ORIENTED_EDGE('',*,*,#3007,.F.);
#3007 = EDGE_CURVE('',#3008,#3000,#3010,.T.);
#3008 = VERTEX_POINT('',#3009);
#3009 = CARTESIAN_POINT('',(-60.997302,9.189505,1.545));
#3010 = LINE('',#3011,#3012);
#3011 = CARTESIAN_POINT('',(-60.997302,9.189505,1.545));
#3012 = VECTOR('',#3013,1.);
#3013 = DIRECTION('',(-0.994821696944,0.101635580828,0.));
#3014 = ORIENTED_EDGE('',*,*,#3015,.F.);
#3015 = EDGE_CURVE('',#3016,#3008,#3018,.T.);
#3016 = VERTEX_POINT('',#3017);
#3017 = CARTESIAN_POINT('',(-60.410494,8.602697,1.545));
#3018 = CIRCLE('',#3019,0.755105024632);
#3019 = AXIS2_PLACEMENT_3D('',#3020,#3021,#3022);
#3020 = CARTESIAN_POINT('',(-61.14999876428,8.450000235715,1.545));
#3021 = DIRECTION('',(0.,0.,1.));
#3022 = DIRECTION('',(0.979340277395,0.202219240112,-0.));
#3023 = ORIENTED_EDGE('',*,*,#3024,.F.);
#3024 = EDGE_CURVE('',#3025,#3016,#3027,.T.);
#3025 = VERTEX_POINT('',#3026);
#3026 = CARTESIAN_POINT('',(-60.4,8.499971,1.545));
#3027 = LINE('',#3028,#3029);
#3028 = CARTESIAN_POINT('',(-60.4,8.499971,1.545));
#3029 = VECTOR('',#3030,1.);
#3030 = DIRECTION('',(-0.101626353407,0.994822639616,0.));
#3031 = ORIENTED_EDGE('',*,*,#3032,.F.);
#3032 = EDGE_CURVE('',#3033,#3025,#3035,.T.);
#3033 = VERTEX_POINT('',#3034);
#3034 = CARTESIAN_POINT('',(-60.4,8.449999,1.545));
#3035 = LINE('',#3036,#3037);
#3036 = CARTESIAN_POINT('',(-60.4,8.449999,1.545));
#3037 = VECTOR('',#3038,1.);
#3038 = DIRECTION('',(0.,1.,0.));
#3039 = ORIENTED_EDGE('',*,*,#3040,.F.);
#3040 = EDGE_CURVE('',#3041,#3033,#3043,.T.);
#3041 = VERTEX_POINT('',#3042);
#3042 = CARTESIAN_POINT('',(-60.899999,8.449999,1.545));
#3043 = LINE('',#3044,#3045);
#3044 = CARTESIAN_POINT('',(-61.099999,8.449999,1.545));
#3045 = VECTOR('',#3046,1.);
#3046 = DIRECTION('',(1.,0.,0.));
#3047 = ORIENTED_EDGE('',*,*,#3048,.F.);
#3048 = EDGE_CURVE('',#3049,#3041,#3051,.T.);
#3049 = VERTEX_POINT('',#3050);
#3050 = CARTESIAN_POINT('',(-60.899999,7.549999,1.545));
#3051 = LINE('',#3052,#3053);
#3052 = CARTESIAN_POINT('',(-60.899999,4.2249995,1.545));
#3053 = VECTOR('',#3054,1.);
#3054 = DIRECTION('',(-0.,1.,0.));
#3055 = ORIENTED_EDGE('',*,*,#3056,.F.);
#3056 = EDGE_CURVE('',#3057,#3049,#3059,.T.);
#3057 = VERTEX_POINT('',#3058);
#3058 = CARTESIAN_POINT('',(-60.399999,7.549999,1.545));
#3059 = LINE('',#3060,#3061);
#3060 = CARTESIAN_POINT('',(-60.399999,7.549999,1.545));
#3061 = VECTOR('',#3062,1.);
#3062 = DIRECTION('',(-1.,0.,0.));
#3063 = ORIENTED_EDGE('',*,*,#3064,.F.);
#3064 = EDGE_CURVE('',#3065,#3057,#3067,.T.);
#3065 = VERTEX_POINT('',#3066);
#3066 = CARTESIAN_POINT('',(-60.399999,7.500026,1.545));
#3067 = LINE('',#3068,#3069);
#3068 = CARTESIAN_POINT('',(-60.399999,7.500026,1.545));
#3069 = VECTOR('',#3070,1.);
#3070 = DIRECTION('',(0.,1.,0.));
#3071 = ORIENTED_EDGE('',*,*,#3072,.F.);
#3072 = EDGE_CURVE('',#3073,#3065,#3075,.T.);
#3073 = VERTEX_POINT('',#3074);
#3074 = CARTESIAN_POINT('',(-60.410494,7.397302,1.545));
#3075 = LINE('',#3076,#3077);
#3076 = CARTESIAN_POINT('',(-60.410494,7.397302,1.545));
#3077 = VECTOR('',#3078,1.);
#3078 = DIRECTION('',(0.101637895984,0.994821460414,0.));
#3079 = ORIENTED_EDGE('',*,*,#3080,.F.);
#3080 = EDGE_CURVE('',#3081,#3073,#3083,.T.);
#3081 = VERTEX_POINT('',#3082);
#3082 = CARTESIAN_POINT('',(-60.997301,6.810494,1.545));
#3083 = CIRCLE('',#3084,0.755105774384);
#3084 = AXIS2_PLACEMENT_3D('',#3085,#3086,#3087);
#3085 = CARTESIAN_POINT('',(-61.14999944336,7.549999183148,1.545));
#3086 = DIRECTION('',(0.,0.,1.));
#3087 = DIRECTION('',(0.202221262962,-0.979339859705,0.));
#3088 = ORIENTED_EDGE('',*,*,#3089,.F.);
#3089 = EDGE_CURVE('',#3090,#3081,#3092,.T.);
#3090 = VERTEX_POINT('',#3091);
#3091 = CARTESIAN_POINT('',(-61.099999,6.800004,1.545));
#3092 = LINE('',#3093,#3094);
#3093 = CARTESIAN_POINT('',(-61.099999,6.800004,1.545));
#3094 = VECTOR('',#3095,1.);
#3095 = DIRECTION('',(0.994823755671,0.10161542773,0.));
#3096 = ORIENTED_EDGE('',*,*,#3097,.F.);
#3097 = EDGE_CURVE('',#3098,#3090,#3100,.T.);
#3098 = VERTEX_POINT('',#3099);
#3099 = CARTESIAN_POINT('',(-61.099999,7.305049834822,1.545));
#3100 = LINE('',#3101,#3102);
#3101 = CARTESIAN_POINT('',(-61.099999,7.549999,1.545));
#3102 = VECTOR('',#3103,1.);
#3103 = DIRECTION('',(0.,-1.,0.));
#3104 = ORIENTED_EDGE('',*,*,#3105,.T.);
#3105 = EDGE_CURVE('',#3098,#3106,#3108,.T.);
#3106 = VERTEX_POINT('',#3107);
#3107 = CARTESIAN_POINT('',(-61.149999,7.299999,1.545));
#3108 = CIRCLE('',#3109,0.249998959685);
#3109 = AXIS2_PLACEMENT_3D('',#3110,#3111,#3112);
#3110 = CARTESIAN_POINT('',(-61.14999795968,7.549997959683,1.545));
#3111 = DIRECTION('',(0.,0.,-1.));
#3112 = DIRECTION('',(0.999999999991,4.161285837066E-06,0.));
#3113 = ORIENTED_EDGE('',*,*,#3114,.F.);
#3114 = EDGE_CURVE('',#3115,#3106,#3117,.T.);
#3115 = VERTEX_POINT('',#3116);
#3116 = CARTESIAN_POINT('',(-61.949999,7.299999,1.545));
#3117 = LINE('',#3118,#3119);
#3118 = CARTESIAN_POINT('',(-30.5749995,7.299999,1.545));
#3119 = VECTOR('',#3120,1.);
#3120 = DIRECTION('',(1.,0.,-0.));
#3121 = ORIENTED_EDGE('',*,*,#3122,.T.);
#3122 = EDGE_CURVE('',#3115,#3123,#3125,.T.);
#3123 = VERTEX_POINT('',#3124);
#3124 = CARTESIAN_POINT('',(-61.99999921043,7.305049877775,1.545));
#3125 = CIRCLE('',#3126,0.249998959685);
#3126 = AXIS2_PLACEMENT_3D('',#3127,#3128,#3129);
#3127 = CARTESIAN_POINT('',(-61.95000004031,7.549997959683,1.545));
#3128 = DIRECTION('',(0.,0.,-1.));
#3129 = DIRECTION('',(4.161285837066E-06,-0.999999999991,0.));
#3130 = ORIENTED_EDGE('',*,*,#3131,.F.);
#3131 = EDGE_CURVE('',#3132,#3123,#3134,.T.);
#3132 = VERTEX_POINT('',#3133);
#3133 = CARTESIAN_POINT('',(-61.999999,6.800004,1.545));
#3134 = LINE('',#3135,#3136);
#3135 = CARTESIAN_POINT('',(-61.999999,6.800004,1.545));
#3136 = VECTOR('',#3137,1.);
#3137 = DIRECTION('',(-4.16667880896E-07,1.,0.));
#3138 = ORIENTED_EDGE('',*,*,#3139,.F.);
#3139 = EDGE_CURVE('',#3140,#3132,#3142,.T.);
#3140 = VERTEX_POINT('',#3141);
#3141 = CARTESIAN_POINT('',(-62.103915,6.810618,1.545));
#3142 = LINE('',#3143,#3144);
#3143 = CARTESIAN_POINT('',(-62.103915,6.810618,1.545));
#3144 = VECTOR('',#3145,1.);
#3145 = DIRECTION('',(0.994824153972,-0.101611528256,0.));
#3146 = ORIENTED_EDGE('',*,*,#3147,.F.);
#3147 = EDGE_CURVE('',#3148,#3140,#3150,.T.);
#3148 = VERTEX_POINT('',#3149);
#3149 = CARTESIAN_POINT('',(-62.249999,6.688673,1.545));
#3150 = CIRCLE('',#3151,0.123920950127);
#3151 = AXIS2_PLACEMENT_3D('',#3152,#3153,#3154);
#3152 = CARTESIAN_POINT('',(-62.12607805183,6.688695069369,1.545));
#3153 = DIRECTION('',(0.,0.,-1.));
#3154 = DIRECTION('',(-0.999999984142,-1.780923163198E-04,-0.));
#3155 = ORIENTED_EDGE('',*,*,#3156,.F.);
#3156 = EDGE_CURVE('',#3157,#3148,#3159,.T.);
#3157 = VERTEX_POINT('',#3158);
#3158 = CARTESIAN_POINT('',(-62.249999,5.264577827823,1.545));
#3159 = LINE('',#3160,#3161);
#3160 = CARTESIAN_POINT('',(-62.249999,4.809858,1.545));
#3161 = VECTOR('',#3162,1.);
#3162 = DIRECTION('',(0.,1.,0.));
#3163 = ORIENTED_EDGE('',*,*,#3164,.T.);
#3164 = EDGE_CURVE('',#3157,#3165,#3167,.T.);
#3165 = VERTEX_POINT('',#3166);
#3166 = CARTESIAN_POINT('',(-61.39,5.241107076355,1.545));
#3167 = CIRCLE('',#3168,0.849999);
#3168 = AXIS2_PLACEMENT_3D('',#3169,#3170,#3171);
#3169 = CARTESIAN_POINT('',(-61.84,4.519998,1.545));
#3170 = DIRECTION('',(0.,-0.,-1.));
#3171 = DIRECTION('',(1.,0.,-0.));
#3172 = ORIENTED_EDGE('',*,*,#3173,.F.);
#3173 = EDGE_CURVE('',#3174,#3165,#3176,.T.);
#3174 = VERTEX_POINT('',#3175);
#3175 = CARTESIAN_POINT('',(-61.39,5.793258,1.545));
#3176 = LINE('',#3177,#3178);
#3177 = CARTESIAN_POINT('',(-61.39,5.793258,1.545));
#3178 = VECTOR('',#3179,1.);
#3179 = DIRECTION('',(0.,-1.,0.));
#3180 = ORIENTED_EDGE('',*,*,#3181,.F.);
#3181 = EDGE_CURVE('',#3182,#3174,#3184,.T.);
#3182 = VERTEX_POINT('',#3183);
#3183 = CARTESIAN_POINT('',(-61.321778,5.771091,1.545));
#3184 = LINE('',#3185,#3186);
#3185 = CARTESIAN_POINT('',(-61.321778,5.771091,1.545));
#3186 = VECTOR('',#3187,1.);
#3187 = DIRECTION('',(-0.951055170476,0.309021136348,0.));
#3188 = ORIENTED_EDGE('',*,*,#3189,.F.);
#3189 = EDGE_CURVE('',#3190,#3182,#3192,.T.);
#3190 = VERTEX_POINT('',#3191);
#3191 = CARTESIAN_POINT('',(-60.588908,5.038221,1.545));
#3192 = CIRCLE('',#3193,1.354167893369);
#3193 = AXIS2_PLACEMENT_3D('',#3194,#3195,#3196);
#3194 = CARTESIAN_POINT('',(-61.83999588813,4.520003111862,1.545));
#3195 = DIRECTION('',(0.,0.,1.));
#3196 = DIRECTION('',(0.923879449708,0.38268363227,-0.));
#3197 = ORIENTED_EDGE('',*,*,#3198,.F.);
#3198 = EDGE_CURVE('',#3199,#3190,#3201,.T.);
#3199 = VERTEX_POINT('',#3200);
#3200 = CARTESIAN_POINT('',(-60.56674,4.969998,1.545));
#3201 = LINE('',#3202,#3203);
#3202 = CARTESIAN_POINT('',(-60.56674,4.969998,1.545));
#3203 = VECTOR('',#3204,1.);
#3204 = DIRECTION('',(-0.309029648449,0.951052404644,0.));
#3205 = ORIENTED_EDGE('',*,*,#3206,.F.);
#3206 = EDGE_CURVE('',#3207,#3199,#3209,.T.);
#3207 = VERTEX_POINT('',#3208);
#3208 = CARTESIAN_POINT('',(-61.11889092364,4.969998,1.545));
#3209 = LINE('',#3210,#3211);
#3210 = CARTESIAN_POINT('',(-61.39,4.969998,1.545));
#3211 = VECTOR('',#3212,1.);
#3212 = DIRECTION('',(1.,0.,0.));
#3213 = ORIENTED_EDGE('',*,*,#3214,.T.);
#3214 = EDGE_CURVE('',#3207,#3215,#3217,.T.);
#3215 = VERTEX_POINT('',#3216);
#3216 = CARTESIAN_POINT('',(-60.990001,4.519998,1.545));
#3217 = CIRCLE('',#3218,0.849999);
#3218 = AXIS2_PLACEMENT_3D('',#3219,#3220,#3221);
#3219 = CARTESIAN_POINT('',(-61.84,4.519998,1.545));
#3220 = DIRECTION('',(0.,-0.,-1.));
#3221 = DIRECTION('',(1.,0.,-0.));
#3222 = ORIENTED_EDGE('',*,*,#3223,.T.);
#3223 = EDGE_CURVE('',#3215,#3224,#3226,.T.);
#3224 = VERTEX_POINT('',#3225);
#3225 = CARTESIAN_POINT('',(-61.11889092364,4.069998,1.545));
#3226 = CIRCLE('',#3227,0.849999);
#3227 = AXIS2_PLACEMENT_3D('',#3228,#3229,#3230);
#3228 = CARTESIAN_POINT('',(-61.84,4.519998,1.545));
#3229 = DIRECTION('',(0.,-0.,-1.));
#3230 = DIRECTION('',(1.,0.,-0.));
#3231 = ORIENTED_EDGE('',*,*,#3232,.F.);
#3232 = EDGE_CURVE('',#3233,#3224,#3235,.T.);
#3233 = VERTEX_POINT('',#3234);
#3234 = CARTESIAN_POINT('',(-60.56674,4.069998,1.545));
#3235 = LINE('',#3236,#3237);
#3236 = CARTESIAN_POINT('',(-60.56674,4.069998,1.545));
#3237 = VECTOR('',#3238,1.);
#3238 = DIRECTION('',(-1.,0.,0.));
#3239 = ORIENTED_EDGE('',*,*,#3240,.F.);
#3240 = EDGE_CURVE('',#3241,#3233,#3243,.T.);
#3241 = VERTEX_POINT('',#3242);
#3242 = CARTESIAN_POINT('',(-60.588908,4.001776,1.545));
#3243 = LINE('',#3244,#3245);
#3244 = CARTESIAN_POINT('',(-60.588908,4.001776,1.545));
#3245 = VECTOR('',#3246,1.);
#3246 = DIRECTION('',(0.309033745616,0.951051073324,0.));
#3247 = ORIENTED_EDGE('',*,*,#3248,.F.);
#3248 = EDGE_CURVE('',#3249,#3241,#3251,.T.);
#3249 = VERTEX_POINT('',#3250);
#3250 = CARTESIAN_POINT('',(-60.685376,3.812449,1.545));
#3251 = LINE('',#3252,#3253);
#3252 = CARTESIAN_POINT('',(-60.685376,3.812449,1.545));
#3253 = VECTOR('',#3254,1.);
#3254 = DIRECTION('',(0.453994516976,0.891004477293,0.));
#3255 = ORIENTED_EDGE('',*,*,#3256,.F.);
#3256 = EDGE_CURVE('',#3257,#3249,#3259,.T.);
#3257 = VERTEX_POINT('',#3258);
#3258 = CARTESIAN_POINT('',(-60.580971,3.621498,1.545));
#3259 = CIRCLE('',#3260,0.124028103863);
#3260 = AXIS2_PLACEMENT_3D('',#3261,#3262,#3263);
#3261 = CARTESIAN_POINT('',(-60.58095236123,3.745526102462,1.545));
#3262 = DIRECTION('',(0.,0.,-1.));
#3263 = DIRECTION('',(-1.502785637949E-04,-0.999999988708,-0.));
#3264 = ORIENTED_EDGE('',*,*,#3265,.F.);
#3265 = EDGE_CURVE('',#3266,#3257,#3268,.T.);
#3266 = VERTEX_POINT('',#3267);
#3267 = CARTESIAN_POINT('',(-60.323452,3.624332,1.545));
#3268 = LINE('',#3269,#3270);
#3269 = CARTESIAN_POINT('',(-60.323452,3.624332,1.545));
#3270 = VECTOR('',#3271,1.);
#3271 = DIRECTION('',(-0.999939450342,-1.100434687254E-02,0.));
#3272 = ORIENTED_EDGE('',*,*,#3273,.F.);
#3273 = EDGE_CURVE('',#3274,#3266,#3276,.T.);
#3274 = VERTEX_POINT('',#3275);
#3275 = CARTESIAN_POINT('',(-60.262129,3.657817,1.545));
#3276 = LINE('',#3277,#3278);
#3277 = CARTESIAN_POINT('',(-60.262129,3.657817,1.545));
#3278 = VECTOR('',#3279,1.);
#3279 = DIRECTION('',(-0.877678335521,-0.479250184514,0.));
#3280 = ORIENTED_EDGE('',*,*,#3281,.F.);
#3281 = EDGE_CURVE('',#3282,#3274,#3284,.T.);
#3282 = VERTEX_POINT('',#3283);
#3283 = CARTESIAN_POINT('',(-58.157675,5.762272,1.545));
#3284 = LINE('',#3285,#3286);
#3285 = CARTESIAN_POINT('',(-58.157675,5.762272,1.545));
#3286 = VECTOR('',#3287,1.);
#3287 = DIRECTION('',(-0.707106613184,-0.707106949189,0.));
#3288 = ORIENTED_EDGE('',*,*,#3289,.F.);
#3289 = EDGE_CURVE('',#3290,#3282,#3292,.T.);
#3290 = VERTEX_POINT('',#3291);
#3291 = CARTESIAN_POINT('',(-57.807073,5.907498,1.545));
#3292 = CIRCLE('',#3293,0.653657506429);
#3293 = AXIS2_PLACEMENT_3D('',#3294,#3295,#3296);
#3294 = CARTESIAN_POINT('',(-57.74299831821,5.256988529765,1.545));
#3295 = DIRECTION('',(0.,0.,1.));
#3296 = DIRECTION('',(-9.802485423628E-02,0.995183966889,0.));
#3297 = ORIENTED_EDGE('',*,*,#3298,.F.);
#3298 = EDGE_CURVE('',#3299,#3290,#3301,.T.);
#3299 = VERTEX_POINT('',#3300);
#3300 = CARTESIAN_POINT('',(57.807071,5.907498,1.545));
#3301 = LINE('',#3302,#3303);
#3302 = CARTESIAN_POINT('',(57.807071,5.907498,1.545));
#3303 = VECTOR('',#3304,1.);
#3304 = DIRECTION('',(-1.,0.,0.));
#3305 = ORIENTED_EDGE('',*,*,#3306,.F.);
#3306 = EDGE_CURVE('',#3307,#3299,#3309,.T.);
#3307 = VERTEX_POINT('',#3308);
#3308 = CARTESIAN_POINT('',(58.157675,5.762272,1.545));
#3309 = CIRCLE('',#3310,0.653671169082);
#3310 = AXIS2_PLACEMENT_3D('',#3311,#3312,#3313);
#3311 = CARTESIAN_POINT('',(57.742993127225,5.256975115307,1.545));
#3312 = DIRECTION('',(0.,0.,1.));
#3313 = DIRECTION('',(0.63438911243,0.773013876997,-0.));
#3314 = ORIENTED_EDGE('',*,*,#3315,.F.);
#3315 = EDGE_CURVE('',#3316,#3307,#3318,.T.);
#3316 = VERTEX_POINT('',#3317);
#3317 = CARTESIAN_POINT('',(60.28277,3.641183,1.545));
#3318 = LINE('',#3319,#3320);
#3319 = CARTESIAN_POINT('',(60.28277,3.641183,1.545));
#3320 = VECTOR('',#3321,1.);
#3321 = DIRECTION('',(-0.707773575721,0.706439357277,0.));
#3322 = ORIENTED_EDGE('',*,*,#3323,.F.);
#3323 = EDGE_CURVE('',#3324,#3316,#3326,.T.);
#3324 = VERTEX_POINT('',#3325);
#3325 = CARTESIAN_POINT('',(60.349809,3.621498,1.545));
#3326 = LINE('',#3327,#3328);
#3327 = CARTESIAN_POINT('',(60.349809,3.621498,1.545));
#3328 = VECTOR('',#3329,1.);
#3329 = DIRECTION('',(-0.959490754593,0.281740114026,0.));
#3330 = ORIENTED_EDGE('',*,*,#3331,.F.);
#3331 = EDGE_CURVE('',#3332,#3324,#3334,.T.);
#3332 = VERTEX_POINT('',#3333);
#3333 = CARTESIAN_POINT('',(60.365998,3.621498,1.545));
#3334 = LINE('',#3335,#3336);
#3335 = CARTESIAN_POINT('',(60.365998,3.621498,1.545));
#3336 = VECTOR('',#3337,1.);
#3337 = DIRECTION('',(-1.,0.,0.));
#3338 = ORIENTED_EDGE('',*,*,#3339,.F.);
#3339 = EDGE_CURVE('',#3340,#3332,#3342,.T.);
#3340 = VERTEX_POINT('',#3341);
#3341 = CARTESIAN_POINT('',(60.488736,3.727851,1.545));
#3342 = CIRCLE('',#3343,0.123999633016);
#3343 = AXIS2_PLACEMENT_3D('',#3344,#3345,#3346);
#3344 = CARTESIAN_POINT('',(60.365998453457,3.745497633015,1.545));
#3345 = DIRECTION('',(0.,0.,-1.));
#3346 = DIRECTION('',(0.989821853158,-0.142311977752,0.));
#3347 = ORIENTED_EDGE('',*,*,#3348,.F.);
#3348 = EDGE_CURVE('',#3349,#3340,#3351,.T.);
#3349 = VERTEX_POINT('',#3350);
#3350 = CARTESIAN_POINT('',(60.489998,4.069998,1.545));
#3351 = LINE('',#3352,#3353);
#3352 = CARTESIAN_POINT('',(60.489998,4.069998,1.545));
#3353 = VECTOR('',#3354,1.);
#3354 = DIRECTION('',(-3.688447992923E-03,-0.999993197653,0.));
#3355 = ORIENTED_EDGE('',*,*,#3356,.F.);
#3356 = EDGE_CURVE('',#3357,#3349,#3359,.T.);
#3357 = VERTEX_POINT('',#3358);
#3358 = CARTESIAN_POINT('',(60.989998,4.069998,1.545));
#3359 = LINE('',#3360,#3361);
#3360 = CARTESIAN_POINT('',(61.619422,4.069998,1.545));
#3361 = VECTOR('',#3362,1.);
#3362 = DIRECTION('',(-1.,0.,0.));
#3363 = ORIENTED_EDGE('',*,*,#3364,.F.);
#3364 = EDGE_CURVE('',#3365,#3357,#3367,.T.);
#3365 = VERTEX_POINT('',#3366);
#3366 = CARTESIAN_POINT('',(60.989998,4.969998,1.545));
#3367 = LINE('',#3368,#3369);
#3368 = CARTESIAN_POINT('',(60.989998,1.834999,1.545));
#3369 = VECTOR('',#3370,1.);
#3370 = DIRECTION('',(0.,-1.,0.));
#3371 = ORIENTED_EDGE('',*,*,#3372,.F.);
#3372 = EDGE_CURVE('',#3373,#3365,#3375,.T.);
#3373 = VERTEX_POINT('',#3374);
#3374 = CARTESIAN_POINT('',(60.489998,4.969998,1.545));
#3375 = LINE('',#3376,#3377);
#3376 = CARTESIAN_POINT('',(60.489998,4.969998,1.545));
#3377 = VECTOR('',#3378,1.);
#3378 = DIRECTION('',(1.,0.,0.));
#3379 = ORIENTED_EDGE('',*,*,#3380,.F.);
#3380 = EDGE_CURVE('',#3381,#3373,#3383,.T.);
#3381 = VERTEX_POINT('',#3382);
#3382 = CARTESIAN_POINT('',(60.489998,5.417843,1.545));
#3383 = LINE('',#3384,#3385);
#3384 = CARTESIAN_POINT('',(60.489998,5.417843,1.545));
#3385 = VECTOR('',#3386,1.);
#3386 = DIRECTION('',(0.,-1.,0.));
#3387 = ORIENTED_EDGE('',*,*,#3388,.F.);
#3388 = EDGE_CURVE('',#3389,#3381,#3391,.T.);
#3389 = VERTEX_POINT('',#3390);
#3390 = CARTESIAN_POINT('',(60.496399,5.477371,1.545));
#3391 = LINE('',#3392,#3393);
#3392 = CARTESIAN_POINT('',(60.496399,5.477371,1.545));
#3393 = VECTOR('',#3394,1.);
#3394 = DIRECTION('',(-0.106912914193,-0.994268388705,0.));
#3395 = ORIENTED_EDGE('',*,*,#3396,.F.);
#3396 = EDGE_CURVE('',#3397,#3389,#3399,.T.);
#3397 = VERTEX_POINT('',#3398);
#3398 = CARTESIAN_POINT('',(60.882625,5.863597,1.545));
#3399 = CIRCLE('',#3400,0.505143832088);
#3400 = AXIS2_PLACEMENT_3D('',#3401,#3402,#3403);
#3401 = CARTESIAN_POINT('',(60.989999129141,5.369996870859,1.545));
#3402 = DIRECTION('',(0.,0.,1.));
#3403 = DIRECTION('',(-0.212561496984,0.977147690986,0.));
#3404 = ORIENTED_EDGE('',*,*,#3405,.F.);
#3405 = EDGE_CURVE('',#3406,#3397,#3408,.T.);
#3406 = VERTEX_POINT('',#3407);
#3407 = CARTESIAN_POINT('',(60.942153,5.869998,1.545));
#3408 = LINE('',#3409,#3410);
#3409 = CARTESIAN_POINT('',(60.942153,5.869998,1.545));
#3410 = VECTOR('',#3411,1.);
#3411 = DIRECTION('',(-0.994268388705,-0.106912914193,0.));
#3412 = ORIENTED_EDGE('',*,*,#3413,.F.);
#3413 = EDGE_CURVE('',#3414,#3406,#3416,.T.);
#3414 = VERTEX_POINT('',#3415);
#3415 = CARTESIAN_POINT('',(61.389998,5.869998,1.545));
#3416 = LINE('',#3417,#3418);
#3417 = CARTESIAN_POINT('',(61.389998,5.869998,1.545));
#3418 = VECTOR('',#3419,1.);
#3419 = DIRECTION('',(-1.,0.,0.));
#3420 = ORIENTED_EDGE('',*,*,#3421,.F.);
#3421 = EDGE_CURVE('',#3422,#3414,#3424,.T.);
#3422 = VERTEX_POINT('',#3423);
#3423 = CARTESIAN_POINT('',(61.389998,5.369998,1.545));
#3424 = LINE('',#3425,#3426);
#3425 = CARTESIAN_POINT('',(61.389998,4.969998,1.545));
#3426 = VECTOR('',#3427,1.);
#3427 = DIRECTION('',(0.,1.,0.));
#3428 = ORIENTED_EDGE('',*,*,#3429,.F.);
#3429 = EDGE_CURVE('',#3430,#3422,#3432,.T.);
#3430 = VERTEX_POINT('',#3431);
#3431 = CARTESIAN_POINT('',(62.226,5.369998,1.545));
#3432 = LINE('',#3433,#3434);
#3433 = CARTESIAN_POINT('',(30.494999,5.369998,1.545));
#3434 = VECTOR('',#3435,1.);
#3435 = DIRECTION('',(-1.,0.,0.));
#3436 = ORIENTED_EDGE('',*,*,#3437,.F.);
#3437 = EDGE_CURVE('',#3438,#3430,#3440,.T.);
#3438 = VERTEX_POINT('',#3439);
#3439 = CARTESIAN_POINT('',(62.226,11.234906,1.545));
#3440 = LINE('',#3441,#3442);
#3441 = CARTESIAN_POINT('',(62.226,11.234906,1.545));
#3442 = VECTOR('',#3443,1.);
#3443 = DIRECTION('',(0.,-1.,0.));
#3444 = ORIENTED_EDGE('',*,*,#3445,.F.);
#3445 = EDGE_CURVE('',#3446,#3438,#3448,.T.);
#3446 = VERTEX_POINT('',#3447);
#3447 = CARTESIAN_POINT('',(62.207982,11.423933,1.545));
#3448 = LINE('',#3449,#3450);
#3449 = CARTESIAN_POINT('',(62.207982,11.423933,1.545));
#3450 = VECTOR('',#3451,1.);
#3451 = DIRECTION('',(9.488961465918E-02,-0.995487800543,0.));
#3452 = ORIENTED_EDGE('',*,*,#3453,.F.);
#3453 = EDGE_CURVE('',#3454,#3446,#3456,.T.);
#3454 = VERTEX_POINT('',#3455);
#3455 = CARTESIAN_POINT('',(61.619453,12.159121,1.545));
#3456 = CIRCLE('',#3457,0.998873218578);
#3457 = AXIS2_PLACEMENT_3D('',#3458,#3459,#3460);
#3458 = CARTESIAN_POINT('',(61.226002590464,11.241000919604,1.545));
#3459 = DIRECTION('',(0.,0.,-1.));
#3460 = DIRECTION('',(0.393894242251,0.91915576804,0.));
#3461 = ORIENTED_EDGE('',*,*,#3462,.F.);
#3462 = EDGE_CURVE('',#3463,#3454,#3465,.T.);
#3463 = VERTEX_POINT('',#3464);
#3464 = CARTESIAN_POINT('',(61.512151,12.19416,1.545));
#3465 = LINE('',#3466,#3467);
#3466 = CARTESIAN_POINT('',(61.512151,12.19416,1.545));
#3467 = VECTOR('',#3468,1.);
#3468 = DIRECTION('',(0.950601241903,-0.31041468859,0.));
#3469 = ORIENTED_EDGE('',*,*,#3470,.F.);
#3470 = EDGE_CURVE('',#3471,#3463,#3473,.T.);
#3471 = VERTEX_POINT('',#3472);
#3472 = CARTESIAN_POINT('',(61.477263,12.199494,1.545));
#3473 = LINE('',#3474,#3475);
#3474 = CARTESIAN_POINT('',(61.477263,12.199494,1.545));
#3475 = VECTOR('',#3476,1.);
#3476 = DIRECTION('',(0.988513426583,-0.151133072042,0.));
#3477 = ORIENTED_EDGE('',*,*,#3478,.F.);
#3478 = EDGE_CURVE('',#3479,#3471,#3481,.T.);
#3479 = VERTEX_POINT('',#3480);
#3480 = CARTESIAN_POINT('',(52.849621,12.199499,1.545));
#3481 = LINE('',#3482,#3483);
#3482 = CARTESIAN_POINT('',(52.849621,12.199499,1.545));
#3483 = VECTOR('',#3484,1.);
#3484 = DIRECTION('',(1.,-5.795326231443E-07,0.));
#3485 = ORIENTED_EDGE('',*,*,#3486,.F.);
#3486 = EDGE_CURVE('',#3487,#3479,#3489,.T.);
#3487 = VERTEX_POINT('',#3488);
#3488 = CARTESIAN_POINT('',(52.747693,12.004883,1.545));
#3489 = CIRCLE('',#3490,0.123999996141);
#3490 = AXIS2_PLACEMENT_3D('',#3491,#3492,#3493);
#3491 = CARTESIAN_POINT('',(52.849621303438,12.07549900386,1.545));
#3492 = DIRECTION('',(0.,0.,-1.));
#3493 = DIRECTION('',(-0.822002472666,-0.569483919818,-0.));
#3494 = ORIENTED_EDGE('',*,*,#3495,.F.);
#3495 = EDGE_CURVE('',#3496,#3487,#3498,.T.);
#3496 = VERTEX_POINT('',#3497);
#3497 = CARTESIAN_POINT('',(52.841569,11.86938,1.545));
#3498 = LINE('',#3499,#3500);
#3499 = CARTESIAN_POINT('',(52.841569,11.86938,1.545));
#3500 = VECTOR('',#3501,1.);
#3501 = DIRECTION('',(-0.569481548906,0.82200411523,0.));
#3502 = ORIENTED_EDGE('',*,*,#3503,.F.);
#3503 = EDGE_CURVE('',#3504,#3496,#3506,.T.);
#3504 = VERTEX_POINT('',#3505);
#3505 = CARTESIAN_POINT('',(52.934623,11.664519,1.545));
#3506 = LINE('',#3507,#3508);
#3507 = CARTESIAN_POINT('',(52.934623,11.664519,1.545));
#3508 = VECTOR('',#3509,1.);
#3509 = DIRECTION('',(-0.413564852841,0.910474663291,0.));
#3510 = ORIENTED_EDGE('',*,*,#3511,.F.);
#3511 = EDGE_CURVE('',#3512,#3504,#3514,.T.);
#3512 = VERTEX_POINT('',#3513);
#3513 = CARTESIAN_POINT('',(52.9896,11.446332,1.545));
#3514 = LINE('',#3515,#3516);
#3515 = CARTESIAN_POINT('',(52.9896,11.446332,1.545));
#3516 = VECTOR('',#3517,1.);
#3517 = DIRECTION('',(-0.24433489229,0.969690909728,0.));
#3518 = ORIENTED_EDGE('',*,*,#3519,.F.);
#3519 = EDGE_CURVE('',#3520,#3512,#3522,.T.);
#3520 = VERTEX_POINT('',#3521);
#3521 = CARTESIAN_POINT('',(52.9896,11.053667,1.545));
#3522 = CIRCLE('',#3523,1.661507367772);
#3523 = AXIS2_PLACEMENT_3D('',#3524,#3525,#3526);
#3524 = CARTESIAN_POINT('',(51.339733253077,11.2499995,1.545));
#3525 = DIRECTION('',(0.,-0.,1.));
#3526 = DIRECTION('',(0.992993939675,-0.11816529003,-0.));
#3527 = ORIENTED_EDGE('',*,*,#3528,.F.);
#3528 = EDGE_CURVE('',#3529,#3520,#3531,.T.);
#3529 = VERTEX_POINT('',#3530);
#3530 = CARTESIAN_POINT('',(52.934623,10.83548,1.545));
#3531 = LINE('',#3532,#3533);
#3532 = CARTESIAN_POINT('',(52.934623,10.83548,1.545));
#3533 = VECTOR('',#3534,1.);
#3534 = DIRECTION('',(0.24433489229,0.969690909728,0.));
#3535 = ORIENTED_EDGE('',*,*,#3536,.F.);
#3536 = EDGE_CURVE('',#3537,#3529,#3539,.T.);
#3537 = VERTEX_POINT('',#3538);
#3538 = CARTESIAN_POINT('',(52.841569,10.630619,1.545));
#3539 = LINE('',#3540,#3541);
#3540 = CARTESIAN_POINT('',(52.841569,10.630619,1.545));
#3541 = VECTOR('',#3542,1.);
#3542 = DIRECTION('',(0.413564852841,0.910474663291,0.));
#3543 = ORIENTED_EDGE('',*,*,#3544,.F.);
#3544 = EDGE_CURVE('',#3545,#3537,#3547,.T.);
#3545 = VERTEX_POINT('',#3546);
#3546 = CARTESIAN_POINT('',(52.702082,10.434314,1.545));
#3547 = LINE('',#3548,#3549);
#3548 = CARTESIAN_POINT('',(52.702082,10.434314,1.545));
#3549 = VECTOR('',#3550,1.);
#3550 = DIRECTION('',(0.57922681125,0.815166425419,0.));
#3551 = ORIENTED_EDGE('',*,*,#3552,.F.);
#3552 = EDGE_CURVE('',#3553,#3545,#3555,.T.);
#3553 = VERTEX_POINT('',#3554);
#3554 = CARTESIAN_POINT('',(52.34412583217,10.79227016783,1.545));
#3555 = LINE('',#3556,#3557);
#3556 = CARTESIAN_POINT('',(51.65588,11.480516,1.545));
#3557 = VECTOR('',#3558,1.);
#3558 = DIRECTION('',(0.707106781187,-0.707106781187,0.));
#3559 = ORIENTED_EDGE('',*,*,#3560,.T.);
#3560 = EDGE_CURVE('',#3553,#3561,#3563,.T.);
#3561 = VERTEX_POINT('',#3562);
#3562 = CARTESIAN_POINT('',(51.750001,10.499999,1.545));
#3563 = CIRCLE('',#3564,0.75);
#3564 = AXIS2_PLACEMENT_3D('',#3565,#3566,#3567);
#3565 = CARTESIAN_POINT('',(51.750001,11.249999,1.545));
#3566 = DIRECTION('',(0.,0.,-1.));
#3567 = DIRECTION('',(0.,1.,0.));
#3568 = ORIENTED_EDGE('',*,*,#3569,.F.);
#3569 = EDGE_CURVE('',#3570,#3561,#3572,.T.);
#3570 = VERTEX_POINT('',#3571);
#3571 = CARTESIAN_POINT('',(51.363606,10.499999,1.545));
#3572 = LINE('',#3573,#3574);
#3573 = CARTESIAN_POINT('',(25.8750005,10.499999,1.545));
#3574 = VECTOR('',#3575,1.);
#3575 = DIRECTION('',(1.,0.,-0.));
#3576 = ORIENTED_EDGE('',*,*,#3577,.F.);
#3577 = EDGE_CURVE('',#3578,#3570,#3580,.T.);
#3578 = VERTEX_POINT('',#3579);
#3579 = CARTESIAN_POINT('',(51.859999,10.003606,1.545));
#3580 = LINE('',#3581,#3582);
#3581 = CARTESIAN_POINT('',(51.859999,10.003606,1.545));
#3582 = VECTOR('',#3583,1.);
#3583 = DIRECTION('',(-0.707106781187,0.707106781187,0.));
#3584 = ORIENTED_EDGE('',*,*,#3585,.F.);
#3585 = EDGE_CURVE('',#3586,#3578,#3588,.T.);
#3586 = VERTEX_POINT('',#3587);
#3587 = CARTESIAN_POINT('',(51.814183,10.,1.545));
#3588 = LINE('',#3589,#3590);
#3589 = CARTESIAN_POINT('',(51.814183,10.,1.545));
#3590 = VECTOR('',#3591,1.);
#3591 = DIRECTION('',(0.99691698891,7.846347699515E-02,0.));
#3592 = ORIENTED_EDGE('',*,*,#3593,.F.);
#3593 = EDGE_CURVE('',#3594,#3586,#3596,.T.);
#3594 = VERTEX_POINT('',#3595);
#3595 = CARTESIAN_POINT('',(-51.814185,9.999998,1.545));
#3596 = LINE('',#3597,#3598);
#3597 = CARTESIAN_POINT('',(-51.814185,9.999998,1.545));
#3598 = VECTOR('',#3599,1.);
#3599 = DIRECTION('',(1.,1.929973460819E-08,0.));
#3600 = ORIENTED_EDGE('',*,*,#3601,.F.);
#3601 = EDGE_CURVE('',#3602,#3594,#3604,.T.);
#3602 = VERTEX_POINT('',#3603);
#3603 = CARTESIAN_POINT('',(-51.859998,10.003605,1.545));
#3604 = LINE('',#3605,#3606);
#3605 = CARTESIAN_POINT('',(-51.859998,10.003605,1.545));
#3606 = VECTOR('',#3607,1.);
#3607 = DIRECTION('',(0.996914884502,-7.849020994915E-02,0.));
#3608 = ORIENTED_EDGE('',*,*,#3609,.F.);
#3609 = EDGE_CURVE('',#3610,#3602,#3612,.T.);
#3610 = VERTEX_POINT('',#3611);
#3611 = CARTESIAN_POINT('',(-51.36360255871,10.499998,1.545));
#3612 = LINE('',#3613,#3614);
#3613 = CARTESIAN_POINT('',(-51.249998,10.613602,1.545));
#3614 = VECTOR('',#3615,1.);
#3615 = DIRECTION('',(-0.707108519976,-0.707105042393,0.));
#3616 = ORIENTED_EDGE('',*,*,#3617,.F.);
#3617 = EDGE_CURVE('',#3618,#3610,#3620,.T.);
#3618 = VERTEX_POINT('',#3619);
#3619 = CARTESIAN_POINT('',(-51.749999,10.499998,1.545));
#3620 = LINE('',#3621,#3622);
#3621 = CARTESIAN_POINT('',(-24.9999995,10.499998,1.545));
#3622 = VECTOR('',#3623,1.);
#3623 = DIRECTION('',(1.,0.,-0.));
#3624 = ORIENTED_EDGE('',*,*,#3625,.T.);
#3625 = EDGE_CURVE('',#3618,#3626,#3628,.T.);
#3626 = VERTEX_POINT('',#3627);
#3627 = CARTESIAN_POINT('',(-52.34412383217,10.79226916783,1.545));
#3628 = CIRCLE('',#3629,0.75);
#3629 = AXIS2_PLACEMENT_3D('',#3630,#3631,#3632);
#3630 = CARTESIAN_POINT('',(-51.749999,11.249998,1.545));
#3631 = DIRECTION('',(0.,0.,-1.));
#3632 = DIRECTION('',(0.,-1.,0.));
#3633 = ORIENTED_EDGE('',*,*,#3634,.F.);
#3634 = EDGE_CURVE('',#3635,#3626,#3637,.T.);
#3635 = VERTEX_POINT('',#3636);
#3636 = CARTESIAN_POINT('',(-52.70208,10.434313,1.545));
#3637 = LINE('',#3638,#3639);
#3638 = CARTESIAN_POINT('',(-52.70208,10.434313,1.545));
#3639 = VECTOR('',#3640,1.);
#3640 = DIRECTION('',(0.707106781187,0.707106781187,0.));
#3641 = ORIENTED_EDGE('',*,*,#3642,.F.);
#3642 = EDGE_CURVE('',#3643,#3635,#3645,.T.);
#3643 = VERTEX_POINT('',#3644);
#3644 = CARTESIAN_POINT('',(-52.841568,10.630618,1.545));
#3645 = LINE('',#3646,#3647);
#3646 = CARTESIAN_POINT('',(-52.841568,10.630618,1.545));
#3647 = VECTOR('',#3648,1.);
#3648 = DIRECTION('',(0.579229570594,-0.815164464724,0.));
#3649 = ORIENTED_EDGE('',*,*,#3650,.F.);
#3650 = EDGE_CURVE('',#3651,#3643,#3653,.T.);
#3651 = VERTEX_POINT('',#3652);
#3652 = CARTESIAN_POINT('',(-52.934622,10.835479,1.545));
#3653 = LINE('',#3654,#3655);
#3654 = CARTESIAN_POINT('',(-52.934622,10.835479,1.545));
#3655 = VECTOR('',#3656,1.);
#3656 = DIRECTION('',(0.413564852841,-0.910474663291,0.));
#3657 = ORIENTED_EDGE('',*,*,#3658,.F.);
#3658 = EDGE_CURVE('',#3659,#3651,#3661,.T.);
#3659 = VERTEX_POINT('',#3660);
#3660 = CARTESIAN_POINT('',(-52.989599,11.053666,1.545));
#3661 = LINE('',#3662,#3663);
#3662 = CARTESIAN_POINT('',(-52.989599,11.053666,1.545));
#3663 = VECTOR('',#3664,1.);
#3664 = DIRECTION('',(0.24433489229,-0.969690909728,0.));
#3665 = ORIENTED_EDGE('',*,*,#3666,.F.);
#3666 = EDGE_CURVE('',#3667,#3659,#3669,.T.);
#3667 = VERTEX_POINT('',#3668);
#3668 = CARTESIAN_POINT('',(-52.989599,11.446331,1.545));
#3669 = CIRCLE('',#3670,1.661507367771);
#3670 = AXIS2_PLACEMENT_3D('',#3671,#3672,#3673);
#3671 = CARTESIAN_POINT('',(-51.33973225307,11.2499985,1.545));
#3672 = DIRECTION('',(0.,0.,1.));
#3673 = DIRECTION('',(-0.992993939675,0.11816529003,0.));
#3674 = ORIENTED_EDGE('',*,*,#3675,.F.);
#3675 = EDGE_CURVE('',#3676,#3667,#3678,.T.);
#3676 = VERTEX_POINT('',#3677);
#3677 = CARTESIAN_POINT('',(-52.934622,11.664518,1.545));
#3678 = LINE('',#3679,#3680);
#3679 = CARTESIAN_POINT('',(-52.934622,11.664518,1.545));
#3680 = VECTOR('',#3681,1.);
#3681 = DIRECTION('',(-0.24433489229,-0.969690909728,0.));
#3682 = ORIENTED_EDGE('',*,*,#3683,.F.);
#3683 = EDGE_CURVE('',#3684,#3676,#3686,.T.);
#3684 = VERTEX_POINT('',#3685);
#3685 = CARTESIAN_POINT('',(-52.841568,11.869379,1.545));
#3686 = LINE('',#3687,#3688);
#3687 = CARTESIAN_POINT('',(-52.841568,11.869379,1.545));
#3688 = VECTOR('',#3689,1.);
#3689 = DIRECTION('',(-0.413564852841,-0.910474663291,0.));
#3690 = ORIENTED_EDGE('',*,*,#3691,.F.);
#3691 = EDGE_CURVE('',#3692,#3684,#3694,.T.);
#3692 = VERTEX_POINT('',#3693);
#3693 = CARTESIAN_POINT('',(-52.74769,12.004883,1.545));
#3694 = LINE('',#3695,#3696);
#3695 = CARTESIAN_POINT('',(-52.74769,12.004883,1.545));
#3696 = VECTOR('',#3697,1.);
#3697 = DIRECTION('',(-0.569486906997,-0.822000403138,0.));
#3698 = ORIENTED_EDGE('',*,*,#3699,.F.);
#3699 = EDGE_CURVE('',#1784,#3692,#3700,.T.);
#3700 = CIRCLE('',#3701,0.124000211127);
#3701 = AXIS2_PLACEMENT_3D('',#3702,#3703,#3704);
#3702 = CARTESIAN_POINT('',(-52.84961871391,12.075498788875,1.545));
#3703 = DIRECTION('',(0.,0.,-1.));
#3704 = DIRECTION('',(5.757398568081E-06,0.999999999983,0.));
#3705 = ORIENTED_EDGE('',*,*,#1783,.F.);
#3706 = PLANE('',#3707);
#3707 = AXIS2_PLACEMENT_3D('',#3708,#3709,#3710);
#3708 = CARTESIAN_POINT('',(0.,0.,1.545));
#3709 = DIRECTION('',(0.,0.,1.));
#3710 = DIRECTION('',(1.,0.,-0.));
#3711 = ADVANCED_FACE('',(#3712),#3723,.T.);
#3712 = FACE_BOUND('',#3713,.T.);
#3713 = EDGE_LOOP('',(#3714,#3720,#3721,#3722));
#3714 = ORIENTED_EDGE('',*,*,#3715,.T.);
#3715 = EDGE_CURVE('',#1816,#2893,#3716,.T.);
#3716 = LINE('',#3717,#3718);
#3717 = CARTESIAN_POINT('',(-61.794804,12.078223,1.51));
#3718 = VECTOR('',#3719,1.);
#3719 = DIRECTION('',(0.,0.,1.));
#3720 = ORIENTED_EDGE('',*,*,#2892,.T.);
#3721 = ORIENTED_EDGE('',*,*,#1751,.F.);
#3722 = ORIENTED_EDGE('',*,*,#1815,.F.);
#3723 = PLANE('',#3724);
#3724 = AXIS2_PLACEMENT_3D('',#3725,#3726,#3727);
#3725 = CARTESIAN_POINT('',(-61.794804,12.078223,1.51));
#3726 = DIRECTION('',(-0.460634793498,0.887589762795,0.));
#3727 = DIRECTION('',(0.887589762795,0.460634793498,0.));
#3728 = ADVANCED_FACE('',(#3729),#3740,.T.);
#3729 = FACE_BOUND('',#3730,.T.);
#3730 = EDGE_LOOP('',(#3731,#3732,#3733,#3739));
#3731 = ORIENTED_EDGE('',*,*,#1791,.T.);
#3732 = ORIENTED_EDGE('',*,*,#3699,.T.);
#3733 = ORIENTED_EDGE('',*,*,#3734,.F.);
#3734 = EDGE_CURVE('',#2465,#3692,#3735,.T.);
#3735 = LINE('',#3736,#3737);
#3736 = CARTESIAN_POINT('',(-52.74769,12.004883,1.51));
#3737 = VECTOR('',#3738,1.);
#3738 = DIRECTION('',(0.,0.,1.));
#3739 = ORIENTED_EDGE('',*,*,#2472,.F.);
#3740 = CYLINDRICAL_SURFACE('',#3741,0.124000211127);
#3741 = AXIS2_PLACEMENT_3D('',#3742,#3743,#3744);
#3742 = CARTESIAN_POINT('',(-52.84961871391,12.075498788875,1.51));
#3743 = DIRECTION('',(0.,0.,-1.));
#3744 = DIRECTION('',(5.757398568081E-06,0.999999999983,0.));
#3745 = ADVANCED_FACE('',(#3746),#3757,.T.);
#3746 = FACE_BOUND('',#3747,.T.);
#3747 = EDGE_LOOP('',(#3748,#3749,#3750,#3756));
#3748 = ORIENTED_EDGE('',*,*,#3734,.T.);
#3749 = ORIENTED_EDGE('',*,*,#3691,.T.);
#3750 = ORIENTED_EDGE('',*,*,#3751,.F.);
#3751 = EDGE_CURVE('',#2457,#3684,#3752,.T.);
#3752 = LINE('',#3753,#3754);
#3753 = CARTESIAN_POINT('',(-52.841568,11.869379,1.51));
#3754 = VECTOR('',#3755,1.);
#3755 = DIRECTION('',(0.,0.,1.));
#3756 = ORIENTED_EDGE('',*,*,#2464,.F.);
#3757 = PLANE('',#3758);
#3758 = AXIS2_PLACEMENT_3D('',#3759,#3760,#3761);
#3759 = CARTESIAN_POINT('',(-52.74769,12.004883,1.51));
#3760 = DIRECTION('',(0.822000403138,-0.569486906997,0.));
#3761 = DIRECTION('',(-0.569486906997,-0.822000403138,0.));
#3762 = ADVANCED_FACE('',(#3763),#3774,.T.);
#3763 = FACE_BOUND('',#3764,.T.);
#3764 = EDGE_LOOP('',(#3765,#3766,#3767,#3773));
#3765 = ORIENTED_EDGE('',*,*,#3751,.T.);
#3766 = ORIENTED_EDGE('',*,*,#3683,.T.);
#3767 = ORIENTED_EDGE('',*,*,#3768,.F.);
#3768 = EDGE_CURVE('',#2449,#3676,#3769,.T.);
#3769 = LINE('',#3770,#3771);
#3770 = CARTESIAN_POINT('',(-52.934622,11.664518,1.51));
#3771 = VECTOR('',#3772,1.);
#3772 = DIRECTION('',(0.,0.,1.));
#3773 = ORIENTED_EDGE('',*,*,#2456,.F.);
#3774 = PLANE('',#3775);
#3775 = AXIS2_PLACEMENT_3D('',#3776,#3777,#3778);
#3776 = CARTESIAN_POINT('',(-52.841568,11.869379,1.51));
#3777 = DIRECTION('',(0.910474663291,-0.413564852841,0.));
#3778 = DIRECTION('',(-0.413564852841,-0.910474663291,0.));
#3779 = ADVANCED_FACE('',(#3780),#3791,.T.);
#3780 = FACE_BOUND('',#3781,.T.);
#3781 = EDGE_LOOP('',(#3782,#3783,#3784,#3790));
#3782 = ORIENTED_EDGE('',*,*,#3768,.T.);
#3783 = ORIENTED_EDGE('',*,*,#3675,.T.);
#3784 = ORIENTED_EDGE('',*,*,#3785,.F.);
#3785 = EDGE_CURVE('',#2440,#3667,#3786,.T.);
#3786 = LINE('',#3787,#3788);
#3787 = CARTESIAN_POINT('',(-52.989599,11.446331,1.51));
#3788 = VECTOR('',#3789,1.);
#3789 = DIRECTION('',(0.,0.,1.));
#3790 = ORIENTED_EDGE('',*,*,#2448,.F.);
#3791 = PLANE('',#3792);
#3792 = AXIS2_PLACEMENT_3D('',#3793,#3794,#3795);
#3793 = CARTESIAN_POINT('',(-52.934622,11.664518,1.51));
#3794 = DIRECTION('',(0.969690909728,-0.24433489229,0.));
#3795 = DIRECTION('',(-0.24433489229,-0.969690909728,0.));
#3796 = ADVANCED_FACE('',(#3797),#3808,.F.);
#3797 = FACE_BOUND('',#3798,.T.);
#3798 = EDGE_LOOP('',(#3799,#3800,#3801,#3807));
#3799 = ORIENTED_EDGE('',*,*,#3785,.T.);
#3800 = ORIENTED_EDGE('',*,*,#3666,.T.);
#3801 = ORIENTED_EDGE('',*,*,#3802,.F.);
#3802 = EDGE_CURVE('',#2432,#3659,#3803,.T.);
#3803 = LINE('',#3804,#3805);
#3804 = CARTESIAN_POINT('',(-52.989599,11.053666,1.51));
#3805 = VECTOR('',#3806,1.);
#3806 = DIRECTION('',(0.,0.,1.));
#3807 = ORIENTED_EDGE('',*,*,#2439,.F.);
#3808 = CYLINDRICAL_SURFACE('',#3809,1.661507367771);
#3809 = AXIS2_PLACEMENT_3D('',#3810,#3811,#3812);
#3810 = CARTESIAN_POINT('',(-51.33973225307,11.2499985,1.51));
#3811 = DIRECTION('',(-0.,-0.,-1.));
#3812 = DIRECTION('',(-0.992993939675,0.11816529003,0.));
#3813 = ADVANCED_FACE('',(#3814),#3825,.T.);
#3814 = FACE_BOUND('',#3815,.T.);
#3815 = EDGE_LOOP('',(#3816,#3817,#3818,#3824));
#3816 = ORIENTED_EDGE('',*,*,#3802,.T.);
#3817 = ORIENTED_EDGE('',*,*,#3658,.T.);
#3818 = ORIENTED_EDGE('',*,*,#3819,.F.);
#3819 = EDGE_CURVE('',#2424,#3651,#3820,.T.);
#3820 = LINE('',#3821,#3822);
#3821 = CARTESIAN_POINT('',(-52.934622,10.835479,1.51));
#3822 = VECTOR('',#3823,1.);
#3823 = DIRECTION('',(0.,0.,1.));
#3824 = ORIENTED_EDGE('',*,*,#2431,.F.);
#3825 = PLANE('',#3826);
#3826 = AXIS2_PLACEMENT_3D('',#3827,#3828,#3829);
#3827 = CARTESIAN_POINT('',(-52.989599,11.053666,1.51));
#3828 = DIRECTION('',(0.969690909728,0.24433489229,-0.));
#3829 = DIRECTION('',(0.24433489229,-0.969690909728,0.));
#3830 = ADVANCED_FACE('',(#3831),#3842,.T.);
#3831 = FACE_BOUND('',#3832,.T.);
#3832 = EDGE_LOOP('',(#3833,#3834,#3835,#3841));
#3833 = ORIENTED_EDGE('',*,*,#3819,.T.);
#3834 = ORIENTED_EDGE('',*,*,#3650,.T.);
#3835 = ORIENTED_EDGE('',*,*,#3836,.F.);
#3836 = EDGE_CURVE('',#2416,#3643,#3837,.T.);
#3837 = LINE('',#3838,#3839);
#3838 = CARTESIAN_POINT('',(-52.841568,10.630618,1.51));
#3839 = VECTOR('',#3840,1.);
#3840 = DIRECTION('',(0.,0.,1.));
#3841 = ORIENTED_EDGE('',*,*,#2423,.F.);
#3842 = PLANE('',#3843);
#3843 = AXIS2_PLACEMENT_3D('',#3844,#3845,#3846);
#3844 = CARTESIAN_POINT('',(-52.934622,10.835479,1.51));
#3845 = DIRECTION('',(0.910474663291,0.413564852841,-0.));
#3846 = DIRECTION('',(0.413564852841,-0.910474663291,0.));
#3847 = ADVANCED_FACE('',(#3848),#3859,.T.);
#3848 = FACE_BOUND('',#3849,.T.);
#3849 = EDGE_LOOP('',(#3850,#3851,#3852,#3858));
#3850 = ORIENTED_EDGE('',*,*,#3836,.T.);
#3851 = ORIENTED_EDGE('',*,*,#3642,.T.);
#3852 = ORIENTED_EDGE('',*,*,#3853,.F.);
#3853 = EDGE_CURVE('',#2408,#3635,#3854,.T.);
#3854 = LINE('',#3855,#3856);
#3855 = CARTESIAN_POINT('',(-52.70208,10.434313,1.51));
#3856 = VECTOR('',#3857,1.);
#3857 = DIRECTION('',(0.,0.,1.));
#3858 = ORIENTED_EDGE('',*,*,#2415,.F.);
#3859 = PLANE('',#3860);
#3860 = AXIS2_PLACEMENT_3D('',#3861,#3862,#3863);
#3861 = CARTESIAN_POINT('',(-52.841568,10.630618,1.51));
#3862 = DIRECTION('',(0.815164464724,0.579229570594,-0.));
#3863 = DIRECTION('',(0.579229570594,-0.815164464724,0.));
#3864 = ADVANCED_FACE('',(#3865),#3876,.T.);
#3865 = FACE_BOUND('',#3866,.T.);
#3866 = EDGE_LOOP('',(#3867,#3868,#3869,#3870));
#3867 = ORIENTED_EDGE('',*,*,#2407,.F.);
#3868 = ORIENTED_EDGE('',*,*,#3853,.T.);
#3869 = ORIENTED_EDGE('',*,*,#3634,.T.);
#3870 = ORIENTED_EDGE('',*,*,#3871,.T.);
#3871 = EDGE_CURVE('',#3626,#2399,#3872,.T.);
#3872 = LINE('',#3873,#3874);
#3873 = CARTESIAN_POINT('',(-52.34412383217,10.79226916783,1.51));
#3874 = VECTOR('',#3875,1.);
#3875 = DIRECTION('',(0.,0.,-1.));
#3876 = PLANE('',#3877);
#3877 = AXIS2_PLACEMENT_3D('',#3878,#3879,#3880);
#3878 = CARTESIAN_POINT('',(-52.70208,10.434313,1.51));
#3879 = DIRECTION('',(-0.707106781187,0.707106781187,0.));
#3880 = DIRECTION('',(0.707106781187,0.707106781187,0.));
#3881 = ADVANCED_FACE('',(#3882),#3898,.T.);
#3882 = FACE_BOUND('',#3883,.T.);
#3883 = EDGE_LOOP('',(#3884,#3885,#3891,#3892));
#3884 = ORIENTED_EDGE('',*,*,#2482,.F.);
#3885 = ORIENTED_EDGE('',*,*,#3886,.F.);
#3886 = EDGE_CURVE('',#3610,#2483,#3887,.T.);
#3887 = LINE('',#3888,#3889);
#3888 = CARTESIAN_POINT('',(-51.36360255871,10.499998,1.51));
#3889 = VECTOR('',#3890,1.);
#3890 = DIRECTION('',(0.,0.,-1.));
#3891 = ORIENTED_EDGE('',*,*,#3609,.T.);
#3892 = ORIENTED_EDGE('',*,*,#3893,.F.);
#3893 = EDGE_CURVE('',#2485,#3602,#3894,.T.);
#3894 = LINE('',#3895,#3896);
#3895 = CARTESIAN_POINT('',(-51.859998,10.003605,1.51));
#3896 = VECTOR('',#3897,1.);
#3897 = DIRECTION('',(0.,0.,1.));
#3898 = PLANE('',#3899);
#3899 = AXIS2_PLACEMENT_3D('',#3900,#3901,#3902);
#3900 = CARTESIAN_POINT('',(-51.249998,10.613602,1.51));
#3901 = DIRECTION('',(0.707105042393,-0.707108519976,0.));
#3902 = DIRECTION('',(-0.707108519976,-0.707105042393,0.));
#3903 = ADVANCED_FACE('',(#3904),#3915,.T.);
#3904 = FACE_BOUND('',#3905,.T.);
#3905 = EDGE_LOOP('',(#3906,#3907,#3908,#3914));
#3906 = ORIENTED_EDGE('',*,*,#3893,.T.);
#3907 = ORIENTED_EDGE('',*,*,#3601,.T.);
#3908 = ORIENTED_EDGE('',*,*,#3909,.F.);
#3909 = EDGE_CURVE('',#2549,#3594,#3910,.T.);
#3910 = LINE('',#3911,#3912);
#3911 = CARTESIAN_POINT('',(-51.814185,9.999998,1.51));
#3912 = VECTOR('',#3913,1.);
#3913 = DIRECTION('',(0.,0.,1.));
#3914 = ORIENTED_EDGE('',*,*,#2556,.F.);
#3915 = PLANE('',#3916);
#3916 = AXIS2_PLACEMENT_3D('',#3917,#3918,#3919);
#3917 = CARTESIAN_POINT('',(-51.859998,10.003605,1.51));
#3918 = DIRECTION('',(7.849020994915E-02,0.996914884502,-0.));
#3919 = DIRECTION('',(0.996914884502,-7.849020994915E-02,0.));
#3920 = ADVANCED_FACE('',(#3921),#3932,.T.);
#3921 = FACE_BOUND('',#3922,.T.);
#3922 = EDGE_LOOP('',(#3923,#3924,#3925,#3931));
#3923 = ORIENTED_EDGE('',*,*,#3909,.T.);
#3924 = ORIENTED_EDGE('',*,*,#3593,.T.);
#3925 = ORIENTED_EDGE('',*,*,#3926,.F.);
#3926 = EDGE_CURVE('',#2541,#3586,#3927,.T.);
#3927 = LINE('',#3928,#3929);
#3928 = CARTESIAN_POINT('',(51.814183,10.,1.51));
#3929 = VECTOR('',#3930,1.);
#3930 = DIRECTION('',(0.,0.,1.));
#3931 = ORIENTED_EDGE('',*,*,#2548,.F.);
#3932 = PLANE('',#3933);
#3933 = AXIS2_PLACEMENT_3D('',#3934,#3935,#3936);
#3934 = CARTESIAN_POINT('',(-51.814185,9.999998,1.51));
#3935 = DIRECTION('',(-1.929973460819E-08,1.,0.));
#3936 = DIRECTION('',(1.,1.929973460819E-08,0.));
#3937 = ADVANCED_FACE('',(#3938),#3949,.T.);
#3938 = FACE_BOUND('',#3939,.T.);
#3939 = EDGE_LOOP('',(#3940,#3941,#3942,#3948));
#3940 = ORIENTED_EDGE('',*,*,#3926,.T.);
#3941 = ORIENTED_EDGE('',*,*,#3585,.T.);
#3942 = ORIENTED_EDGE('',*,*,#3943,.F.);
#3943 = EDGE_CURVE('',#2533,#3578,#3944,.T.);
#3944 = LINE('',#3945,#3946);
#3945 = CARTESIAN_POINT('',(51.859999,10.003606,1.51));
#3946 = VECTOR('',#3947,1.);
#3947 = DIRECTION('',(0.,0.,1.));
#3948 = ORIENTED_EDGE('',*,*,#2540,.F.);
#3949 = PLANE('',#3950);
#3950 = AXIS2_PLACEMENT_3D('',#3951,#3952,#3953);
#3951 = CARTESIAN_POINT('',(51.814183,10.,1.51));
#3952 = DIRECTION('',(-7.846347699515E-02,0.99691698891,0.));
#3953 = DIRECTION('',(0.99691698891,7.846347699515E-02,0.));
#3954 = ADVANCED_FACE('',(#3955),#3966,.T.);
#3955 = FACE_BOUND('',#3956,.T.);
#3956 = EDGE_LOOP('',(#3957,#3958,#3959,#3960));
#3957 = ORIENTED_EDGE('',*,*,#2532,.F.);
#3958 = ORIENTED_EDGE('',*,*,#3943,.T.);
#3959 = ORIENTED_EDGE('',*,*,#3577,.T.);
#3960 = ORIENTED_EDGE('',*,*,#3961,.F.);
#3961 = EDGE_CURVE('',#2525,#3570,#3962,.T.);
#3962 = LINE('',#3963,#3964);
#3963 = CARTESIAN_POINT('',(51.363606,10.499999,1.51));
#3964 = VECTOR('',#3965,1.);
#3965 = DIRECTION('',(0.,0.,1.));
#3966 = PLANE('',#3967);
#3967 = AXIS2_PLACEMENT_3D('',#3968,#3969,#3970);
#3968 = CARTESIAN_POINT('',(51.859999,10.003606,1.51));
#3969 = DIRECTION('',(-0.707106781187,-0.707106781187,0.));
#3970 = DIRECTION('',(-0.707106781187,0.707106781187,0.));
#3971 = ADVANCED_FACE('',(#3972),#3988,.T.);
#3972 = FACE_BOUND('',#3973,.T.);
#3973 = EDGE_LOOP('',(#3974,#3975,#3981,#3982));
#3974 = ORIENTED_EDGE('',*,*,#2243,.F.);
#3975 = ORIENTED_EDGE('',*,*,#3976,.F.);
#3976 = EDGE_CURVE('',#3553,#2244,#3977,.T.);
#3977 = LINE('',#3978,#3979);
#3978 = CARTESIAN_POINT('',(52.34412583217,10.79227016783,1.51));
#3979 = VECTOR('',#3980,1.);
#3980 = DIRECTION('',(0.,0.,-1.));
#3981 = ORIENTED_EDGE('',*,*,#3552,.T.);
#3982 = ORIENTED_EDGE('',*,*,#3983,.F.);
#3983 = EDGE_CURVE('',#2236,#3545,#3984,.T.);
#3984 = LINE('',#3985,#3986);
#3985 = CARTESIAN_POINT('',(52.702082,10.434314,1.51));
#3986 = VECTOR('',#3987,1.);
#3987 = DIRECTION('',(0.,0.,1.));
#3988 = PLANE('',#3989);
#3989 = AXIS2_PLACEMENT_3D('',#3990,#3991,#3992);
#3990 = CARTESIAN_POINT('',(51.65588,11.480516,1.51));
#3991 = DIRECTION('',(0.707106781187,0.707106781187,-0.));
#3992 = DIRECTION('',(0.707106781187,-0.707106781187,0.));
#3993 = ADVANCED_FACE('',(#3994),#4005,.T.);
#3994 = FACE_BOUND('',#3995,.T.);
#3995 = EDGE_LOOP('',(#3996,#3997,#3998,#4004));
#3996 = ORIENTED_EDGE('',*,*,#3983,.T.);
#3997 = ORIENTED_EDGE('',*,*,#3544,.T.);
#3998 = ORIENTED_EDGE('',*,*,#3999,.F.);
#3999 = EDGE_CURVE('',#2228,#3537,#4000,.T.);
#4000 = LINE('',#4001,#4002);
#4001 = CARTESIAN_POINT('',(52.841569,10.630619,1.51));
#4002 = VECTOR('',#4003,1.);
#4003 = DIRECTION('',(0.,0.,1.));
#4004 = ORIENTED_EDGE('',*,*,#2235,.F.);
#4005 = PLANE('',#4006);
#4006 = AXIS2_PLACEMENT_3D('',#4007,#4008,#4009);
#4007 = CARTESIAN_POINT('',(52.702082,10.434314,1.51));
#4008 = DIRECTION('',(-0.815166425419,0.57922681125,0.));
#4009 = DIRECTION('',(0.57922681125,0.815166425419,0.));
#4010 = ADVANCED_FACE('',(#4011),#4022,.T.);
#4011 = FACE_BOUND('',#4012,.T.);
#4012 = EDGE_LOOP('',(#4013,#4014,#4015,#4021));
#4013 = ORIENTED_EDGE('',*,*,#3999,.T.);
#4014 = ORIENTED_EDGE('',*,*,#3536,.T.);
#4015 = ORIENTED_EDGE('',*,*,#4016,.F.);
#4016 = EDGE_CURVE('',#2220,#3529,#4017,.T.);
#4017 = LINE('',#4018,#4019);
#4018 = CARTESIAN_POINT('',(52.934623,10.83548,1.51));
#4019 = VECTOR('',#4020,1.);
#4020 = DIRECTION('',(0.,0.,1.));
#4021 = ORIENTED_EDGE('',*,*,#2227,.F.);
#4022 = PLANE('',#4023);
#4023 = AXIS2_PLACEMENT_3D('',#4024,#4025,#4026);
#4024 = CARTESIAN_POINT('',(52.841569,10.630619,1.51));
#4025 = DIRECTION('',(-0.910474663291,0.413564852841,0.));
#4026 = DIRECTION('',(0.413564852841,0.910474663291,0.));
#4027 = ADVANCED_FACE('',(#4028),#4039,.T.);
#4028 = FACE_BOUND('',#4029,.T.);
#4029 = EDGE_LOOP('',(#4030,#4031,#4032,#4038));
#4030 = ORIENTED_EDGE('',*,*,#4016,.T.);
#4031 = ORIENTED_EDGE('',*,*,#3528,.T.);
#4032 = ORIENTED_EDGE('',*,*,#4033,.F.);
#4033 = EDGE_CURVE('',#2211,#3520,#4034,.T.);
#4034 = LINE('',#4035,#4036);
#4035 = CARTESIAN_POINT('',(52.9896,11.053667,1.51));
#4036 = VECTOR('',#4037,1.);
#4037 = DIRECTION('',(0.,0.,1.));
#4038 = ORIENTED_EDGE('',*,*,#2219,.F.);
#4039 = PLANE('',#4040);
#4040 = AXIS2_PLACEMENT_3D('',#4041,#4042,#4043);
#4041 = CARTESIAN_POINT('',(52.934623,10.83548,1.51));
#4042 = DIRECTION('',(-0.969690909728,0.24433489229,0.));
#4043 = DIRECTION('',(0.24433489229,0.969690909728,0.));
#4044 = ADVANCED_FACE('',(#4045),#4056,.F.);
#4045 = FACE_BOUND('',#4046,.T.);
#4046 = EDGE_LOOP('',(#4047,#4048,#4049,#4055));
#4047 = ORIENTED_EDGE('',*,*,#4033,.T.);
#4048 = ORIENTED_EDGE('',*,*,#3519,.T.);
#4049 = ORIENTED_EDGE('',*,*,#4050,.F.);
#4050 = EDGE_CURVE('',#2203,#3512,#4051,.T.);
#4051 = LINE('',#4052,#4053);
#4052 = CARTESIAN_POINT('',(52.9896,11.446332,1.51));
#4053 = VECTOR('',#4054,1.);
#4054 = DIRECTION('',(0.,0.,1.));
#4055 = ORIENTED_EDGE('',*,*,#2210,.F.);
#4056 = CYLINDRICAL_SURFACE('',#4057,1.661507367772);
#4057 = AXIS2_PLACEMENT_3D('',#4058,#4059,#4060);
#4058 = CARTESIAN_POINT('',(51.339733253077,11.2499995,1.51));
#4059 = DIRECTION('',(-0.,0.,-1.));
#4060 = DIRECTION('',(0.992993939675,-0.11816529003,-0.));
#4061 = ADVANCED_FACE('',(#4062),#4073,.T.);
#4062 = FACE_BOUND('',#4063,.T.);
#4063 = EDGE_LOOP('',(#4064,#4065,#4066,#4072));
#4064 = ORIENTED_EDGE('',*,*,#4050,.T.);
#4065 = ORIENTED_EDGE('',*,*,#3511,.T.);
#4066 = ORIENTED_EDGE('',*,*,#4067,.F.);
#4067 = EDGE_CURVE('',#2195,#3504,#4068,.T.);
#4068 = LINE('',#4069,#4070);
#4069 = CARTESIAN_POINT('',(52.934623,11.664519,1.51));
#4070 = VECTOR('',#4071,1.);
#4071 = DIRECTION('',(0.,0.,1.));
#4072 = ORIENTED_EDGE('',*,*,#2202,.F.);
#4073 = PLANE('',#4074);
#4074 = AXIS2_PLACEMENT_3D('',#4075,#4076,#4077);
#4075 = CARTESIAN_POINT('',(52.9896,11.446332,1.51));
#4076 = DIRECTION('',(-0.969690909728,-0.24433489229,0.));
#4077 = DIRECTION('',(-0.24433489229,0.969690909728,0.));
#4078 = ADVANCED_FACE('',(#4079),#4090,.T.);
#4079 = FACE_BOUND('',#4080,.T.);
#4080 = EDGE_LOOP('',(#4081,#4082,#4083,#4089));
#4081 = ORIENTED_EDGE('',*,*,#4067,.T.);
#4082 = ORIENTED_EDGE('',*,*,#3503,.T.);
#4083 = ORIENTED_EDGE('',*,*,#4084,.F.);
#4084 = EDGE_CURVE('',#2187,#3496,#4085,.T.);
#4085 = LINE('',#4086,#4087);
#4086 = CARTESIAN_POINT('',(52.841569,11.86938,1.51));
#4087 = VECTOR('',#4088,1.);
#4088 = DIRECTION('',(0.,0.,1.));
#4089 = ORIENTED_EDGE('',*,*,#2194,.F.);
#4090 = PLANE('',#4091);
#4091 = AXIS2_PLACEMENT_3D('',#4092,#4093,#4094);
#4092 = CARTESIAN_POINT('',(52.934623,11.664519,1.51));
#4093 = DIRECTION('',(-0.910474663291,-0.413564852841,0.));
#4094 = DIRECTION('',(-0.413564852841,0.910474663291,0.));
#4095 = ADVANCED_FACE('',(#4096),#4107,.T.);
#4096 = FACE_BOUND('',#4097,.T.);
#4097 = EDGE_LOOP('',(#4098,#4099,#4100,#4106));
#4098 = ORIENTED_EDGE('',*,*,#4084,.T.);
#4099 = ORIENTED_EDGE('',*,*,#3495,.T.);
#4100 = ORIENTED_EDGE('',*,*,#4101,.F.);
#4101 = EDGE_CURVE('',#2178,#3487,#4102,.T.);
#4102 = LINE('',#4103,#4104);
#4103 = CARTESIAN_POINT('',(52.747693,12.004883,1.51));
#4104 = VECTOR('',#4105,1.);
#4105 = DIRECTION('',(0.,0.,1.));
#4106 = ORIENTED_EDGE('',*,*,#2186,.F.);
#4107 = PLANE('',#4108);
#4108 = AXIS2_PLACEMENT_3D('',#4109,#4110,#4111);
#4109 = CARTESIAN_POINT('',(52.841569,11.86938,1.51));
#4110 = DIRECTION('',(-0.82200411523,-0.569481548906,0.));
#4111 = DIRECTION('',(-0.569481548906,0.82200411523,0.));
#4112 = ADVANCED_FACE('',(#4113),#4124,.T.);
#4113 = FACE_BOUND('',#4114,.T.);
#4114 = EDGE_LOOP('',(#4115,#4116,#4117,#4123));
#4115 = ORIENTED_EDGE('',*,*,#4101,.T.);
#4116 = ORIENTED_EDGE('',*,*,#3486,.T.);
#4117 = ORIENTED_EDGE('',*,*,#4118,.F.);
#4118 = EDGE_CURVE('',#2170,#3479,#4119,.T.);
#4119 = LINE('',#4120,#4121);
#4120 = CARTESIAN_POINT('',(52.849621,12.199499,1.51));
#4121 = VECTOR('',#4122,1.);
#4122 = DIRECTION('',(0.,0.,1.));
#4123 = ORIENTED_EDGE('',*,*,#2177,.F.);
#4124 = CYLINDRICAL_SURFACE('',#4125,0.123999996141);
#4125 = AXIS2_PLACEMENT_3D('',#4126,#4127,#4128);
#4126 = CARTESIAN_POINT('',(52.849621303438,12.07549900386,1.51));
#4127 = DIRECTION('',(0.,0.,-1.));
#4128 = DIRECTION('',(-0.822002472666,-0.569483919818,-0.));
#4129 = ADVANCED_FACE('',(#4130),#4141,.T.);
#4130 = FACE_BOUND('',#4131,.T.);
#4131 = EDGE_LOOP('',(#4132,#4133,#4134,#4140));
#4132 = ORIENTED_EDGE('',*,*,#4118,.T.);
#4133 = ORIENTED_EDGE('',*,*,#3478,.T.);
#4134 = ORIENTED_EDGE('',*,*,#4135,.F.);
#4135 = EDGE_CURVE('',#2162,#3471,#4136,.T.);
#4136 = LINE('',#4137,#4138);
#4137 = CARTESIAN_POINT('',(61.477263,12.199494,1.51));
#4138 = VECTOR('',#4139,1.);
#4139 = DIRECTION('',(0.,0.,1.));
#4140 = ORIENTED_EDGE('',*,*,#2169,.F.);
#4141 = PLANE('',#4142);
#4142 = AXIS2_PLACEMENT_3D('',#4143,#4144,#4145);
#4143 = CARTESIAN_POINT('',(52.849621,12.199499,1.51));
#4144 = DIRECTION('',(5.795326231443E-07,1.,-0.));
#4145 = DIRECTION('',(1.,-5.795326231443E-07,0.));
#4146 = ADVANCED_FACE('',(#4147),#4158,.T.);
#4147 = FACE_BOUND('',#4148,.T.);
#4148 = EDGE_LOOP('',(#4149,#4150,#4151,#4157));
#4149 = ORIENTED_EDGE('',*,*,#4135,.T.);
#4150 = ORIENTED_EDGE('',*,*,#3470,.T.);
#4151 = ORIENTED_EDGE('',*,*,#4152,.F.);
#4152 = EDGE_CURVE('',#2154,#3463,#4153,.T.);
#4153 = LINE('',#4154,#4155);
#4154 = CARTESIAN_POINT('',(61.512151,12.19416,1.51));
#4155 = VECTOR('',#4156,1.);
#4156 = DIRECTION('',(0.,0.,1.));
#4157 = ORIENTED_EDGE('',*,*,#2161,.F.);
#4158 = PLANE('',#4159);
#4159 = AXIS2_PLACEMENT_3D('',#4160,#4161,#4162);
#4160 = CARTESIAN_POINT('',(61.477263,12.199494,1.51));
#4161 = DIRECTION('',(0.151133072042,0.988513426583,-0.));
#4162 = DIRECTION('',(0.988513426583,-0.151133072042,0.));
#4163 = ADVANCED_FACE('',(#4164),#4175,.T.);
#4164 = FACE_BOUND('',#4165,.T.);
#4165 = EDGE_LOOP('',(#4166,#4167,#4168,#4174));
#4166 = ORIENTED_EDGE('',*,*,#4152,.T.);
#4167 = ORIENTED_EDGE('',*,*,#3462,.T.);
#4168 = ORIENTED_EDGE('',*,*,#4169,.F.);
#4169 = EDGE_CURVE('',#2145,#3454,#4170,.T.);
#4170 = LINE('',#4171,#4172);
#4171 = CARTESIAN_POINT('',(61.619453,12.159121,1.51));
#4172 = VECTOR('',#4173,1.);
#4173 = DIRECTION('',(0.,0.,1.));
#4174 = ORIENTED_EDGE('',*,*,#2153,.F.);
#4175 = PLANE('',#4176);
#4176 = AXIS2_PLACEMENT_3D('',#4177,#4178,#4179);
#4177 = CARTESIAN_POINT('',(61.512151,12.19416,1.51));
#4178 = DIRECTION('',(0.31041468859,0.950601241903,-0.));
#4179 = DIRECTION('',(0.950601241903,-0.31041468859,0.));
#4180 = ADVANCED_FACE('',(#4181),#4192,.T.);
#4181 = FACE_BOUND('',#4182,.T.);
#4182 = EDGE_LOOP('',(#4183,#4184,#4185,#4191));
#4183 = ORIENTED_EDGE('',*,*,#4169,.T.);
#4184 = ORIENTED_EDGE('',*,*,#3453,.T.);
#4185 = ORIENTED_EDGE('',*,*,#4186,.F.);
#4186 = EDGE_CURVE('',#2137,#3446,#4187,.T.);
#4187 = LINE('',#4188,#4189);
#4188 = CARTESIAN_POINT('',(62.207982,11.423933,1.51));
#4189 = VECTOR('',#4190,1.);
#4190 = DIRECTION('',(0.,0.,1.));
#4191 = ORIENTED_EDGE('',*,*,#2144,.F.);
#4192 = CYLINDRICAL_SURFACE('',#4193,0.998873218578);
#4193 = AXIS2_PLACEMENT_3D('',#4194,#4195,#4196);
#4194 = CARTESIAN_POINT('',(61.226002590464,11.241000919604,1.51));
#4195 = DIRECTION('',(0.,0.,-1.));
#4196 = DIRECTION('',(0.393894242251,0.91915576804,0.));
#4197 = ADVANCED_FACE('',(#4198),#4209,.T.);
#4198 = FACE_BOUND('',#4199,.T.);
#4199 = EDGE_LOOP('',(#4200,#4201,#4202,#4208));
#4200 = ORIENTED_EDGE('',*,*,#4186,.T.);
#4201 = ORIENTED_EDGE('',*,*,#3445,.T.);
#4202 = ORIENTED_EDGE('',*,*,#4203,.F.);
#4203 = EDGE_CURVE('',#2129,#3438,#4204,.T.);
#4204 = LINE('',#4205,#4206);
#4205 = CARTESIAN_POINT('',(62.226,11.234906,1.51));
#4206 = VECTOR('',#4207,1.);
#4207 = DIRECTION('',(0.,0.,1.));
#4208 = ORIENTED_EDGE('',*,*,#2136,.F.);
#4209 = PLANE('',#4210);
#4210 = AXIS2_PLACEMENT_3D('',#4211,#4212,#4213);
#4211 = CARTESIAN_POINT('',(62.207982,11.423933,1.51));
#4212 = DIRECTION('',(0.995487800543,9.488961465918E-02,-0.));
#4213 = DIRECTION('',(9.488961465918E-02,-0.995487800543,0.));
#4214 = ADVANCED_FACE('',(#4215),#4226,.T.);
#4215 = FACE_BOUND('',#4216,.T.);
#4216 = EDGE_LOOP('',(#4217,#4218,#4219,#4220));
#4217 = ORIENTED_EDGE('',*,*,#2128,.F.);
#4218 = ORIENTED_EDGE('',*,*,#4203,.T.);
#4219 = ORIENTED_EDGE('',*,*,#3437,.T.);
#4220 = ORIENTED_EDGE('',*,*,#4221,.F.);
#4221 = EDGE_CURVE('',#2121,#3430,#4222,.T.);
#4222 = LINE('',#4223,#4224);
#4223 = CARTESIAN_POINT('',(62.226,5.369998,1.51));
#4224 = VECTOR('',#4225,1.);
#4225 = DIRECTION('',(0.,-0.,1.));
#4226 = PLANE('',#4227);
#4227 = AXIS2_PLACEMENT_3D('',#4228,#4229,#4230);
#4228 = CARTESIAN_POINT('',(62.226,11.234906,1.51));
#4229 = DIRECTION('',(1.,0.,-0.));
#4230 = DIRECTION('',(0.,-1.,0.));
#4231 = ADVANCED_FACE('',(#4232),#4248,.T.);
#4232 = FACE_BOUND('',#4233,.T.);
#4233 = EDGE_LOOP('',(#4234,#4235,#4241,#4242));
#4234 = ORIENTED_EDGE('',*,*,#2564,.F.);
#4235 = ORIENTED_EDGE('',*,*,#4236,.F.);
#4236 = EDGE_CURVE('',#3422,#2565,#4237,.T.);
#4237 = LINE('',#4238,#4239);
#4238 = CARTESIAN_POINT('',(61.389998,5.369998,1.51));
#4239 = VECTOR('',#4240,1.);
#4240 = DIRECTION('',(0.,0.,-1.));
#4241 = ORIENTED_EDGE('',*,*,#3421,.T.);
#4242 = ORIENTED_EDGE('',*,*,#4243,.F.);
#4243 = EDGE_CURVE('',#2567,#3414,#4244,.T.);
#4244 = LINE('',#4245,#4246);
#4245 = CARTESIAN_POINT('',(61.389998,5.869998,1.51));
#4246 = VECTOR('',#4247,1.);
#4247 = DIRECTION('',(0.,0.,1.));
#4248 = PLANE('',#4249);
#4249 = AXIS2_PLACEMENT_3D('',#4250,#4251,#4252);
#4250 = CARTESIAN_POINT('',(61.389998,4.969998,1.51));
#4251 = DIRECTION('',(-1.,0.,0.));
#4252 = DIRECTION('',(0.,1.,0.));
#4253 = ADVANCED_FACE('',(#4254),#4265,.T.);
#4254 = FACE_BOUND('',#4255,.T.);
#4255 = EDGE_LOOP('',(#4256,#4257,#4258,#4264));
#4256 = ORIENTED_EDGE('',*,*,#4243,.T.);
#4257 = ORIENTED_EDGE('',*,*,#3413,.T.);
#4258 = ORIENTED_EDGE('',*,*,#4259,.F.);
#4259 = EDGE_CURVE('',#2624,#3406,#4260,.T.);
#4260 = LINE('',#4261,#4262);
#4261 = CARTESIAN_POINT('',(60.942153,5.869998,1.51));
#4262 = VECTOR('',#4263,1.);
#4263 = DIRECTION('',(0.,0.,1.));
#4264 = ORIENTED_EDGE('',*,*,#2631,.F.);
#4265 = PLANE('',#4266);
#4266 = AXIS2_PLACEMENT_3D('',#4267,#4268,#4269);
#4267 = CARTESIAN_POINT('',(61.389998,5.869998,1.51));
#4268 = DIRECTION('',(0.,-1.,0.));
#4269 = DIRECTION('',(-1.,0.,0.));
#4270 = ADVANCED_FACE('',(#4271),#4282,.T.);
#4271 = FACE_BOUND('',#4272,.T.);
#4272 = EDGE_LOOP('',(#4273,#4274,#4275,#4281));
#4273 = ORIENTED_EDGE('',*,*,#4259,.T.);
#4274 = ORIENTED_EDGE('',*,*,#3405,.T.);
#4275 = ORIENTED_EDGE('',*,*,#4276,.F.);
#4276 = EDGE_CURVE('',#2615,#3397,#4277,.T.);
#4277 = LINE('',#4278,#4279);
#4278 = CARTESIAN_POINT('',(60.882625,5.863597,1.51));
#4279 = VECTOR('',#4280,1.);
#4280 = DIRECTION('',(0.,0.,1.));
#4281 = ORIENTED_EDGE('',*,*,#2623,.F.);
#4282 = PLANE('',#4283);
#4283 = AXIS2_PLACEMENT_3D('',#4284,#4285,#4286);
#4284 = CARTESIAN_POINT('',(60.942153,5.869998,1.51));
#4285 = DIRECTION('',(0.106912914193,-0.994268388705,0.));
#4286 = DIRECTION('',(-0.994268388705,-0.106912914193,0.));
#4287 = ADVANCED_FACE('',(#4288),#4299,.F.);
#4288 = FACE_BOUND('',#4289,.T.);
#4289 = EDGE_LOOP('',(#4290,#4291,#4292,#4298));
#4290 = ORIENTED_EDGE('',*,*,#4276,.T.);
#4291 = ORIENTED_EDGE('',*,*,#3396,.T.);
#4292 = ORIENTED_EDGE('',*,*,#4293,.F.);
#4293 = EDGE_CURVE('',#2607,#3389,#4294,.T.);
#4294 = LINE('',#4295,#4296);
#4295 = CARTESIAN_POINT('',(60.496399,5.477371,1.51));
#4296 = VECTOR('',#4297,1.);
#4297 = DIRECTION('',(0.,0.,1.));
#4298 = ORIENTED_EDGE('',*,*,#2614,.F.);
#4299 = CYLINDRICAL_SURFACE('',#4300,0.505143832088);
#4300 = AXIS2_PLACEMENT_3D('',#4301,#4302,#4303);
#4301 = CARTESIAN_POINT('',(60.989999129141,5.369996870859,1.51));
#4302 = DIRECTION('',(-0.,-0.,-1.));
#4303 = DIRECTION('',(-0.212561496984,0.977147690986,0.));
#4304 = ADVANCED_FACE('',(#4305),#4316,.T.);
#4305 = FACE_BOUND('',#4306,.T.);
#4306 = EDGE_LOOP('',(#4307,#4308,#4309,#4315));
#4307 = ORIENTED_EDGE('',*,*,#4293,.T.);
#4308 = ORIENTED_EDGE('',*,*,#3388,.T.);
#4309 = ORIENTED_EDGE('',*,*,#4310,.F.);
#4310 = EDGE_CURVE('',#2599,#3381,#4311,.T.);
#4311 = LINE('',#4312,#4313);
#4312 = CARTESIAN_POINT('',(60.489998,5.417843,1.51));
#4313 = VECTOR('',#4314,1.);
#4314 = DIRECTION('',(0.,0.,1.));
#4315 = ORIENTED_EDGE('',*,*,#2606,.F.);
#4316 = PLANE('',#4317);
#4317 = AXIS2_PLACEMENT_3D('',#4318,#4319,#4320);
#4318 = CARTESIAN_POINT('',(60.496399,5.477371,1.51));
#4319 = DIRECTION('',(0.994268388705,-0.106912914193,0.));
#4320 = DIRECTION('',(-0.106912914193,-0.994268388705,0.));
#4321 = ADVANCED_FACE('',(#4322),#4333,.T.);
#4322 = FACE_BOUND('',#4323,.T.);
#4323 = EDGE_LOOP('',(#4324,#4325,#4326,#4332));
#4324 = ORIENTED_EDGE('',*,*,#4310,.T.);
#4325 = ORIENTED_EDGE('',*,*,#3380,.T.);
#4326 = ORIENTED_EDGE('',*,*,#4327,.F.);
#4327 = EDGE_CURVE('',#2591,#3373,#4328,.T.);
#4328 = LINE('',#4329,#4330);
#4329 = CARTESIAN_POINT('',(60.489998,4.969998,1.51));
#4330 = VECTOR('',#4331,1.);
#4331 = DIRECTION('',(0.,0.,1.));
#4332 = ORIENTED_EDGE('',*,*,#2598,.F.);
#4333 = PLANE('',#4334);
#4334 = AXIS2_PLACEMENT_3D('',#4335,#4336,#4337);
#4335 = CARTESIAN_POINT('',(60.489998,5.417843,1.51));
#4336 = DIRECTION('',(1.,0.,-0.));
#4337 = DIRECTION('',(0.,-1.,0.));
#4338 = ADVANCED_FACE('',(#4339),#4350,.T.);
#4339 = FACE_BOUND('',#4340,.T.);
#4340 = EDGE_LOOP('',(#4341,#4342,#4343,#4344));
#4341 = ORIENTED_EDGE('',*,*,#2590,.F.);
#4342 = ORIENTED_EDGE('',*,*,#4327,.T.);
#4343 = ORIENTED_EDGE('',*,*,#3372,.T.);
#4344 = ORIENTED_EDGE('',*,*,#4345,.F.);
#4345 = EDGE_CURVE('',#2583,#3365,#4346,.T.);
#4346 = LINE('',#4347,#4348);
#4347 = CARTESIAN_POINT('',(60.989998,4.969998,1.51));
#4348 = VECTOR('',#4349,1.);
#4349 = DIRECTION('',(0.,-0.,1.));
#4350 = PLANE('',#4351);
#4351 = AXIS2_PLACEMENT_3D('',#4352,#4353,#4354);
#4352 = CARTESIAN_POINT('',(60.489998,4.969998,1.51));
#4353 = DIRECTION('',(0.,1.,0.));
#4354 = DIRECTION('',(1.,0.,0.));
#4355 = ADVANCED_FACE('',(#4356),#4372,.T.);
#4356 = FACE_BOUND('',#4357,.T.);
#4357 = EDGE_LOOP('',(#4358,#4359,#4365,#4366));
#4358 = ORIENTED_EDGE('',*,*,#2088,.F.);
#4359 = ORIENTED_EDGE('',*,*,#4360,.F.);
#4360 = EDGE_CURVE('',#3357,#2089,#4361,.T.);
#4361 = LINE('',#4362,#4363);
#4362 = CARTESIAN_POINT('',(60.989998,4.069998,1.51));
#4363 = VECTOR('',#4364,1.);
#4364 = DIRECTION('',(-0.,-0.,-1.));
#4365 = ORIENTED_EDGE('',*,*,#3356,.T.);
#4366 = ORIENTED_EDGE('',*,*,#4367,.F.);
#4367 = EDGE_CURVE('',#2081,#3349,#4368,.T.);
#4368 = LINE('',#4369,#4370);
#4369 = CARTESIAN_POINT('',(60.489998,4.069998,1.51));
#4370 = VECTOR('',#4371,1.);
#4371 = DIRECTION('',(0.,0.,1.));
#4372 = PLANE('',#4373);
#4373 = AXIS2_PLACEMENT_3D('',#4374,#4375,#4376);
#4374 = CARTESIAN_POINT('',(61.619422,4.069998,1.51));
#4375 = DIRECTION('',(0.,-1.,0.));
#4376 = DIRECTION('',(-1.,0.,0.));
#4377 = ADVANCED_FACE('',(#4378),#4389,.T.);
#4378 = FACE_BOUND('',#4379,.T.);
#4379 = EDGE_LOOP('',(#4380,#4381,#4382,#4388));
#4380 = ORIENTED_EDGE('',*,*,#4367,.T.);
#4381 = ORIENTED_EDGE('',*,*,#3348,.T.);
#4382 = ORIENTED_EDGE('',*,*,#4383,.F.);
#4383 = EDGE_CURVE('',#2072,#3340,#4384,.T.);
#4384 = LINE('',#4385,#4386);
#4385 = CARTESIAN_POINT('',(60.488736,3.727851,1.51));
#4386 = VECTOR('',#4387,1.);
#4387 = DIRECTION('',(0.,0.,1.));
#4388 = ORIENTED_EDGE('',*,*,#2080,.F.);
#4389 = PLANE('',#4390);
#4390 = AXIS2_PLACEMENT_3D('',#4391,#4392,#4393);
#4391 = CARTESIAN_POINT('',(60.489998,4.069998,1.51));
#4392 = DIRECTION('',(0.999993197653,-3.688447992923E-03,0.));
#4393 = DIRECTION('',(-3.688447992923E-03,-0.999993197653,0.));
#4394 = ADVANCED_FACE('',(#4395),#4406,.T.);
#4395 = FACE_BOUND('',#4396,.T.);
#4396 = EDGE_LOOP('',(#4397,#4398,#4399,#4405));
#4397 = ORIENTED_EDGE('',*,*,#4383,.T.);
#4398 = ORIENTED_EDGE('',*,*,#3339,.T.);
#4399 = ORIENTED_EDGE('',*,*,#4400,.F.);
#4400 = EDGE_CURVE('',#2064,#3332,#4401,.T.);
#4401 = LINE('',#4402,#4403);
#4402 = CARTESIAN_POINT('',(60.365998,3.621498,1.51));
#4403 = VECTOR('',#4404,1.);
#4404 = DIRECTION('',(0.,0.,1.));
#4405 = ORIENTED_EDGE('',*,*,#2071,.F.);
#4406 = CYLINDRICAL_SURFACE('',#4407,0.123999633016);
#4407 = AXIS2_PLACEMENT_3D('',#4408,#4409,#4410);
#4408 = CARTESIAN_POINT('',(60.365998453457,3.745497633015,1.51));
#4409 = DIRECTION('',(0.,0.,-1.));
#4410 = DIRECTION('',(0.989821853158,-0.142311977752,0.));
#4411 = ADVANCED_FACE('',(#4412),#4423,.T.);
#4412 = FACE_BOUND('',#4413,.T.);
#4413 = EDGE_LOOP('',(#4414,#4415,#4416,#4422));
#4414 = ORIENTED_EDGE('',*,*,#4400,.T.);
#4415 = ORIENTED_EDGE('',*,*,#3331,.T.);
#4416 = ORIENTED_EDGE('',*,*,#4417,.F.);
#4417 = EDGE_CURVE('',#2056,#3324,#4418,.T.);
#4418 = LINE('',#4419,#4420);
#4419 = CARTESIAN_POINT('',(60.349809,3.621498,1.51));
#4420 = VECTOR('',#4421,1.);
#4421 = DIRECTION('',(0.,0.,1.));
#4422 = ORIENTED_EDGE('',*,*,#2063,.F.);
#4423 = PLANE('',#4424);
#4424 = AXIS2_PLACEMENT_3D('',#4425,#4426,#4427);
#4425 = CARTESIAN_POINT('',(60.365998,3.621498,1.51));
#4426 = DIRECTION('',(0.,-1.,0.));
#4427 = DIRECTION('',(-1.,0.,0.));
#4428 = ADVANCED_FACE('',(#4429),#4440,.T.);
#4429 = FACE_BOUND('',#4430,.T.);
#4430 = EDGE_LOOP('',(#4431,#4432,#4433,#4439));
#4431 = ORIENTED_EDGE('',*,*,#4417,.T.);
#4432 = ORIENTED_EDGE('',*,*,#3323,.T.);
#4433 = ORIENTED_EDGE('',*,*,#4434,.F.);
#4434 = EDGE_CURVE('',#2048,#3316,#4435,.T.);
#4435 = LINE('',#4436,#4437);
#4436 = CARTESIAN_POINT('',(60.28277,3.641183,1.51));
#4437 = VECTOR('',#4438,1.);
#4438 = DIRECTION('',(0.,0.,1.));
#4439 = ORIENTED_EDGE('',*,*,#2055,.F.);
#4440 = PLANE('',#4441);
#4441 = AXIS2_PLACEMENT_3D('',#4442,#4443,#4444);
#4442 = CARTESIAN_POINT('',(60.349809,3.621498,1.51));
#4443 = DIRECTION('',(-0.281740114026,-0.959490754593,0.));
#4444 = DIRECTION('',(-0.959490754593,0.281740114026,0.));
#4445 = ADVANCED_FACE('',(#4446),#4457,.T.);
#4446 = FACE_BOUND('',#4447,.T.);
#4447 = EDGE_LOOP('',(#4448,#4449,#4450,#4456));
#4448 = ORIENTED_EDGE('',*,*,#4434,.T.);
#4449 = ORIENTED_EDGE('',*,*,#3315,.T.);
#4450 = ORIENTED_EDGE('',*,*,#4451,.F.);
#4451 = EDGE_CURVE('',#2039,#3307,#4452,.T.);
#4452 = LINE('',#4453,#4454);
#4453 = CARTESIAN_POINT('',(58.157675,5.762272,1.51));
#4454 = VECTOR('',#4455,1.);
#4455 = DIRECTION('',(0.,0.,1.));
#4456 = ORIENTED_EDGE('',*,*,#2047,.F.);
#4457 = PLANE('',#4458);
#4458 = AXIS2_PLACEMENT_3D('',#4459,#4460,#4461);
#4459 = CARTESIAN_POINT('',(60.28277,3.641183,1.51));
#4460 = DIRECTION('',(-0.706439357277,-0.707773575721,0.));
#4461 = DIRECTION('',(-0.707773575721,0.706439357277,0.));
#4462 = ADVANCED_FACE('',(#4463),#4474,.F.);
#4463 = FACE_BOUND('',#4464,.T.);
#4464 = EDGE_LOOP('',(#4465,#4466,#4467,#4473));
#4465 = ORIENTED_EDGE('',*,*,#4451,.T.);
#4466 = ORIENTED_EDGE('',*,*,#3306,.T.);
#4467 = ORIENTED_EDGE('',*,*,#4468,.F.);
#4468 = EDGE_CURVE('',#2031,#3299,#4469,.T.);
#4469 = LINE('',#4470,#4471);
#4470 = CARTESIAN_POINT('',(57.807071,5.907498,1.51));
#4471 = VECTOR('',#4472,1.);
#4472 = DIRECTION('',(0.,0.,1.));
#4473 = ORIENTED_EDGE('',*,*,#2038,.F.);
#4474 = CYLINDRICAL_SURFACE('',#4475,0.653671169082);
#4475 = AXIS2_PLACEMENT_3D('',#4476,#4477,#4478);
#4476 = CARTESIAN_POINT('',(57.742993127225,5.256975115307,1.51));
#4477 = DIRECTION('',(-0.,-0.,-1.));
#4478 = DIRECTION('',(0.63438911243,0.773013876997,-0.));
#4479 = ADVANCED_FACE('',(#4480),#4491,.T.);
#4480 = FACE_BOUND('',#4481,.T.);
#4481 = EDGE_LOOP('',(#4482,#4483,#4484,#4490));
#4482 = ORIENTED_EDGE('',*,*,#4468,.T.);
#4483 = ORIENTED_EDGE('',*,*,#3298,.T.);
#4484 = ORIENTED_EDGE('',*,*,#4485,.F.);
#4485 = EDGE_CURVE('',#2022,#3290,#4486,.T.);
#4486 = LINE('',#4487,#4488);
#4487 = CARTESIAN_POINT('',(-57.807073,5.907498,1.51));
#4488 = VECTOR('',#4489,1.);
#4489 = DIRECTION('',(0.,0.,1.));
#4490 = ORIENTED_EDGE('',*,*,#2030,.F.);
#4491 = PLANE('',#4492);
#4492 = AXIS2_PLACEMENT_3D('',#4493,#4494,#4495);
#4493 = CARTESIAN_POINT('',(57.807071,5.907498,1.51));
#4494 = DIRECTION('',(0.,-1.,0.));
#4495 = DIRECTION('',(-1.,0.,0.));
#4496 = ADVANCED_FACE('',(#4497),#4508,.F.);
#4497 = FACE_BOUND('',#4498,.T.);
#4498 = EDGE_LOOP('',(#4499,#4500,#4501,#4507));
#4499 = ORIENTED_EDGE('',*,*,#4485,.T.);
#4500 = ORIENTED_EDGE('',*,*,#3289,.T.);
#4501 = ORIENTED_EDGE('',*,*,#4502,.F.);
#4502 = EDGE_CURVE('',#2014,#3282,#4503,.T.);
#4503 = LINE('',#4504,#4505);
#4504 = CARTESIAN_POINT('',(-58.157675,5.762272,1.51));
#4505 = VECTOR('',#4506,1.);
#4506 = DIRECTION('',(0.,0.,1.));
#4507 = ORIENTED_EDGE('',*,*,#2021,.F.);
#4508 = CYLINDRICAL_SURFACE('',#4509,0.653657506429);
#4509 = AXIS2_PLACEMENT_3D('',#4510,#4511,#4512);
#4510 = CARTESIAN_POINT('',(-57.74299831821,5.256988529765,1.51));
#4511 = DIRECTION('',(-0.,-0.,-1.));
#4512 = DIRECTION('',(-9.802485423628E-02,0.995183966889,0.));
#4513 = ADVANCED_FACE('',(#4514),#4525,.T.);
#4514 = FACE_BOUND('',#4515,.T.);
#4515 = EDGE_LOOP('',(#4516,#4517,#4518,#4524));
#4516 = ORIENTED_EDGE('',*,*,#4502,.T.);
#4517 = ORIENTED_EDGE('',*,*,#3281,.T.);
#4518 = ORIENTED_EDGE('',*,*,#4519,.F.);
#4519 = EDGE_CURVE('',#2006,#3274,#4520,.T.);
#4520 = LINE('',#4521,#4522);
#4521 = CARTESIAN_POINT('',(-60.262129,3.657817,1.51));
#4522 = VECTOR('',#4523,1.);
#4523 = DIRECTION('',(0.,0.,1.));
#4524 = ORIENTED_EDGE('',*,*,#2013,.F.);
#4525 = PLANE('',#4526);
#4526 = AXIS2_PLACEMENT_3D('',#4527,#4528,#4529);
#4527 = CARTESIAN_POINT('',(-58.157675,5.762272,1.51));
#4528 = DIRECTION('',(0.707106949189,-0.707106613184,0.));
#4529 = DIRECTION('',(-0.707106613184,-0.707106949189,0.));
#4530 = ADVANCED_FACE('',(#4531),#4542,.T.);
#4531 = FACE_BOUND('',#4532,.T.);
#4532 = EDGE_LOOP('',(#4533,#4534,#4535,#4541));
#4533 = ORIENTED_EDGE('',*,*,#4519,.T.);
#4534 = ORIENTED_EDGE('',*,*,#3273,.T.);
#4535 = ORIENTED_EDGE('',*,*,#4536,.F.);
#4536 = EDGE_CURVE('',#1998,#3266,#4537,.T.);
#4537 = LINE('',#4538,#4539);
#4538 = CARTESIAN_POINT('',(-60.323452,3.624332,1.51));
#4539 = VECTOR('',#4540,1.);
#4540 = DIRECTION('',(0.,0.,1.));
#4541 = ORIENTED_EDGE('',*,*,#2005,.F.);
#4542 = PLANE('',#4543);
#4543 = AXIS2_PLACEMENT_3D('',#4544,#4545,#4546);
#4544 = CARTESIAN_POINT('',(-60.262129,3.657817,1.51));
#4545 = DIRECTION('',(0.479250184514,-0.877678335521,0.));
#4546 = DIRECTION('',(-0.877678335521,-0.479250184514,0.));
#4547 = ADVANCED_FACE('',(#4548),#4559,.T.);
#4548 = FACE_BOUND('',#4549,.T.);
#4549 = EDGE_LOOP('',(#4550,#4551,#4552,#4558));
#4550 = ORIENTED_EDGE('',*,*,#4536,.T.);
#4551 = ORIENTED_EDGE('',*,*,#3265,.T.);
#4552 = ORIENTED_EDGE('',*,*,#4553,.F.);
#4553 = EDGE_CURVE('',#1989,#3257,#4554,.T.);
#4554 = LINE('',#4555,#4556);
#4555 = CARTESIAN_POINT('',(-60.580971,3.621498,1.51));
#4556 = VECTOR('',#4557,1.);
#4557 = DIRECTION('',(0.,0.,1.));
#4558 = ORIENTED_EDGE('',*,*,#1997,.F.);
#4559 = PLANE('',#4560);
#4560 = AXIS2_PLACEMENT_3D('',#4561,#4562,#4563);
#4561 = CARTESIAN_POINT('',(-60.323452,3.624332,1.51));
#4562 = DIRECTION('',(1.100434687254E-02,-0.999939450342,0.));
#4563 = DIRECTION('',(-0.999939450342,-1.100434687254E-02,0.));
#4564 = ADVANCED_FACE('',(#4565),#4576,.T.);
#4565 = FACE_BOUND('',#4566,.T.);
#4566 = EDGE_LOOP('',(#4567,#4568,#4569,#4575));
#4567 = ORIENTED_EDGE('',*,*,#4553,.T.);
#4568 = ORIENTED_EDGE('',*,*,#3256,.T.);
#4569 = ORIENTED_EDGE('',*,*,#4570,.F.);
#4570 = EDGE_CURVE('',#1981,#3249,#4571,.T.);
#4571 = LINE('',#4572,#4573);
#4572 = CARTESIAN_POINT('',(-60.685376,3.812449,1.51));
#4573 = VECTOR('',#4574,1.);
#4574 = DIRECTION('',(0.,0.,1.));
#4575 = ORIENTED_EDGE('',*,*,#1988,.F.);
#4576 = CYLINDRICAL_SURFACE('',#4577,0.124028103863);
#4577 = AXIS2_PLACEMENT_3D('',#4578,#4579,#4580);
#4578 = CARTESIAN_POINT('',(-60.58095236123,3.745526102462,1.51));
#4579 = DIRECTION('',(0.,0.,-1.));
#4580 = DIRECTION('',(-1.502785637949E-04,-0.999999988708,-0.));
#4581 = ADVANCED_FACE('',(#4582),#4593,.T.);
#4582 = FACE_BOUND('',#4583,.T.);
#4583 = EDGE_LOOP('',(#4584,#4585,#4586,#4592));
#4584 = ORIENTED_EDGE('',*,*,#4570,.T.);
#4585 = ORIENTED_EDGE('',*,*,#3248,.T.);
#4586 = ORIENTED_EDGE('',*,*,#4587,.F.);
#4587 = EDGE_CURVE('',#1973,#3241,#4588,.T.);
#4588 = LINE('',#4589,#4590);
#4589 = CARTESIAN_POINT('',(-60.588908,4.001776,1.51));
#4590 = VECTOR('',#4591,1.);
#4591 = DIRECTION('',(0.,0.,1.));
#4592 = ORIENTED_EDGE('',*,*,#1980,.F.);
#4593 = PLANE('',#4594);
#4594 = AXIS2_PLACEMENT_3D('',#4595,#4596,#4597);
#4595 = CARTESIAN_POINT('',(-60.685376,3.812449,1.51));
#4596 = DIRECTION('',(-0.891004477293,0.453994516976,0.));
#4597 = DIRECTION('',(0.453994516976,0.891004477293,0.));
#4598 = ADVANCED_FACE('',(#4599),#4610,.T.);
#4599 = FACE_BOUND('',#4600,.T.);
#4600 = EDGE_LOOP('',(#4601,#4602,#4603,#4609));
#4601 = ORIENTED_EDGE('',*,*,#4587,.T.);
#4602 = ORIENTED_EDGE('',*,*,#3240,.T.);
#4603 = ORIENTED_EDGE('',*,*,#4604,.F.);
#4604 = EDGE_CURVE('',#1965,#3233,#4605,.T.);
#4605 = LINE('',#4606,#4607);
#4606 = CARTESIAN_POINT('',(-60.56674,4.069998,1.51));
#4607 = VECTOR('',#4608,1.);
#4608 = DIRECTION('',(0.,0.,1.));
#4609 = ORIENTED_EDGE('',*,*,#1972,.F.);
#4610 = PLANE('',#4611);
#4611 = AXIS2_PLACEMENT_3D('',#4612,#4613,#4614);
#4612 = CARTESIAN_POINT('',(-60.588908,4.001776,1.51));
#4613 = DIRECTION('',(-0.951051073324,0.309033745616,0.));
#4614 = DIRECTION('',(0.309033745616,0.951051073324,0.));
#4615 = ADVANCED_FACE('',(#4616),#4627,.T.);
#4616 = FACE_BOUND('',#4617,.T.);
#4617 = EDGE_LOOP('',(#4618,#4619,#4620,#4621));
#4618 = ORIENTED_EDGE('',*,*,#1964,.F.);
#4619 = ORIENTED_EDGE('',*,*,#4604,.T.);
#4620 = ORIENTED_EDGE('',*,*,#3232,.T.);
#4621 = ORIENTED_EDGE('',*,*,#4622,.T.);
#4622 = EDGE_CURVE('',#3224,#1956,#4623,.T.);
#4623 = LINE('',#4624,#4625);
#4624 = CARTESIAN_POINT('',(-61.11889092364,4.069998,1.51));
#4625 = VECTOR('',#4626,1.);
#4626 = DIRECTION('',(-0.,-0.,-1.));
#4627 = PLANE('',#4628);
#4628 = AXIS2_PLACEMENT_3D('',#4629,#4630,#4631);
#4629 = CARTESIAN_POINT('',(-60.56674,4.069998,1.51));
#4630 = DIRECTION('',(0.,-1.,0.));
#4631 = DIRECTION('',(-1.,0.,0.));
#4632 = ADVANCED_FACE('',(#4633),#4649,.T.);
#4633 = FACE_BOUND('',#4634,.T.);
#4634 = EDGE_LOOP('',(#4635,#4636,#4642,#4643));
#4635 = ORIENTED_EDGE('',*,*,#2639,.F.);
#4636 = ORIENTED_EDGE('',*,*,#4637,.F.);
#4637 = EDGE_CURVE('',#3207,#2640,#4638,.T.);
#4638 = LINE('',#4639,#4640);
#4639 = CARTESIAN_POINT('',(-61.11889092364,4.969998,1.51));
#4640 = VECTOR('',#4641,1.);
#4641 = DIRECTION('',(-0.,-0.,-1.));
#4642 = ORIENTED_EDGE('',*,*,#3206,.T.);
#4643 = ORIENTED_EDGE('',*,*,#4644,.F.);
#4644 = EDGE_CURVE('',#2642,#3199,#4645,.T.);
#4645 = LINE('',#4646,#4647);
#4646 = CARTESIAN_POINT('',(-60.56674,4.969998,1.51));
#4647 = VECTOR('',#4648,1.);
#4648 = DIRECTION('',(0.,0.,1.));
#4649 = PLANE('',#4650);
#4650 = AXIS2_PLACEMENT_3D('',#4651,#4652,#4653);
#4651 = CARTESIAN_POINT('',(-61.39,4.969998,1.51));
#4652 = DIRECTION('',(0.,1.,0.));
#4653 = DIRECTION('',(1.,0.,0.));
#4654 = ADVANCED_FACE('',(#4655),#4666,.T.);
#4655 = FACE_BOUND('',#4656,.T.);
#4656 = EDGE_LOOP('',(#4657,#4658,#4659,#4665));
#4657 = ORIENTED_EDGE('',*,*,#4644,.T.);
#4658 = ORIENTED_EDGE('',*,*,#3198,.T.);
#4659 = ORIENTED_EDGE('',*,*,#4660,.F.);
#4660 = EDGE_CURVE('',#2675,#3190,#4661,.T.);
#4661 = LINE('',#4662,#4663);
#4662 = CARTESIAN_POINT('',(-60.588908,5.038221,1.51));
#4663 = VECTOR('',#4664,1.);
#4664 = DIRECTION('',(0.,0.,1.));
#4665 = ORIENTED_EDGE('',*,*,#2683,.F.);
#4666 = PLANE('',#4667);
#4667 = AXIS2_PLACEMENT_3D('',#4668,#4669,#4670);
#4668 = CARTESIAN_POINT('',(-60.56674,4.969998,1.51));
#4669 = DIRECTION('',(-0.951052404644,-0.309029648449,0.));
#4670 = DIRECTION('',(-0.309029648449,0.951052404644,0.));
#4671 = ADVANCED_FACE('',(#4672),#4683,.F.);
#4672 = FACE_BOUND('',#4673,.T.);
#4673 = EDGE_LOOP('',(#4674,#4675,#4676,#4682));
#4674 = ORIENTED_EDGE('',*,*,#4660,.T.);
#4675 = ORIENTED_EDGE('',*,*,#3189,.T.);
#4676 = ORIENTED_EDGE('',*,*,#4677,.F.);
#4677 = EDGE_CURVE('',#2667,#3182,#4678,.T.);
#4678 = LINE('',#4679,#4680);
#4679 = CARTESIAN_POINT('',(-61.321778,5.771091,1.51));
#4680 = VECTOR('',#4681,1.);
#4681 = DIRECTION('',(0.,0.,1.));
#4682 = ORIENTED_EDGE('',*,*,#2674,.F.);
#4683 = CYLINDRICAL_SURFACE('',#4684,1.354167893369);
#4684 = AXIS2_PLACEMENT_3D('',#4685,#4686,#4687);
#4685 = CARTESIAN_POINT('',(-61.83999588813,4.520003111862,1.51));
#4686 = DIRECTION('',(-0.,-0.,-1.));
#4687 = DIRECTION('',(0.923879449708,0.38268363227,-0.));
#4688 = ADVANCED_FACE('',(#4689),#4700,.T.);
#4689 = FACE_BOUND('',#4690,.T.);
#4690 = EDGE_LOOP('',(#4691,#4692,#4693,#4699));
#4691 = ORIENTED_EDGE('',*,*,#4677,.T.);
#4692 = ORIENTED_EDGE('',*,*,#3181,.T.);
#4693 = ORIENTED_EDGE('',*,*,#4694,.F.);
#4694 = EDGE_CURVE('',#2659,#3174,#4695,.T.);
#4695 = LINE('',#4696,#4697);
#4696 = CARTESIAN_POINT('',(-61.39,5.793258,1.51));
#4697 = VECTOR('',#4698,1.);
#4698 = DIRECTION('',(0.,0.,1.));
#4699 = ORIENTED_EDGE('',*,*,#2666,.F.);
#4700 = PLANE('',#4701);
#4701 = AXIS2_PLACEMENT_3D('',#4702,#4703,#4704);
#4702 = CARTESIAN_POINT('',(-61.321778,5.771091,1.51));
#4703 = DIRECTION('',(-0.309021136348,-0.951055170476,0.));
#4704 = DIRECTION('',(-0.951055170476,0.309021136348,0.));
#4705 = ADVANCED_FACE('',(#4706),#4717,.T.);
#4706 = FACE_BOUND('',#4707,.T.);
#4707 = EDGE_LOOP('',(#4708,#4709,#4710,#4711));
#4708 = ORIENTED_EDGE('',*,*,#2658,.F.);
#4709 = ORIENTED_EDGE('',*,*,#4694,.T.);
#4710 = ORIENTED_EDGE('',*,*,#3173,.T.);
#4711 = ORIENTED_EDGE('',*,*,#4712,.T.);
#4712 = EDGE_CURVE('',#3165,#2650,#4713,.T.);
#4713 = LINE('',#4714,#4715);
#4714 = CARTESIAN_POINT('',(-61.39,5.241107076355,1.51));
#4715 = VECTOR('',#4716,1.);
#4716 = DIRECTION('',(-0.,-0.,-1.));
#4717 = PLANE('',#4718);
#4718 = AXIS2_PLACEMENT_3D('',#4719,#4720,#4721);
#4719 = CARTESIAN_POINT('',(-61.39,5.793258,1.51));
#4720 = DIRECTION('',(1.,0.,-0.));
#4721 = DIRECTION('',(0.,-1.,0.));
#4722 = ADVANCED_FACE('',(#4723),#4739,.T.);
#4723 = FACE_BOUND('',#4724,.T.);
#4724 = EDGE_LOOP('',(#4725,#4726,#4732,#4733));
#4725 = ORIENTED_EDGE('',*,*,#1947,.F.);
#4726 = ORIENTED_EDGE('',*,*,#4727,.F.);
#4727 = EDGE_CURVE('',#3157,#1948,#4728,.T.);
#4728 = LINE('',#4729,#4730);
#4729 = CARTESIAN_POINT('',(-62.249999,5.264577827822,1.51));
#4730 = VECTOR('',#4731,1.);
#4731 = DIRECTION('',(-0.,-0.,-1.));
#4732 = ORIENTED_EDGE('',*,*,#3156,.T.);
#4733 = ORIENTED_EDGE('',*,*,#4734,.F.);
#4734 = EDGE_CURVE('',#1939,#3148,#4735,.T.);
#4735 = LINE('',#4736,#4737);
#4736 = CARTESIAN_POINT('',(-62.249999,6.688673,1.51));
#4737 = VECTOR('',#4738,1.);
#4738 = DIRECTION('',(0.,0.,1.));
#4739 = PLANE('',#4740);
#4740 = AXIS2_PLACEMENT_3D('',#4741,#4742,#4743);
#4741 = CARTESIAN_POINT('',(-62.249999,4.809858,1.51));
#4742 = DIRECTION('',(-1.,0.,0.));
#4743 = DIRECTION('',(0.,1.,0.));
#4744 = ADVANCED_FACE('',(#4745),#4756,.T.);
#4745 = FACE_BOUND('',#4746,.T.);
#4746 = EDGE_LOOP('',(#4747,#4748,#4749,#4755));
#4747 = ORIENTED_EDGE('',*,*,#4734,.T.);
#4748 = ORIENTED_EDGE('',*,*,#3147,.T.);
#4749 = ORIENTED_EDGE('',*,*,#4750,.F.);
#4750 = EDGE_CURVE('',#1931,#3140,#4751,.T.);
#4751 = LINE('',#4752,#4753);
#4752 = CARTESIAN_POINT('',(-62.103915,6.810618,1.51));
#4753 = VECTOR('',#4754,1.);
#4754 = DIRECTION('',(0.,0.,1.));
#4755 = ORIENTED_EDGE('',*,*,#1938,.F.);
#4756 = CYLINDRICAL_SURFACE('',#4757,0.123920950127);
#4757 = AXIS2_PLACEMENT_3D('',#4758,#4759,#4760);
#4758 = CARTESIAN_POINT('',(-62.12607805183,6.688695069369,1.51));
#4759 = DIRECTION('',(0.,0.,-1.));
#4760 = DIRECTION('',(-0.999999984142,-1.780923163198E-04,-0.));
#4761 = ADVANCED_FACE('',(#4762),#4773,.T.);
#4762 = FACE_BOUND('',#4763,.T.);
#4763 = EDGE_LOOP('',(#4764,#4765,#4766,#4772));
#4764 = ORIENTED_EDGE('',*,*,#4750,.T.);
#4765 = ORIENTED_EDGE('',*,*,#3139,.T.);
#4766 = ORIENTED_EDGE('',*,*,#4767,.F.);
#4767 = EDGE_CURVE('',#1923,#3132,#4768,.T.);
#4768 = LINE('',#4769,#4770);
#4769 = CARTESIAN_POINT('',(-61.999999,6.800004,1.51));
#4770 = VECTOR('',#4771,1.);
#4771 = DIRECTION('',(0.,0.,1.));
#4772 = ORIENTED_EDGE('',*,*,#1930,.F.);
#4773 = PLANE('',#4774);
#4774 = AXIS2_PLACEMENT_3D('',#4775,#4776,#4777);
#4775 = CARTESIAN_POINT('',(-62.103915,6.810618,1.51));
#4776 = DIRECTION('',(0.101611528256,0.994824153972,-0.));
#4777 = DIRECTION('',(0.994824153972,-0.101611528256,0.));
#4778 = ADVANCED_FACE('',(#4779),#4790,.T.);
#4779 = FACE_BOUND('',#4780,.T.);
#4780 = EDGE_LOOP('',(#4781,#4782,#4783,#4784));
#4781 = ORIENTED_EDGE('',*,*,#1922,.F.);
#4782 = ORIENTED_EDGE('',*,*,#4767,.T.);
#4783 = ORIENTED_EDGE('',*,*,#3131,.T.);
#4784 = ORIENTED_EDGE('',*,*,#4785,.T.);
#4785 = EDGE_CURVE('',#3123,#1914,#4786,.T.);
#4786 = LINE('',#4787,#4788);
#4787 = CARTESIAN_POINT('',(-61.99999921043,7.305049877774,1.51));
#4788 = VECTOR('',#4789,1.);
#4789 = DIRECTION('',(0.,0.,-1.));
#4790 = PLANE('',#4791);
#4791 = AXIS2_PLACEMENT_3D('',#4792,#4793,#4794);
#4792 = CARTESIAN_POINT('',(-61.999999,6.800004,1.51));
#4793 = DIRECTION('',(-1.,-4.16667880896E-07,0.));
#4794 = DIRECTION('',(-4.16667880896E-07,1.,0.));
#4795 = ADVANCED_FACE('',(#4796),#4812,.T.);
#4796 = FACE_BOUND('',#4797,.T.);
#4797 = EDGE_LOOP('',(#4798,#4799,#4805,#4806));
#4798 = ORIENTED_EDGE('',*,*,#2691,.F.);
#4799 = ORIENTED_EDGE('',*,*,#4800,.F.);
#4800 = EDGE_CURVE('',#3098,#2692,#4801,.T.);
#4801 = LINE('',#4802,#4803);
#4802 = CARTESIAN_POINT('',(-61.099999,7.305049834819,1.51));
#4803 = VECTOR('',#4804,1.);
#4804 = DIRECTION('',(0.,0.,-1.));
#4805 = ORIENTED_EDGE('',*,*,#3097,.T.);
#4806 = ORIENTED_EDGE('',*,*,#4807,.F.);
#4807 = EDGE_CURVE('',#2694,#3090,#4808,.T.);
#4808 = LINE('',#4809,#4810);
#4809 = CARTESIAN_POINT('',(-61.099999,6.800004,1.51));
#4810 = VECTOR('',#4811,1.);
#4811 = DIRECTION('',(0.,0.,1.));
#4812 = PLANE('',#4813);
#4813 = AXIS2_PLACEMENT_3D('',#4814,#4815,#4816);
#4814 = CARTESIAN_POINT('',(-61.099999,7.549999,1.51));
#4815 = DIRECTION('',(1.,0.,-0.));
#4816 = DIRECTION('',(0.,-1.,0.));
#4817 = ADVANCED_FACE('',(#4818),#4829,.T.);
#4818 = FACE_BOUND('',#4819,.T.);
#4819 = EDGE_LOOP('',(#4820,#4821,#4822,#4828));
#4820 = ORIENTED_EDGE('',*,*,#4807,.T.);
#4821 = ORIENTED_EDGE('',*,*,#3089,.T.);
#4822 = ORIENTED_EDGE('',*,*,#4823,.F.);
#4823 = EDGE_CURVE('',#2735,#3081,#4824,.T.);
#4824 = LINE('',#4825,#4826);
#4825 = CARTESIAN_POINT('',(-60.997301,6.810494,1.51));
#4826 = VECTOR('',#4827,1.);
#4827 = DIRECTION('',(0.,0.,1.));
#4828 = ORIENTED_EDGE('',*,*,#2743,.F.);
#4829 = PLANE('',#4830);
#4830 = AXIS2_PLACEMENT_3D('',#4831,#4832,#4833);
#4831 = CARTESIAN_POINT('',(-61.099999,6.800004,1.51));
#4832 = DIRECTION('',(-0.10161542773,0.994823755671,0.));
#4833 = DIRECTION('',(0.994823755671,0.10161542773,0.));
#4834 = ADVANCED_FACE('',(#4835),#4846,.F.);
#4835 = FACE_BOUND('',#4836,.T.);
#4836 = EDGE_LOOP('',(#4837,#4838,#4839,#4845));
#4837 = ORIENTED_EDGE('',*,*,#4823,.T.);
#4838 = ORIENTED_EDGE('',*,*,#3080,.T.);
#4839 = ORIENTED_EDGE('',*,*,#4840,.F.);
#4840 = EDGE_CURVE('',#2727,#3073,#4841,.T.);
#4841 = LINE('',#4842,#4843);
#4842 = CARTESIAN_POINT('',(-60.410494,7.397302,1.51));
#4843 = VECTOR('',#4844,1.);
#4844 = DIRECTION('',(0.,0.,1.));
#4845 = ORIENTED_EDGE('',*,*,#2734,.F.);
#4846 = CYLINDRICAL_SURFACE('',#4847,0.755105774384);
#4847 = AXIS2_PLACEMENT_3D('',#4848,#4849,#4850);
#4848 = CARTESIAN_POINT('',(-61.14999944336,7.549999183148,1.51));
#4849 = DIRECTION('',(-0.,-0.,-1.));
#4850 = DIRECTION('',(0.202221262962,-0.979339859705,0.));
#4851 = ADVANCED_FACE('',(#4852),#4863,.T.);
#4852 = FACE_BOUND('',#4853,.T.);
#4853 = EDGE_LOOP('',(#4854,#4855,#4856,#4862));
#4854 = ORIENTED_EDGE('',*,*,#4840,.T.);
#4855 = ORIENTED_EDGE('',*,*,#3072,.T.);
#4856 = ORIENTED_EDGE('',*,*,#4857,.F.);
#4857 = EDGE_CURVE('',#2719,#3065,#4858,.T.);
#4858 = LINE('',#4859,#4860);
#4859 = CARTESIAN_POINT('',(-60.399999,7.500026,1.51));
#4860 = VECTOR('',#4861,1.);
#4861 = DIRECTION('',(0.,0.,1.));
#4862 = ORIENTED_EDGE('',*,*,#2726,.F.);
#4863 = PLANE('',#4864);
#4864 = AXIS2_PLACEMENT_3D('',#4865,#4866,#4867);
#4865 = CARTESIAN_POINT('',(-60.410494,7.397302,1.51));
#4866 = DIRECTION('',(-0.994821460414,0.101637895984,0.));
#4867 = DIRECTION('',(0.101637895984,0.994821460414,0.));
#4868 = ADVANCED_FACE('',(#4869),#4880,.T.);
#4869 = FACE_BOUND('',#4870,.T.);
#4870 = EDGE_LOOP('',(#4871,#4872,#4873,#4879));
#4871 = ORIENTED_EDGE('',*,*,#4857,.T.);
#4872 = ORIENTED_EDGE('',*,*,#3064,.T.);
#4873 = ORIENTED_EDGE('',*,*,#4874,.F.);
#4874 = EDGE_CURVE('',#2711,#3057,#4875,.T.);
#4875 = LINE('',#4876,#4877);
#4876 = CARTESIAN_POINT('',(-60.399999,7.549999,1.51));
#4877 = VECTOR('',#4878,1.);
#4878 = DIRECTION('',(0.,0.,1.));
#4879 = ORIENTED_EDGE('',*,*,#2718,.F.);
#4880 = PLANE('',#4881);
#4881 = AXIS2_PLACEMENT_3D('',#4882,#4883,#4884);
#4882 = CARTESIAN_POINT('',(-60.399999,7.500026,1.51));
#4883 = DIRECTION('',(-1.,0.,0.));
#4884 = DIRECTION('',(0.,1.,0.));
#4885 = ADVANCED_FACE('',(#4886),#4897,.T.);
#4886 = FACE_BOUND('',#4887,.T.);
#4887 = EDGE_LOOP('',(#4888,#4889,#4890,#4891));
#4888 = ORIENTED_EDGE('',*,*,#2710,.F.);
#4889 = ORIENTED_EDGE('',*,*,#4874,.T.);
#4890 = ORIENTED_EDGE('',*,*,#3056,.T.);
#4891 = ORIENTED_EDGE('',*,*,#4892,.F.);
#4892 = EDGE_CURVE('',#2702,#3049,#4893,.T.);
#4893 = LINE('',#4894,#4895);
#4894 = CARTESIAN_POINT('',(-60.899999,7.549999,1.51));
#4895 = VECTOR('',#4896,1.);
#4896 = DIRECTION('',(0.,0.,1.));
#4897 = PLANE('',#4898);
#4898 = AXIS2_PLACEMENT_3D('',#4899,#4900,#4901);
#4899 = CARTESIAN_POINT('',(-60.399999,7.549999,1.51));
#4900 = DIRECTION('',(0.,-1.,0.));
#4901 = DIRECTION('',(-1.,0.,0.));
#4902 = ADVANCED_FACE('',(#4903),#4919,.T.);
#4903 = FACE_BOUND('',#4904,.T.);
#4904 = EDGE_LOOP('',(#4905,#4906,#4912,#4913));
#4905 = ORIENTED_EDGE('',*,*,#2751,.F.);
#4906 = ORIENTED_EDGE('',*,*,#4907,.T.);
#4907 = EDGE_CURVE('',#2752,#3041,#4908,.T.);
#4908 = LINE('',#4909,#4910);
#4909 = CARTESIAN_POINT('',(-60.899999,8.449999,1.51));
#4910 = VECTOR('',#4911,1.);
#4911 = DIRECTION('',(0.,0.,1.));
#4912 = ORIENTED_EDGE('',*,*,#3040,.T.);
#4913 = ORIENTED_EDGE('',*,*,#4914,.F.);
#4914 = EDGE_CURVE('',#2754,#3033,#4915,.T.);
#4915 = LINE('',#4916,#4917);
#4916 = CARTESIAN_POINT('',(-60.4,8.449999,1.51));
#4917 = VECTOR('',#4918,1.);
#4918 = DIRECTION('',(0.,0.,1.));
#4919 = PLANE('',#4920);
#4920 = AXIS2_PLACEMENT_3D('',#4921,#4922,#4923);
#4921 = CARTESIAN_POINT('',(-61.099999,8.449999,1.51));
#4922 = DIRECTION('',(0.,1.,0.));
#4923 = DIRECTION('',(1.,0.,0.));
#4924 = ADVANCED_FACE('',(#4925),#4936,.T.);
#4925 = FACE_BOUND('',#4926,.T.);
#4926 = EDGE_LOOP('',(#4927,#4928,#4929,#4935));
#4927 = ORIENTED_EDGE('',*,*,#4914,.T.);
#4928 = ORIENTED_EDGE('',*,*,#3032,.T.);
#4929 = ORIENTED_EDGE('',*,*,#4930,.F.);
#4930 = EDGE_CURVE('',#2796,#3025,#4931,.T.);
#4931 = LINE('',#4932,#4933);
#4932 = CARTESIAN_POINT('',(-60.4,8.499971,1.51));
#4933 = VECTOR('',#4934,1.);
#4934 = DIRECTION('',(0.,0.,1.));
#4935 = ORIENTED_EDGE('',*,*,#2803,.F.);
#4936 = PLANE('',#4937);
#4937 = AXIS2_PLACEMENT_3D('',#4938,#4939,#4940);
#4938 = CARTESIAN_POINT('',(-60.4,8.449999,1.51));
#4939 = DIRECTION('',(-1.,0.,0.));
#4940 = DIRECTION('',(0.,1.,0.));
#4941 = ADVANCED_FACE('',(#4942),#4953,.T.);
#4942 = FACE_BOUND('',#4943,.T.);
#4943 = EDGE_LOOP('',(#4944,#4945,#4946,#4952));
#4944 = ORIENTED_EDGE('',*,*,#4930,.T.);
#4945 = ORIENTED_EDGE('',*,*,#3024,.T.);
#4946 = ORIENTED_EDGE('',*,*,#4947,.F.);
#4947 = EDGE_CURVE('',#2787,#3016,#4948,.T.);
#4948 = LINE('',#4949,#4950);
#4949 = CARTESIAN_POINT('',(-60.410494,8.602697,1.51));
#4950 = VECTOR('',#4951,1.);
#4951 = DIRECTION('',(0.,0.,1.));
#4952 = ORIENTED_EDGE('',*,*,#2795,.F.);
#4953 = PLANE('',#4954);
#4954 = AXIS2_PLACEMENT_3D('',#4955,#4956,#4957);
#4955 = CARTESIAN_POINT('',(-60.4,8.499971,1.51));
#4956 = DIRECTION('',(-0.994822639616,-0.101626353407,0.));
#4957 = DIRECTION('',(-0.101626353407,0.994822639616,0.));
#4958 = ADVANCED_FACE('',(#4959),#4970,.F.);
#4959 = FACE_BOUND('',#4960,.T.);
#4960 = EDGE_LOOP('',(#4961,#4962,#4963,#4969));
#4961 = ORIENTED_EDGE('',*,*,#4947,.T.);
#4962 = ORIENTED_EDGE('',*,*,#3015,.T.);
#4963 = ORIENTED_EDGE('',*,*,#4964,.F.);
#4964 = EDGE_CURVE('',#2779,#3008,#4965,.T.);
#4965 = LINE('',#4966,#4967);
#4966 = CARTESIAN_POINT('',(-60.997302,9.189505,1.51));
#4967 = VECTOR('',#4968,1.);
#4968 = DIRECTION('',(0.,0.,1.));
#4969 = ORIENTED_EDGE('',*,*,#2786,.F.);
#4970 = CYLINDRICAL_SURFACE('',#4971,0.755105024632);
#4971 = AXIS2_PLACEMENT_3D('',#4972,#4973,#4974);
#4972 = CARTESIAN_POINT('',(-61.14999876428,8.450000235715,1.51));
#4973 = DIRECTION('',(-0.,-0.,-1.));
#4974 = DIRECTION('',(0.979340277395,0.202219240112,-0.));
#4975 = ADVANCED_FACE('',(#4976),#4987,.T.);
#4976 = FACE_BOUND('',#4977,.T.);
#4977 = EDGE_LOOP('',(#4978,#4979,#4980,#4986));
#4978 = ORIENTED_EDGE('',*,*,#4964,.T.);
#4979 = ORIENTED_EDGE('',*,*,#3007,.T.);
#4980 = ORIENTED_EDGE('',*,*,#4981,.F.);
#4981 = EDGE_CURVE('',#2771,#3000,#4982,.T.);
#4982 = LINE('',#4983,#4984);
#4983 = CARTESIAN_POINT('',(-61.099999,9.199997,1.51));
#4984 = VECTOR('',#4985,1.);
#4985 = DIRECTION('',(0.,0.,1.));
#4986 = ORIENTED_EDGE('',*,*,#2778,.F.);
#4987 = PLANE('',#4988);
#4988 = AXIS2_PLACEMENT_3D('',#4989,#4990,#4991);
#4989 = CARTESIAN_POINT('',(-60.997302,9.189505,1.51));
#4990 = DIRECTION('',(-0.101635580828,-0.994821696944,0.));
#4991 = DIRECTION('',(-0.994821696944,0.101635580828,0.));
#4992 = ADVANCED_FACE('',(#4993),#5004,.T.);
#4993 = FACE_BOUND('',#4994,.T.);
#4994 = EDGE_LOOP('',(#4995,#4996,#4997,#4998));
#4995 = ORIENTED_EDGE('',*,*,#2770,.F.);
#4996 = ORIENTED_EDGE('',*,*,#4981,.T.);
#4997 = ORIENTED_EDGE('',*,*,#2999,.T.);
#4998 = ORIENTED_EDGE('',*,*,#4999,.T.);
#4999 = EDGE_CURVE('',#2991,#2762,#5000,.T.);
#5000 = LINE('',#5001,#5002);
#5001 = CARTESIAN_POINT('',(-61.099999,8.694948165181,1.51));
#5002 = VECTOR('',#5003,1.);
#5003 = DIRECTION('',(0.,0.,-1.));
#5004 = PLANE('',#5005);
#5005 = AXIS2_PLACEMENT_3D('',#5006,#5007,#5008);
#5006 = CARTESIAN_POINT('',(-61.099999,9.199997,1.51));
#5007 = DIRECTION('',(1.,0.,-0.));
#5008 = DIRECTION('',(0.,-1.,0.));
#5009 = ADVANCED_FACE('',(#5010),#5026,.T.);
#5010 = FACE_BOUND('',#5011,.T.);
#5011 = EDGE_LOOP('',(#5012,#5013,#5019,#5020));
#5012 = ORIENTED_EDGE('',*,*,#1888,.F.);
#5013 = ORIENTED_EDGE('',*,*,#5014,.F.);
#5014 = EDGE_CURVE('',#2966,#1889,#5015,.T.);
#5015 = LINE('',#5016,#5017);
#5016 = CARTESIAN_POINT('',(-61.99999978956,8.694948004014,1.51));
#5017 = VECTOR('',#5018,1.);
#5018 = DIRECTION('',(0.,0.,-1.));
#5019 = ORIENTED_EDGE('',*,*,#2965,.T.);
#5020 = ORIENTED_EDGE('',*,*,#5021,.F.);
#5021 = EDGE_CURVE('',#1881,#2958,#5022,.T.);
#5022 = LINE('',#5023,#5024);
#5023 = CARTESIAN_POINT('',(-62.,9.199997,1.51));
#5024 = VECTOR('',#5025,1.);
#5025 = DIRECTION('',(0.,0.,1.));
#5026 = PLANE('',#5027);
#5027 = AXIS2_PLACEMENT_3D('',#5028,#5029,#5030);
#5028 = CARTESIAN_POINT('',(-61.999999,6.800004,1.51));
#5029 = DIRECTION('',(-1.,-4.16667880896E-07,0.));
#5030 = DIRECTION('',(-4.16667880896E-07,1.,0.));
#5031 = ADVANCED_FACE('',(#5032),#5043,.T.);
#5032 = FACE_BOUND('',#5033,.T.);
#5033 = EDGE_LOOP('',(#5034,#5035,#5036,#5042));
#5034 = ORIENTED_EDGE('',*,*,#5021,.T.);
#5035 = ORIENTED_EDGE('',*,*,#2957,.T.);
#5036 = ORIENTED_EDGE('',*,*,#5037,.F.);
#5037 = EDGE_CURVE('',#1873,#2950,#5038,.T.);
#5038 = LINE('',#5039,#5040);
#5039 = CARTESIAN_POINT('',(-62.109632,9.19079,1.51));
#5040 = VECTOR('',#5041,1.);
#5041 = DIRECTION('',(0.,0.,1.));
#5042 = ORIENTED_EDGE('',*,*,#1880,.F.);
#5043 = PLANE('',#5044);
#5044 = AXIS2_PLACEMENT_3D('',#5045,#5046,#5047);
#5045 = CARTESIAN_POINT('',(-62.,9.199997,1.51));
#5046 = DIRECTION('',(8.368636136527E-02,-0.996492143934,0.));
#5047 = DIRECTION('',(-0.996492143934,-8.368636136527E-02,0.));
#5048 = ADVANCED_FACE('',(#5049),#5060,.T.);
#5049 = FACE_BOUND('',#5050,.T.);
#5050 = EDGE_LOOP('',(#5051,#5052,#5053,#5059));
#5051 = ORIENTED_EDGE('',*,*,#5037,.T.);
#5052 = ORIENTED_EDGE('',*,*,#2949,.T.);
#5053 = ORIENTED_EDGE('',*,*,#5054,.F.);
#5054 = EDGE_CURVE('',#1865,#2942,#5055,.T.);
#5055 = LINE('',#5056,#5057);
#5056 = CARTESIAN_POINT('',(-62.169723,9.195291,1.51));
#5057 = VECTOR('',#5058,1.);
#5058 = DIRECTION('',(0.,0.,1.));
#5059 = ORIENTED_EDGE('',*,*,#1872,.F.);
#5060 = PLANE('',#5061);
#5061 = AXIS2_PLACEMENT_3D('',#5062,#5063,#5064);
#5062 = CARTESIAN_POINT('',(-62.109632,9.19079,1.51));
#5063 = DIRECTION('',(-7.469382307319E-02,-0.997206514617,0.));
#5064 = DIRECTION('',(-0.997206514617,7.469382307319E-02,0.));
#5065 = ADVANCED_FACE('',(#5066),#5077,.T.);
#5066 = FACE_BOUND('',#5067,.T.);
#5067 = EDGE_LOOP('',(#5068,#5069,#5070,#5076));
#5068 = ORIENTED_EDGE('',*,*,#5054,.T.);
#5069 = ORIENTED_EDGE('',*,*,#2941,.T.);
#5070 = ORIENTED_EDGE('',*,*,#5071,.F.);
#5071 = EDGE_CURVE('',#1857,#2934,#5072,.T.);
#5072 = LINE('',#5073,#5074);
#5073 = CARTESIAN_POINT('',(-62.225516,9.23735,1.51));
#5074 = VECTOR('',#5075,1.);
#5075 = DIRECTION('',(0.,0.,1.));
#5076 = ORIENTED_EDGE('',*,*,#1864,.F.);
#5077 = PLANE('',#5078);
#5078 = AXIS2_PLACEMENT_3D('',#5079,#5080,#5081);
#5079 = CARTESIAN_POINT('',(-62.169723,9.195291,1.51));
#5080 = DIRECTION('',(-0.601960696149,-0.798525716738,0.));
#5081 = DIRECTION('',(-0.798525716738,0.601960696149,0.));
#5082 = ADVANCED_FACE('',(#5083),#5094,.T.);
#5083 = FACE_BOUND('',#5084,.T.);
#5084 = EDGE_LOOP('',(#5085,#5086,#5087,#5093));
#5085 = ORIENTED_EDGE('',*,*,#5071,.T.);
#5086 = ORIENTED_EDGE('',*,*,#2933,.T.);
#5087 = ORIENTED_EDGE('',*,*,#5088,.F.);
#5088 = EDGE_CURVE('',#1849,#2926,#5089,.T.);
#5089 = LINE('',#5090,#5091);
#5090 = CARTESIAN_POINT('',(-62.249999,9.311326,1.51));
#5091 = VECTOR('',#5092,1.);
#5092 = DIRECTION('',(0.,0.,1.));
#5093 = ORIENTED_EDGE('',*,*,#1856,.F.);
#5094 = PLANE('',#5095);
#5095 = AXIS2_PLACEMENT_3D('',#5096,#5097,#5098);
#5096 = CARTESIAN_POINT('',(-62.225516,9.23735,1.51));
#5097 = DIRECTION('',(-0.949357444191,-0.314198095411,0.));
#5098 = DIRECTION('',(-0.314198095411,0.949357444191,0.));
#5099 = ADVANCED_FACE('',(#5100),#5111,.T.);
#5100 = FACE_BOUND('',#5101,.T.);
#5101 = EDGE_LOOP('',(#5102,#5103,#5104,#5110));
#5102 = ORIENTED_EDGE('',*,*,#5088,.T.);
#5103 = ORIENTED_EDGE('',*,*,#2925,.T.);
#5104 = ORIENTED_EDGE('',*,*,#5105,.F.);
#5105 = EDGE_CURVE('',#1840,#2917,#5106,.T.);
#5106 = LINE('',#5107,#5108);
#5107 = CARTESIAN_POINT('',(-62.249402,11.24706,1.51));
#5108 = VECTOR('',#5109,1.);
#5109 = DIRECTION('',(0.,0.,1.));
#5110 = ORIENTED_EDGE('',*,*,#1848,.F.);
#5111 = PLANE('',#5112);
#5112 = AXIS2_PLACEMENT_3D('',#5113,#5114,#5115);
#5113 = CARTESIAN_POINT('',(-62.249999,9.311326,1.51));
#5114 = DIRECTION('',(-0.999999952442,3.084101284612E-04,0.));
#5115 = DIRECTION('',(3.084101284612E-04,0.999999952442,0.));
#5116 = ADVANCED_FACE('',(#5117),#5128,.T.);
#5117 = FACE_BOUND('',#5118,.T.);
#5118 = EDGE_LOOP('',(#5119,#5120,#5121,#5127));
#5119 = ORIENTED_EDGE('',*,*,#5105,.T.);
#5120 = ORIENTED_EDGE('',*,*,#2916,.T.);
#5121 = ORIENTED_EDGE('',*,*,#5122,.F.);
#5122 = EDGE_CURVE('',#1832,#2909,#5123,.T.);
#5123 = LINE('',#5124,#5125);
#5124 = CARTESIAN_POINT('',(-62.073727,11.806003,1.51));
#5125 = VECTOR('',#5126,1.);
#5126 = DIRECTION('',(0.,0.,1.));
#5127 = ORIENTED_EDGE('',*,*,#1839,.F.);
#5128 = CYLINDRICAL_SURFACE('',#5129,1.007962913878);
#5129 = AXIS2_PLACEMENT_3D('',#5130,#5131,#5132);
#5130 = CARTESIAN_POINT('',(-61.24148583691,11.237352068219,1.51));
#5131 = DIRECTION('',(0.,0.,-1.));
#5132 = DIRECTION('',(-0.999953618542,9.63123905385E-03,0.));
#5133 = ADVANCED_FACE('',(#5134),#5145,.T.);
#5134 = FACE_BOUND('',#5135,.T.);
#5135 = EDGE_LOOP('',(#5136,#5137,#5138,#5144));
#5136 = ORIENTED_EDGE('',*,*,#5122,.T.);
#5137 = ORIENTED_EDGE('',*,*,#2908,.T.);
#5138 = ORIENTED_EDGE('',*,*,#5139,.F.);
#5139 = EDGE_CURVE('',#1824,#2901,#5140,.T.);
#5140 = LINE('',#5141,#5142);
#5141 = CARTESIAN_POINT('',(-61.947671,11.955849,1.51));
#5142 = VECTOR('',#5143,1.);
#5143 = DIRECTION('',(0.,0.,1.));
#5144 = ORIENTED_EDGE('',*,*,#1831,.F.);
#5145 = PLANE('',#5146);
#5146 = AXIS2_PLACEMENT_3D('',#5147,#5148,#5149);
#5147 = CARTESIAN_POINT('',(-62.073727,11.806003,1.51));
#5148 = DIRECTION('',(-0.76523846635,0.64374691426,0.));
#5149 = DIRECTION('',(0.64374691426,0.76523846635,0.));
#5150 = ADVANCED_FACE('',(#5151),#5157,.T.);
#5151 = FACE_BOUND('',#5152,.T.);
#5152 = EDGE_LOOP('',(#5153,#5154,#5155,#5156));
#5153 = ORIENTED_EDGE('',*,*,#5139,.T.);
#5154 = ORIENTED_EDGE('',*,*,#2900,.T.);
#5155 = ORIENTED_EDGE('',*,*,#3715,.F.);
#5156 = ORIENTED_EDGE('',*,*,#1823,.F.);
#5157 = PLANE('',#5158);
#5158 = AXIS2_PLACEMENT_3D('',#5159,#5160,#5161);
#5159 = CARTESIAN_POINT('',(-61.947671,11.955849,1.51));
#5160 = DIRECTION('',(-0.624945375539,0.780668481234,0.));
#5161 = DIRECTION('',(0.780668481234,0.624945375539,0.));
#5162 = ADVANCED_FACE('',(#5163),#5191,.T.);
#5163 = FACE_BOUND('',#5164,.T.);
#5164 = EDGE_LOOP('',(#5165,#5166,#5174,#5183,#5189,#5190));
#5165 = ORIENTED_EDGE('',*,*,#3625,.F.);
#5166 = ORIENTED_EDGE('',*,*,#5167,.T.);
#5167 = EDGE_CURVE('',#3618,#5168,#5170,.T.);
#5168 = VERTEX_POINT('',#5169);
#5169 = CARTESIAN_POINT('',(-51.749999,10.499998,1.55));
#5170 = LINE('',#5171,#5172);
#5171 = CARTESIAN_POINT('',(-51.749999,10.499998,1.51));
#5172 = VECTOR('',#5173,1.);
#5173 = DIRECTION('',(0.,0.,1.));
#5174 = ORIENTED_EDGE('',*,*,#5175,.T.);
#5175 = EDGE_CURVE('',#5168,#5176,#5178,.T.);
#5176 = VERTEX_POINT('',#5177);
#5177 = CARTESIAN_POINT('',(-51.749999,11.999998,1.55));
#5178 = CIRCLE('',#5179,0.75);
#5179 = AXIS2_PLACEMENT_3D('',#5180,#5181,#5182);
#5180 = CARTESIAN_POINT('',(-51.749999,11.249998,1.55));
#5181 = DIRECTION('',(0.,0.,-1.));
#5182 = DIRECTION('',(0.,-1.,0.));
#5183 = ORIENTED_EDGE('',*,*,#5184,.F.);
#5184 = EDGE_CURVE('',#2391,#5176,#5185,.T.);
#5185 = LINE('',#5186,#5187);
#5186 = CARTESIAN_POINT('',(-51.749999,11.999998,1.51));
#5187 = VECTOR('',#5188,1.);
#5188 = DIRECTION('',(0.,0.,1.));
#5189 = ORIENTED_EDGE('',*,*,#2398,.F.);
#5190 = ORIENTED_EDGE('',*,*,#3871,.F.);
#5191 = CYLINDRICAL_SURFACE('',#5192,0.75);
#5192 = AXIS2_PLACEMENT_3D('',#5193,#5194,#5195);
#5193 = CARTESIAN_POINT('',(-51.749999,11.249998,1.51));
#5194 = DIRECTION('',(0.,0.,-1.));
#5195 = DIRECTION('',(0.,-1.,0.));
#5196 = ADVANCED_FACE('',(#5197),#5233,.T.);
#5197 = FACE_BOUND('',#5198,.T.);
#5198 = EDGE_LOOP('',(#5199,#5209,#5217,#5223,#5224,#5225,#5226,#5227));
#5199 = ORIENTED_EDGE('',*,*,#5200,.T.);
#5200 = EDGE_CURVE('',#5201,#5203,#5205,.T.);
#5201 = VERTEX_POINT('',#5202);
#5202 = CARTESIAN_POINT('',(-51.136394,10.499998,1.545));
#5203 = VERTEX_POINT('',#5204);
#5204 = CARTESIAN_POINT('',(-49.999999,10.499998,1.545));
#5205 = LINE('',#5206,#5207);
#5206 = CARTESIAN_POINT('',(-24.9999995,10.499998,1.545));
#5207 = VECTOR('',#5208,1.);
#5208 = DIRECTION('',(1.,0.,-0.));
#5209 = ORIENTED_EDGE('',*,*,#5210,.T.);
#5210 = EDGE_CURVE('',#5203,#5211,#5213,.T.);
#5211 = VERTEX_POINT('',#5212);
#5212 = CARTESIAN_POINT('',(-49.999999,10.499998,1.55));
#5213 = LINE('',#5214,#5215);
#5214 = CARTESIAN_POINT('',(-49.999999,10.499998,1.51));
#5215 = VECTOR('',#5216,1.);
#5216 = DIRECTION('',(0.,0.,1.));
#5217 = ORIENTED_EDGE('',*,*,#5218,.T.);
#5218 = EDGE_CURVE('',#5211,#5168,#5219,.T.);
#5219 = LINE('',#5220,#5221);
#5220 = CARTESIAN_POINT('',(-49.999999,10.499998,1.55));
#5221 = VECTOR('',#5222,1.);
#5222 = DIRECTION('',(-1.,0.,0.));
#5223 = ORIENTED_EDGE('',*,*,#5167,.F.);
#5224 = ORIENTED_EDGE('',*,*,#3617,.T.);
#5225 = ORIENTED_EDGE('',*,*,#3886,.T.);
#5226 = ORIENTED_EDGE('',*,*,#2492,.F.);
#5227 = ORIENTED_EDGE('',*,*,#5228,.T.);
#5228 = EDGE_CURVE('',#2493,#5201,#5229,.T.);
#5229 = LINE('',#5230,#5231);
#5230 = CARTESIAN_POINT('',(-51.136394,10.499998,1.51));
#5231 = VECTOR('',#5232,1.);
#5232 = DIRECTION('',(0.,0.,1.));
#5233 = PLANE('',#5234);
#5234 = AXIS2_PLACEMENT_3D('',#5235,#5236,#5237);
#5235 = CARTESIAN_POINT('',(-49.999999,10.499998,1.51));
#5236 = DIRECTION('',(0.,-1.,0.));
#5237 = DIRECTION('',(-1.,0.,0.));
#5238 = ADVANCED_FACE('',(#5239),#5282,.T.);
#5239 = FACE_BOUND('',#5240,.T.);
#5240 = EDGE_LOOP('',(#5241,#5242,#5250,#5258,#5266,#5274,#5280,#5281));
#5241 = ORIENTED_EDGE('',*,*,#3569,.T.);
#5242 = ORIENTED_EDGE('',*,*,#5243,.T.);
#5243 = EDGE_CURVE('',#3561,#5244,#5246,.T.);
#5244 = VERTEX_POINT('',#5245);
#5245 = CARTESIAN_POINT('',(51.750001,10.499999,1.55));
#5246 = LINE('',#5247,#5248);
#5247 = CARTESIAN_POINT('',(51.750001,10.499999,1.51));
#5248 = VECTOR('',#5249,1.);
#5249 = DIRECTION('',(0.,0.,1.));
#5250 = ORIENTED_EDGE('',*,*,#5251,.T.);
#5251 = EDGE_CURVE('',#5244,#5252,#5254,.T.);
#5252 = VERTEX_POINT('',#5253);
#5253 = CARTESIAN_POINT('',(50.000001,10.499999,1.55));
#5254 = LINE('',#5255,#5256);
#5255 = CARTESIAN_POINT('',(51.750001,10.499999,1.55));
#5256 = VECTOR('',#5257,1.);
#5257 = DIRECTION('',(-1.,0.,0.));
#5258 = ORIENTED_EDGE('',*,*,#5259,.F.);
#5259 = EDGE_CURVE('',#5260,#5252,#5262,.T.);
#5260 = VERTEX_POINT('',#5261);
#5261 = CARTESIAN_POINT('',(50.000001,10.499999,1.545));
#5262 = LINE('',#5263,#5264);
#5263 = CARTESIAN_POINT('',(50.000001,10.499999,1.51));
#5264 = VECTOR('',#5265,1.);
#5265 = DIRECTION('',(0.,0.,1.));
#5266 = ORIENTED_EDGE('',*,*,#5267,.T.);
#5267 = EDGE_CURVE('',#5260,#5268,#5270,.T.);
#5268 = VERTEX_POINT('',#5269);
#5269 = CARTESIAN_POINT('',(51.136397259429,10.499999,1.545));
#5270 = LINE('',#5271,#5272);
#5271 = CARTESIAN_POINT('',(25.8750005,10.499999,1.545));
#5272 = VECTOR('',#5273,1.);
#5273 = DIRECTION('',(1.,0.,-0.));
#5274 = ORIENTED_EDGE('',*,*,#5275,.T.);
#5275 = EDGE_CURVE('',#5268,#2517,#5276,.T.);
#5276 = LINE('',#5277,#5278);
#5277 = CARTESIAN_POINT('',(51.136397259429,10.499999,1.51));
#5278 = VECTOR('',#5279,1.);
#5279 = DIRECTION('',(0.,0.,-1.));
#5280 = ORIENTED_EDGE('',*,*,#2524,.F.);
#5281 = ORIENTED_EDGE('',*,*,#3961,.T.);
#5282 = PLANE('',#5283);
#5283 = AXIS2_PLACEMENT_3D('',#5284,#5285,#5286);
#5284 = CARTESIAN_POINT('',(51.750001,10.499999,1.51));
#5285 = DIRECTION('',(0.,-1.,0.));
#5286 = DIRECTION('',(-1.,0.,0.));
#5287 = ADVANCED_FACE('',(#5288),#5309,.T.);
#5288 = FACE_BOUND('',#5289,.T.);
#5289 = EDGE_LOOP('',(#5290,#5291,#5299,#5306,#5307,#5308));
#5290 = ORIENTED_EDGE('',*,*,#2251,.F.);
#5291 = ORIENTED_EDGE('',*,*,#5292,.T.);
#5292 = EDGE_CURVE('',#2252,#5293,#5295,.T.);
#5293 = VERTEX_POINT('',#5294);
#5294 = CARTESIAN_POINT('',(51.750001,11.999999,1.55));
#5295 = LINE('',#5296,#5297);
#5296 = CARTESIAN_POINT('',(51.750001,11.999999,1.51));
#5297 = VECTOR('',#5298,1.);
#5298 = DIRECTION('',(0.,0.,1.));
#5299 = ORIENTED_EDGE('',*,*,#5300,.T.);
#5300 = EDGE_CURVE('',#5293,#5244,#5301,.T.);
#5301 = CIRCLE('',#5302,0.75);
#5302 = AXIS2_PLACEMENT_3D('',#5303,#5304,#5305);
#5303 = CARTESIAN_POINT('',(51.750001,11.249999,1.55));
#5304 = DIRECTION('',(0.,0.,-1.));
#5305 = DIRECTION('',(0.,1.,0.));
#5306 = ORIENTED_EDGE('',*,*,#5243,.F.);
#5307 = ORIENTED_EDGE('',*,*,#3560,.F.);
#5308 = ORIENTED_EDGE('',*,*,#3976,.T.);
#5309 = CYLINDRICAL_SURFACE('',#5310,0.75);
#5310 = AXIS2_PLACEMENT_3D('',#5311,#5312,#5313);
#5311 = CARTESIAN_POINT('',(51.750001,11.249999,1.51));
#5312 = DIRECTION('',(0.,0.,-1.));
#5313 = DIRECTION('',(0.,1.,0.));
#5314 = ADVANCED_FACE('',(#5315),#5344,.T.);
#5315 = FACE_BOUND('',#5316,.T.);
#5316 = EDGE_LOOP('',(#5317,#5318,#5326,#5334,#5340,#5341,#5342,#5343));
#5317 = ORIENTED_EDGE('',*,*,#2574,.F.);
#5318 = ORIENTED_EDGE('',*,*,#5319,.T.);
#5319 = EDGE_CURVE('',#2575,#5320,#5322,.T.);
#5320 = VERTEX_POINT('',#5321);
#5321 = CARTESIAN_POINT('',(60.989998,5.369998,1.55));
#5322 = LINE('',#5323,#5324);
#5323 = CARTESIAN_POINT('',(60.989998,5.369998,1.51));
#5324 = VECTOR('',#5325,1.);
#5325 = DIRECTION('',(0.,0.,1.));
#5326 = ORIENTED_EDGE('',*,*,#5327,.T.);
#5327 = EDGE_CURVE('',#5320,#5328,#5330,.T.);
#5328 = VERTEX_POINT('',#5329);
#5329 = CARTESIAN_POINT('',(62.689998,5.369998,1.55));
#5330 = LINE('',#5331,#5332);
#5331 = CARTESIAN_POINT('',(60.989998,5.369998,1.55));
#5332 = VECTOR('',#5333,1.);
#5333 = DIRECTION('',(1.,0.,0.));
#5334 = ORIENTED_EDGE('',*,*,#5335,.F.);
#5335 = EDGE_CURVE('',#2113,#5328,#5336,.T.);
#5336 = LINE('',#5337,#5338);
#5337 = CARTESIAN_POINT('',(62.689998,5.369998,1.51));
#5338 = VECTOR('',#5339,1.);
#5339 = DIRECTION('',(0.,0.,1.));
#5340 = ORIENTED_EDGE('',*,*,#2120,.F.);
#5341 = ORIENTED_EDGE('',*,*,#4221,.T.);
#5342 = ORIENTED_EDGE('',*,*,#3429,.T.);
#5343 = ORIENTED_EDGE('',*,*,#4236,.T.);
#5344 = PLANE('',#5345);
#5345 = AXIS2_PLACEMENT_3D('',#5346,#5347,#5348);
#5346 = CARTESIAN_POINT('',(60.989998,5.369998,1.51));
#5347 = DIRECTION('',(0.,1.,0.));
#5348 = DIRECTION('',(1.,0.,0.));
#5349 = ADVANCED_FACE('',(#5350),#5372,.T.);
#5350 = FACE_BOUND('',#5351,.T.);
#5351 = EDGE_LOOP('',(#5352,#5353,#5361,#5367,#5368,#5369,#5370,#5371));
#5352 = ORIENTED_EDGE('',*,*,#2096,.F.);
#5353 = ORIENTED_EDGE('',*,*,#5354,.T.);
#5354 = EDGE_CURVE('',#2097,#5355,#5357,.T.);
#5355 = VERTEX_POINT('',#5356);
#5356 = CARTESIAN_POINT('',(60.989998,3.669998,1.55));
#5357 = LINE('',#5358,#5359);
#5358 = CARTESIAN_POINT('',(60.989998,3.669998,1.51));
#5359 = VECTOR('',#5360,1.);
#5360 = DIRECTION('',(0.,0.,1.));
#5361 = ORIENTED_EDGE('',*,*,#5362,.T.);
#5362 = EDGE_CURVE('',#5355,#5320,#5363,.T.);
#5363 = LINE('',#5364,#5365);
#5364 = CARTESIAN_POINT('',(60.989998,3.669998,1.55));
#5365 = VECTOR('',#5366,1.);
#5366 = DIRECTION('',(0.,1.,0.));
#5367 = ORIENTED_EDGE('',*,*,#5319,.F.);
#5368 = ORIENTED_EDGE('',*,*,#2582,.F.);
#5369 = ORIENTED_EDGE('',*,*,#4345,.T.);
#5370 = ORIENTED_EDGE('',*,*,#3364,.T.);
#5371 = ORIENTED_EDGE('',*,*,#4360,.T.);
#5372 = PLANE('',#5373);
#5373 = AXIS2_PLACEMENT_3D('',#5374,#5375,#5376);
#5374 = CARTESIAN_POINT('',(60.989998,3.669998,1.51));
#5375 = DIRECTION('',(-1.,0.,0.));
#5376 = DIRECTION('',(0.,1.,0.));
#5377 = ADVANCED_FACE('',(#5378),#5405,.T.);
#5378 = FACE_BOUND('',#5379,.F.);
#5379 = EDGE_LOOP('',(#5380,#5381,#5389,#5396,#5397,#5398,#5399,#5400,
    #5401,#5402,#5403,#5404));
#5380 = ORIENTED_EDGE('',*,*,#3214,.T.);
#5381 = ORIENTED_EDGE('',*,*,#5382,.T.);
#5382 = EDGE_CURVE('',#3215,#5383,#5385,.T.);
#5383 = VERTEX_POINT('',#5384);
#5384 = CARTESIAN_POINT('',(-60.990001,4.519998,1.55));
#5385 = LINE('',#5386,#5387);
#5386 = CARTESIAN_POINT('',(-60.990001,4.519998,1.51));
#5387 = VECTOR('',#5388,1.);
#5388 = DIRECTION('',(0.,0.,1.));
#5389 = ORIENTED_EDGE('',*,*,#5390,.T.);
#5390 = EDGE_CURVE('',#5383,#5383,#5391,.T.);
#5391 = CIRCLE('',#5392,0.849999);
#5392 = AXIS2_PLACEMENT_3D('',#5393,#5394,#5395);
#5393 = CARTESIAN_POINT('',(-61.84,4.519998,1.55));
#5394 = DIRECTION('',(0.,0.,1.));
#5395 = DIRECTION('',(1.,0.,-0.));
#5396 = ORIENTED_EDGE('',*,*,#5382,.F.);
#5397 = ORIENTED_EDGE('',*,*,#3223,.T.);
#5398 = ORIENTED_EDGE('',*,*,#4622,.T.);
#5399 = ORIENTED_EDGE('',*,*,#1955,.F.);
#5400 = ORIENTED_EDGE('',*,*,#4727,.F.);
#5401 = ORIENTED_EDGE('',*,*,#3164,.T.);
#5402 = ORIENTED_EDGE('',*,*,#4712,.T.);
#5403 = ORIENTED_EDGE('',*,*,#2649,.F.);
#5404 = ORIENTED_EDGE('',*,*,#4637,.F.);
#5405 = CYLINDRICAL_SURFACE('',#5406,0.849999);
#5406 = AXIS2_PLACEMENT_3D('',#5407,#5408,#5409);
#5407 = CARTESIAN_POINT('',(-61.84,4.519998,1.51));
#5408 = DIRECTION('',(-0.,-0.,-1.));
#5409 = DIRECTION('',(1.,0.,-0.));
#5410 = ADVANCED_FACE('',(#5411),#5439,.T.);
#5411 = FACE_BOUND('',#5412,.T.);
#5412 = EDGE_LOOP('',(#5413,#5414,#5422,#5431,#5437,#5438));
#5413 = ORIENTED_EDGE('',*,*,#3122,.F.);
#5414 = ORIENTED_EDGE('',*,*,#5415,.T.);
#5415 = EDGE_CURVE('',#3115,#5416,#5418,.T.);
#5416 = VERTEX_POINT('',#5417);
#5417 = CARTESIAN_POINT('',(-61.949999,7.299999,1.55));
#5418 = LINE('',#5419,#5420);
#5419 = CARTESIAN_POINT('',(-61.949999,7.299999,1.51));
#5420 = VECTOR('',#5421,1.);
#5421 = DIRECTION('',(0.,0.,1.));
#5422 = ORIENTED_EDGE('',*,*,#5423,.T.);
#5423 = EDGE_CURVE('',#5416,#5424,#5426,.T.);
#5424 = VERTEX_POINT('',#5425);
#5425 = CARTESIAN_POINT('',(-62.199999,7.549999,1.55));
#5426 = CIRCLE('',#5427,0.249998959685);
#5427 = AXIS2_PLACEMENT_3D('',#5428,#5429,#5430);
#5428 = CARTESIAN_POINT('',(-61.95000004031,7.549997959683,1.55));
#5429 = DIRECTION('',(0.,0.,-1.));
#5430 = DIRECTION('',(4.161285837066E-06,-0.999999999991,0.));
#5431 = ORIENTED_EDGE('',*,*,#5432,.F.);
#5432 = EDGE_CURVE('',#1906,#5424,#5433,.T.);
#5433 = LINE('',#5434,#5435);
#5434 = CARTESIAN_POINT('',(-62.199999,7.549999,1.51));
#5435 = VECTOR('',#5436,1.);
#5436 = DIRECTION('',(0.,0.,1.));
#5437 = ORIENTED_EDGE('',*,*,#1913,.F.);
#5438 = ORIENTED_EDGE('',*,*,#4785,.F.);
#5439 = CYLINDRICAL_SURFACE('',#5440,0.249998959685);
#5440 = AXIS2_PLACEMENT_3D('',#5441,#5442,#5443);
#5441 = CARTESIAN_POINT('',(-61.95000004031,7.549997959683,1.51));
#5442 = DIRECTION('',(0.,0.,-1.));
#5443 = DIRECTION('',(4.161285837066E-06,-0.999999999991,0.));
#5444 = ADVANCED_FACE('',(#5445),#5463,.T.);
#5445 = FACE_BOUND('',#5446,.T.);
#5446 = EDGE_LOOP('',(#5447,#5448,#5456,#5462));
#5447 = ORIENTED_EDGE('',*,*,#3114,.T.);
#5448 = ORIENTED_EDGE('',*,*,#5449,.T.);
#5449 = EDGE_CURVE('',#3106,#5450,#5452,.T.);
#5450 = VERTEX_POINT('',#5451);
#5451 = CARTESIAN_POINT('',(-61.149999,7.299999,1.55));
#5452 = LINE('',#5453,#5454);
#5453 = CARTESIAN_POINT('',(-61.149999,7.299999,1.51));
#5454 = VECTOR('',#5455,1.);
#5455 = DIRECTION('',(0.,0.,1.));
#5456 = ORIENTED_EDGE('',*,*,#5457,.T.);
#5457 = EDGE_CURVE('',#5450,#5416,#5458,.T.);
#5458 = LINE('',#5459,#5460);
#5459 = CARTESIAN_POINT('',(-61.149999,7.299999,1.55));
#5460 = VECTOR('',#5461,1.);
#5461 = DIRECTION('',(-1.,0.,0.));
#5462 = ORIENTED_EDGE('',*,*,#5415,.F.);
#5463 = PLANE('',#5464);
#5464 = AXIS2_PLACEMENT_3D('',#5465,#5466,#5467);
#5465 = CARTESIAN_POINT('',(-61.149999,7.299999,1.51));
#5466 = DIRECTION('',(0.,-1.,0.));
#5467 = DIRECTION('',(-1.,0.,0.));
#5468 = ADVANCED_FACE('',(#5469),#5491,.T.);
#5469 = FACE_BOUND('',#5470,.T.);
#5470 = EDGE_LOOP('',(#5471,#5472,#5473,#5481,#5488,#5489,#5490));
#5471 = ORIENTED_EDGE('',*,*,#2701,.F.);
#5472 = ORIENTED_EDGE('',*,*,#4892,.T.);
#5473 = ORIENTED_EDGE('',*,*,#5474,.T.);
#5474 = EDGE_CURVE('',#3049,#5475,#5477,.T.);
#5475 = VERTEX_POINT('',#5476);
#5476 = CARTESIAN_POINT('',(-60.899999,7.549999,1.55));
#5477 = LINE('',#5478,#5479);
#5478 = CARTESIAN_POINT('',(-60.899999,7.549999,1.51));
#5479 = VECTOR('',#5480,1.);
#5480 = DIRECTION('',(0.,0.,1.));
#5481 = ORIENTED_EDGE('',*,*,#5482,.T.);
#5482 = EDGE_CURVE('',#5475,#5450,#5483,.T.);
#5483 = CIRCLE('',#5484,0.249998959685);
#5484 = AXIS2_PLACEMENT_3D('',#5485,#5486,#5487);
#5485 = CARTESIAN_POINT('',(-61.14999795968,7.549997959683,1.55));
#5486 = DIRECTION('',(0.,0.,-1.));
#5487 = DIRECTION('',(0.999999999991,4.161285837066E-06,0.));
#5488 = ORIENTED_EDGE('',*,*,#5449,.F.);
#5489 = ORIENTED_EDGE('',*,*,#3105,.F.);
#5490 = ORIENTED_EDGE('',*,*,#4800,.T.);
#5491 = CYLINDRICAL_SURFACE('',#5492,0.249998959685);
#5492 = AXIS2_PLACEMENT_3D('',#5493,#5494,#5495);
#5493 = CARTESIAN_POINT('',(-61.14999795968,7.549997959683,1.51));
#5494 = DIRECTION('',(0.,0.,-1.));
#5495 = DIRECTION('',(0.999999999991,4.161285837066E-06,0.));
#5496 = ADVANCED_FACE('',(#5497),#5515,.T.);
#5497 = FACE_BOUND('',#5498,.T.);
#5498 = EDGE_LOOP('',(#5499,#5500,#5508,#5514));
#5499 = ORIENTED_EDGE('',*,*,#3048,.T.);
#5500 = ORIENTED_EDGE('',*,*,#5501,.T.);
#5501 = EDGE_CURVE('',#3041,#5502,#5504,.T.);
#5502 = VERTEX_POINT('',#5503);
#5503 = CARTESIAN_POINT('',(-60.899999,8.449999,1.55));
#5504 = LINE('',#5505,#5506);
#5505 = CARTESIAN_POINT('',(-60.899999,8.449999,1.51));
#5506 = VECTOR('',#5507,1.);
#5507 = DIRECTION('',(0.,0.,1.));
#5508 = ORIENTED_EDGE('',*,*,#5509,.T.);
#5509 = EDGE_CURVE('',#5502,#5475,#5510,.T.);
#5510 = LINE('',#5511,#5512);
#5511 = CARTESIAN_POINT('',(-60.899999,8.449999,1.55));
#5512 = VECTOR('',#5513,1.);
#5513 = DIRECTION('',(0.,-1.,0.));
#5514 = ORIENTED_EDGE('',*,*,#5474,.F.);
#5515 = PLANE('',#5516);
#5516 = AXIS2_PLACEMENT_3D('',#5517,#5518,#5519);
#5517 = CARTESIAN_POINT('',(-60.899999,8.449999,1.51));
#5518 = DIRECTION('',(1.,0.,-0.));
#5519 = DIRECTION('',(0.,-1.,0.));
#5520 = ADVANCED_FACE('',(#5521),#5543,.T.);
#5521 = FACE_BOUND('',#5522,.T.);
#5522 = EDGE_LOOP('',(#5523,#5524,#5532,#5539,#5540,#5541,#5542));
#5523 = ORIENTED_EDGE('',*,*,#2990,.F.);
#5524 = ORIENTED_EDGE('',*,*,#5525,.T.);
#5525 = EDGE_CURVE('',#2983,#5526,#5528,.T.);
#5526 = VERTEX_POINT('',#5527);
#5527 = CARTESIAN_POINT('',(-61.149999,8.699999,1.55));
#5528 = LINE('',#5529,#5530);
#5529 = CARTESIAN_POINT('',(-61.149999,8.699999,1.51));
#5530 = VECTOR('',#5531,1.);
#5531 = DIRECTION('',(0.,0.,1.));
#5532 = ORIENTED_EDGE('',*,*,#5533,.T.);
#5533 = EDGE_CURVE('',#5526,#5502,#5534,.T.);
#5534 = CIRCLE('',#5535,0.249998959685);
#5535 = AXIS2_PLACEMENT_3D('',#5536,#5537,#5538);
#5536 = CARTESIAN_POINT('',(-61.14999795968,8.450000040317,1.55));
#5537 = DIRECTION('',(0.,0.,-1.));
#5538 = DIRECTION('',(-4.161285837066E-06,0.999999999991,0.));
#5539 = ORIENTED_EDGE('',*,*,#5501,.F.);
#5540 = ORIENTED_EDGE('',*,*,#4907,.F.);
#5541 = ORIENTED_EDGE('',*,*,#2761,.F.);
#5542 = ORIENTED_EDGE('',*,*,#4999,.F.);
#5543 = CYLINDRICAL_SURFACE('',#5544,0.249998959685);
#5544 = AXIS2_PLACEMENT_3D('',#5545,#5546,#5547);
#5545 = CARTESIAN_POINT('',(-61.14999795968,8.450000040317,1.51));
#5546 = DIRECTION('',(0.,0.,-1.));
#5547 = DIRECTION('',(-4.161285837066E-06,0.999999999991,0.));
#5548 = ADVANCED_FACE('',(#5549),#5567,.T.);
#5549 = FACE_BOUND('',#5550,.T.);
#5550 = EDGE_LOOP('',(#5551,#5552,#5560,#5566));
#5551 = ORIENTED_EDGE('',*,*,#2982,.T.);
#5552 = ORIENTED_EDGE('',*,*,#5553,.T.);
#5553 = EDGE_CURVE('',#2974,#5554,#5556,.T.);
#5554 = VERTEX_POINT('',#5555);
#5555 = CARTESIAN_POINT('',(-61.949999,8.699999,1.55));
#5556 = LINE('',#5557,#5558);
#5557 = CARTESIAN_POINT('',(-61.949999,8.699999,1.51));
#5558 = VECTOR('',#5559,1.);
#5559 = DIRECTION('',(0.,0.,1.));
#5560 = ORIENTED_EDGE('',*,*,#5561,.T.);
#5561 = EDGE_CURVE('',#5554,#5526,#5562,.T.);
#5562 = LINE('',#5563,#5564);
#5563 = CARTESIAN_POINT('',(-61.949999,8.699999,1.55));
#5564 = VECTOR('',#5565,1.);
#5565 = DIRECTION('',(1.,0.,0.));
#5566 = ORIENTED_EDGE('',*,*,#5525,.F.);
#5567 = PLANE('',#5568);
#5568 = AXIS2_PLACEMENT_3D('',#5569,#5570,#5571);
#5569 = CARTESIAN_POINT('',(-61.949999,8.699999,1.51));
#5570 = DIRECTION('',(0.,1.,0.));
#5571 = DIRECTION('',(1.,0.,0.));
#5572 = ADVANCED_FACE('',(#5573),#5594,.T.);
#5573 = FACE_BOUND('',#5574,.T.);
#5574 = EDGE_LOOP('',(#5575,#5576,#5584,#5591,#5592,#5593));
#5575 = ORIENTED_EDGE('',*,*,#1896,.F.);
#5576 = ORIENTED_EDGE('',*,*,#5577,.T.);
#5577 = EDGE_CURVE('',#1897,#5578,#5580,.T.);
#5578 = VERTEX_POINT('',#5579);
#5579 = CARTESIAN_POINT('',(-62.199999,8.449999,1.55));
#5580 = LINE('',#5581,#5582);
#5581 = CARTESIAN_POINT('',(-62.199999,8.449999,1.51));
#5582 = VECTOR('',#5583,1.);
#5583 = DIRECTION('',(0.,0.,1.));
#5584 = ORIENTED_EDGE('',*,*,#5585,.T.);
#5585 = EDGE_CURVE('',#5578,#5554,#5586,.T.);
#5586 = CIRCLE('',#5587,0.249998959685);
#5587 = AXIS2_PLACEMENT_3D('',#5588,#5589,#5590);
#5588 = CARTESIAN_POINT('',(-61.95000004031,8.450000040317,1.55));
#5589 = DIRECTION('',(0.,0.,-1.));
#5590 = DIRECTION('',(-0.999999999991,-4.161285837066E-06,-0.));
#5591 = ORIENTED_EDGE('',*,*,#5553,.F.);
#5592 = ORIENTED_EDGE('',*,*,#2973,.F.);
#5593 = ORIENTED_EDGE('',*,*,#5014,.T.);
#5594 = CYLINDRICAL_SURFACE('',#5595,0.249998959685);
#5595 = AXIS2_PLACEMENT_3D('',#5596,#5597,#5598);
#5596 = CARTESIAN_POINT('',(-61.95000004031,8.450000040317,1.51));
#5597 = DIRECTION('',(0.,0.,-1.));
#5598 = DIRECTION('',(-0.999999999991,-4.161285837066E-06,-0.));
#5599 = ADVANCED_FACE('',(#5600),#5623,.T.);
#5600 = FACE_BOUND('',#5601,.F.);
#5601 = EDGE_LOOP('',(#5602,#5610,#5617,#5618,#5619,#5620,#5621,#5622));
#5602 = ORIENTED_EDGE('',*,*,#5603,.F.);
#5603 = EDGE_CURVE('',#5604,#2822,#5606,.T.);
#5604 = VERTEX_POINT('',#5605);
#5605 = CARTESIAN_POINT('',(61.839998,4.019998,0.));
#5606 = LINE('',#5607,#5608);
#5607 = CARTESIAN_POINT('',(61.839998,4.019998,-4.E-02));
#5608 = VECTOR('',#5609,1.);
#5609 = DIRECTION('',(0.,0.,1.));
#5610 = ORIENTED_EDGE('',*,*,#5611,.T.);
#5611 = EDGE_CURVE('',#5604,#5604,#5612,.T.);
#5612 = CIRCLE('',#5613,0.5);
#5613 = AXIS2_PLACEMENT_3D('',#5614,#5615,#5616);
#5614 = CARTESIAN_POINT('',(61.839998,4.519998,0.));
#5615 = DIRECTION('',(-0.,0.,-1.));
#5616 = DIRECTION('',(-0.,-1.,0.));
#5617 = ORIENTED_EDGE('',*,*,#5603,.T.);
#5618 = ORIENTED_EDGE('',*,*,#2821,.F.);
#5619 = ORIENTED_EDGE('',*,*,#2811,.T.);
#5620 = ORIENTED_EDGE('',*,*,#2847,.F.);
#5621 = ORIENTED_EDGE('',*,*,#2839,.T.);
#5622 = ORIENTED_EDGE('',*,*,#2830,.F.);
#5623 = CYLINDRICAL_SURFACE('',#5624,0.5);
#5624 = AXIS2_PLACEMENT_3D('',#5625,#5626,#5627);
#5625 = CARTESIAN_POINT('',(61.839998,4.519998,-4.E-02));
#5626 = DIRECTION('',(-0.,-0.,-1.));
#5627 = DIRECTION('',(-0.,-1.,0.));
#5628 = ADVANCED_FACE('',(#5629),#5650,.T.);
#5629 = FACE_BOUND('',#5630,.F.);
#5630 = EDGE_LOOP('',(#5631,#5639,#5646,#5647,#5648,#5649));
#5631 = ORIENTED_EDGE('',*,*,#5632,.F.);
#5632 = EDGE_CURVE('',#5633,#2867,#5635,.T.);
#5633 = VERTEX_POINT('',#5634);
#5634 = CARTESIAN_POINT('',(-61.84,4.019998,0.));
#5635 = LINE('',#5636,#5637);
#5636 = CARTESIAN_POINT('',(-61.84,4.019998,-4.E-02));
#5637 = VECTOR('',#5638,1.);
#5638 = DIRECTION('',(0.,0.,1.));
#5639 = ORIENTED_EDGE('',*,*,#5640,.T.);
#5640 = EDGE_CURVE('',#5633,#5633,#5641,.T.);
#5641 = CIRCLE('',#5642,0.5);
#5642 = AXIS2_PLACEMENT_3D('',#5643,#5644,#5645);
#5643 = CARTESIAN_POINT('',(-61.84,4.519998,0.));
#5644 = DIRECTION('',(-0.,0.,-1.));
#5645 = DIRECTION('',(-0.,-1.,0.));
#5646 = ORIENTED_EDGE('',*,*,#5632,.T.);
#5647 = ORIENTED_EDGE('',*,*,#2866,.F.);
#5648 = ORIENTED_EDGE('',*,*,#2856,.T.);
#5649 = ORIENTED_EDGE('',*,*,#2875,.F.);
#5650 = CYLINDRICAL_SURFACE('',#5651,0.5);
#5651 = AXIS2_PLACEMENT_3D('',#5652,#5653,#5654);
#5652 = CARTESIAN_POINT('',(-61.84,4.519998,-4.E-02));
#5653 = DIRECTION('',(-0.,-0.,-1.));
#5654 = DIRECTION('',(-0.,-1.,0.));
#5655 = ADVANCED_FACE('',(#5656),#5674,.T.);
#5656 = FACE_BOUND('',#5657,.T.);
#5657 = EDGE_LOOP('',(#5658,#5659,#5667,#5673));
#5658 = ORIENTED_EDGE('',*,*,#5184,.T.);
#5659 = ORIENTED_EDGE('',*,*,#5660,.T.);
#5660 = EDGE_CURVE('',#5176,#5661,#5663,.T.);
#5661 = VERTEX_POINT('',#5662);
#5662 = CARTESIAN_POINT('',(-49.999999,11.999998,1.55));
#5663 = LINE('',#5664,#5665);
#5664 = CARTESIAN_POINT('',(-51.749999,11.999998,1.55));
#5665 = VECTOR('',#5666,1.);
#5666 = DIRECTION('',(1.,0.,0.));
#5667 = ORIENTED_EDGE('',*,*,#5668,.F.);
#5668 = EDGE_CURVE('',#2383,#5661,#5669,.T.);
#5669 = LINE('',#5670,#5671);
#5670 = CARTESIAN_POINT('',(-49.999999,11.999998,1.51));
#5671 = VECTOR('',#5672,1.);
#5672 = DIRECTION('',(0.,0.,1.));
#5673 = ORIENTED_EDGE('',*,*,#2390,.F.);
#5674 = PLANE('',#5675);
#5675 = AXIS2_PLACEMENT_3D('',#5676,#5677,#5678);
#5676 = CARTESIAN_POINT('',(-51.749999,11.999998,1.51));
#5677 = DIRECTION('',(0.,1.,0.));
#5678 = DIRECTION('',(1.,0.,0.));
#5679 = ADVANCED_FACE('',(#5680),#5691,.T.);
#5680 = FACE_BOUND('',#5681,.F.);
#5681 = EDGE_LOOP('',(#5682,#5683,#5684,#5690));
#5682 = ORIENTED_EDGE('',*,*,#5175,.T.);
#5683 = ORIENTED_EDGE('',*,*,#5660,.T.);
#5684 = ORIENTED_EDGE('',*,*,#5685,.T.);
#5685 = EDGE_CURVE('',#5661,#5211,#5686,.T.);
#5686 = LINE('',#5687,#5688);
#5687 = CARTESIAN_POINT('',(-49.999999,11.999998,1.55));
#5688 = VECTOR('',#5689,1.);
#5689 = DIRECTION('',(0.,-1.,0.));
#5690 = ORIENTED_EDGE('',*,*,#5218,.T.);
#5691 = PLANE('',#5692);
#5692 = AXIS2_PLACEMENT_3D('',#5693,#5694,#5695);
#5693 = CARTESIAN_POINT('',(0.,0.,1.55));
#5694 = DIRECTION('',(0.,0.,1.));
#5695 = DIRECTION('',(1.,0.,-0.));
#5696 = ADVANCED_FACE('',(#5697),#5843,.T.);
#5697 = FACE_BOUND('',#5698,.T.);
#5698 = EDGE_LOOP('',(#5699,#5700,#5708,#5716,#5722,#5723,#5731,#5739,
    #5747,#5755,#5763,#5771,#5780,#5788,#5797,#5805,#5813,#5821,#5829,
    #5837));
#5699 = ORIENTED_EDGE('',*,*,#5200,.F.);
#5700 = ORIENTED_EDGE('',*,*,#5701,.F.);
#5701 = EDGE_CURVE('',#5702,#5201,#5704,.T.);
#5702 = VERTEX_POINT('',#5703);
#5703 = CARTESIAN_POINT('',(-50.636397,10.000001,1.545));
#5704 = LINE('',#5705,#5706);
#5705 = CARTESIAN_POINT('',(-50.636397,10.000001,1.545));
#5706 = VECTOR('',#5707,1.);
#5707 = DIRECTION('',(-0.707106781187,0.707106781187,0.));
#5708 = ORIENTED_EDGE('',*,*,#5709,.F.);
#5709 = EDGE_CURVE('',#5710,#5702,#5712,.T.);
#5710 = VERTEX_POINT('',#5711);
#5711 = CARTESIAN_POINT('',(50.636396,10.000001,1.545));
#5712 = LINE('',#5713,#5714);
#5713 = CARTESIAN_POINT('',(50.636396,10.000001,1.545));
#5714 = VECTOR('',#5715,1.);
#5715 = DIRECTION('',(-1.,0.,0.));
#5716 = ORIENTED_EDGE('',*,*,#5717,.F.);
#5717 = EDGE_CURVE('',#5268,#5710,#5718,.T.);
#5718 = LINE('',#5719,#5720);
#5719 = CARTESIAN_POINT('',(51.250002,10.613603,1.545));
#5720 = VECTOR('',#5721,1.);
#5721 = DIRECTION('',(-0.707109085949,-0.707104476417,0.));
#5722 = ORIENTED_EDGE('',*,*,#5267,.F.);
#5723 = ORIENTED_EDGE('',*,*,#5724,.F.);
#5724 = EDGE_CURVE('',#5725,#5260,#5727,.T.);
#5725 = VERTEX_POINT('',#5726);
#5726 = CARTESIAN_POINT('',(50.000001,10.636397,1.545));
#5727 = LINE('',#5728,#5729);
#5728 = CARTESIAN_POINT('',(50.000001,5.2499995,1.545));
#5729 = VECTOR('',#5730,1.);
#5730 = DIRECTION('',(0.,-1.,0.));
#5731 = ORIENTED_EDGE('',*,*,#5732,.F.);
#5732 = EDGE_CURVE('',#5733,#5725,#5735,.T.);
#5733 = VERTEX_POINT('',#5734);
#5734 = CARTESIAN_POINT('',(49.584418,10.220814,1.545));
#5735 = LINE('',#5736,#5737);
#5736 = CARTESIAN_POINT('',(49.584418,10.220814,1.545));
#5737 = VECTOR('',#5738,1.);
#5738 = DIRECTION('',(0.707106781187,0.707106781187,0.));
#5739 = ORIENTED_EDGE('',*,*,#5740,.F.);
#5740 = EDGE_CURVE('',#5741,#5733,#5743,.T.);
#5741 = VERTEX_POINT('',#5742);
#5742 = CARTESIAN_POINT('',(49.556646,10.257914,1.545));
#5743 = LINE('',#5744,#5745);
#5744 = CARTESIAN_POINT('',(49.556646,10.257914,1.545));
#5745 = VECTOR('',#5746,1.);
#5746 = DIRECTION('',(0.59926781872,-0.800548612794,0.));
#5747 = ORIENTED_EDGE('',*,*,#5748,.F.);
#5748 = EDGE_CURVE('',#5749,#5741,#5751,.T.);
#5749 = VERTEX_POINT('',#5750);
#5750 = CARTESIAN_POINT('',(49.506402,10.392627,1.545));
#5751 = LINE('',#5752,#5753);
#5752 = CARTESIAN_POINT('',(49.506402,10.392627,1.545));
#5753 = VECTOR('',#5754,1.);
#5754 = DIRECTION('',(0.349455929222,-0.93695280219,0.));
#5755 = ORIENTED_EDGE('',*,*,#5756,.F.);
#5756 = EDGE_CURVE('',#5757,#5749,#5759,.T.);
#5757 = VERTEX_POINT('',#5758);
#5758 = CARTESIAN_POINT('',(49.500001,10.452155,1.545));
#5759 = LINE('',#5760,#5761);
#5760 = CARTESIAN_POINT('',(49.500001,10.452155,1.545));
#5761 = VECTOR('',#5762,1.);
#5762 = DIRECTION('',(0.106912914193,-0.994268388705,0.));
#5763 = ORIENTED_EDGE('',*,*,#5764,.F.);
#5764 = EDGE_CURVE('',#5765,#5757,#5767,.T.);
#5765 = VERTEX_POINT('',#5766);
#5766 = CARTESIAN_POINT('',(49.501551,12.062244,1.545));
#5767 = LINE('',#5768,#5769);
#5768 = CARTESIAN_POINT('',(49.501551,12.062244,1.545));
#5769 = VECTOR('',#5770,1.);
#5770 = DIRECTION('',(-9.626792567176E-04,-0.999999536624,0.));
#5771 = ORIENTED_EDGE('',*,*,#5772,.F.);
#5772 = EDGE_CURVE('',#5773,#5765,#5775,.T.);
#5773 = VERTEX_POINT('',#5774);
#5774 = CARTESIAN_POINT('',(49.378261,12.199499,1.545));
#5775 = CIRCLE('',#5776,0.124001983982);
#5776 = AXIS2_PLACEMENT_3D('',#5777,#5778,#5779);
#5777 = CARTESIAN_POINT('',(49.378259274416,12.07549701603,1.545));
#5778 = DIRECTION('',(0.,0.,-1.));
#5779 = DIRECTION('',(1.391577997935E-05,0.999999999903,0.));
#5780 = ORIENTED_EDGE('',*,*,#5781,.F.);
#5781 = EDGE_CURVE('',#5782,#5773,#5784,.T.);
#5782 = VERTEX_POINT('',#5783);
#5783 = CARTESIAN_POINT('',(-49.378259,12.199499,1.545));
#5784 = LINE('',#5785,#5786);
#5785 = CARTESIAN_POINT('',(-49.378259,12.199499,1.545));
#5786 = VECTOR('',#5787,1.);
#5787 = DIRECTION('',(1.,0.,0.));
#5788 = ORIENTED_EDGE('',*,*,#5789,.F.);
#5789 = EDGE_CURVE('',#5790,#5782,#5792,.T.);
#5790 = VERTEX_POINT('',#5791);
#5791 = CARTESIAN_POINT('',(-49.501549,12.062245,1.545));
#5792 = CIRCLE('',#5793,0.124000153014);
#5793 = AXIS2_PLACEMENT_3D('',#5794,#5795,#5796);
#5794 = CARTESIAN_POINT('',(-49.37825920525,12.075498846986,1.545));
#5795 = DIRECTION('',(0.,0.,-1.));
#5796 = DIRECTION('',(-0.994271311328,-0.106885730898,-0.));
#5797 = ORIENTED_EDGE('',*,*,#5798,.F.);
#5798 = EDGE_CURVE('',#5799,#5790,#5801,.T.);
#5799 = VERTEX_POINT('',#5800);
#5800 = CARTESIAN_POINT('',(-49.499999,10.452171,1.545));
#5801 = LINE('',#5802,#5803);
#5802 = CARTESIAN_POINT('',(-49.499999,10.452171,1.545));
#5803 = VECTOR('',#5804,1.);
#5804 = DIRECTION('',(-9.626882253541E-04,0.999999536616,0.));
#5805 = ORIENTED_EDGE('',*,*,#5806,.F.);
#5806 = EDGE_CURVE('',#5807,#5799,#5809,.T.);
#5807 = VERTEX_POINT('',#5808);
#5808 = CARTESIAN_POINT('',(-49.506401,10.392626,1.545));
#5809 = LINE('',#5810,#5811);
#5810 = CARTESIAN_POINT('',(-49.506401,10.392626,1.545));
#5811 = VECTOR('',#5812,1.);
#5812 = DIRECTION('',(0.106899246498,0.994269858287,0.));
#5813 = ORIENTED_EDGE('',*,*,#5814,.F.);
#5814 = EDGE_CURVE('',#5815,#5807,#5817,.T.);
#5815 = VERTEX_POINT('',#5816);
#5816 = CARTESIAN_POINT('',(-49.556647,10.25791,1.545));
#5817 = LINE('',#5818,#5819);
#5818 = CARTESIAN_POINT('',(-49.556647,10.25791,1.545));
#5819 = VECTOR('',#5820,1.);
#5820 = DIRECTION('',(0.349461308844,0.936950795731,0.));
#5821 = ORIENTED_EDGE('',*,*,#5822,.F.);
#5822 = EDGE_CURVE('',#5823,#5815,#5825,.T.);
#5823 = VERTEX_POINT('',#5824);
#5824 = CARTESIAN_POINT('',(-49.584418,10.220812,1.545));
#5825 = LINE('',#5826,#5827);
#5826 = CARTESIAN_POINT('',(-49.584418,10.220812,1.545));
#5827 = VECTOR('',#5828,1.);
#5828 = DIRECTION('',(0.599274693988,0.800543466119,0.));
#5829 = ORIENTED_EDGE('',*,*,#5830,.F.);
#5830 = EDGE_CURVE('',#5831,#5823,#5833,.T.);
#5831 = VERTEX_POINT('',#5832);
#5832 = CARTESIAN_POINT('',(-49.999999,10.636393,1.545));
#5833 = LINE('',#5834,#5835);
#5834 = CARTESIAN_POINT('',(-50.844121,11.480515,1.545));
#5835 = VECTOR('',#5836,1.);
#5836 = DIRECTION('',(0.707106781187,-0.707106781187,0.));
#5837 = ORIENTED_EDGE('',*,*,#5838,.F.);
#5838 = EDGE_CURVE('',#5203,#5831,#5839,.T.);
#5839 = LINE('',#5840,#5841);
#5840 = CARTESIAN_POINT('',(-49.999999,5.999999,1.545));
#5841 = VECTOR('',#5842,1.);
#5842 = DIRECTION('',(-0.,1.,0.));
#5843 = PLANE('',#5844);
#5844 = AXIS2_PLACEMENT_3D('',#5845,#5846,#5847);
#5845 = CARTESIAN_POINT('',(0.,0.,1.545));
#5846 = DIRECTION('',(0.,0.,1.));
#5847 = DIRECTION('',(1.,0.,-0.));
#5848 = ADVANCED_FACE('',(#5849),#5860,.T.);
#5849 = FACE_BOUND('',#5850,.T.);
#5850 = EDGE_LOOP('',(#5851,#5852,#5858,#5859));
#5851 = ORIENTED_EDGE('',*,*,#2500,.F.);
#5852 = ORIENTED_EDGE('',*,*,#5853,.T.);
#5853 = EDGE_CURVE('',#2501,#5702,#5854,.T.);
#5854 = LINE('',#5855,#5856);
#5855 = CARTESIAN_POINT('',(-50.636397,10.000001,1.51));
#5856 = VECTOR('',#5857,1.);
#5857 = DIRECTION('',(0.,0.,1.));
#5858 = ORIENTED_EDGE('',*,*,#5701,.T.);
#5859 = ORIENTED_EDGE('',*,*,#5228,.F.);
#5860 = PLANE('',#5861);
#5861 = AXIS2_PLACEMENT_3D('',#5862,#5863,#5864);
#5862 = CARTESIAN_POINT('',(-50.636397,10.000001,1.51));
#5863 = DIRECTION('',(-0.707106781187,-0.707106781187,0.));
#5864 = DIRECTION('',(-0.707106781187,0.707106781187,0.));
#5865 = ADVANCED_FACE('',(#5866),#5879,.T.);
#5866 = FACE_BOUND('',#5867,.T.);
#5867 = EDGE_LOOP('',(#5868,#5869,#5870,#5871,#5872,#5873));
#5868 = ORIENTED_EDGE('',*,*,#2382,.F.);
#5869 = ORIENTED_EDGE('',*,*,#5668,.T.);
#5870 = ORIENTED_EDGE('',*,*,#5685,.T.);
#5871 = ORIENTED_EDGE('',*,*,#5210,.F.);
#5872 = ORIENTED_EDGE('',*,*,#5838,.T.);
#5873 = ORIENTED_EDGE('',*,*,#5874,.T.);
#5874 = EDGE_CURVE('',#5831,#2375,#5875,.T.);
#5875 = LINE('',#5876,#5877);
#5876 = CARTESIAN_POINT('',(-49.999999,10.636393,1.51));
#5877 = VECTOR('',#5878,1.);
#5878 = DIRECTION('',(0.,0.,-1.));
#5879 = PLANE('',#5880);
#5880 = AXIS2_PLACEMENT_3D('',#5881,#5882,#5883);
#5881 = CARTESIAN_POINT('',(-49.999999,11.999998,1.51));
#5882 = DIRECTION('',(1.,0.,-0.));
#5883 = DIRECTION('',(0.,-1.,0.));
#5884 = ADVANCED_FACE('',(#5885),#5896,.T.);
#5885 = FACE_BOUND('',#5886,.T.);
#5886 = EDGE_LOOP('',(#5887,#5888,#5889,#5890));
#5887 = ORIENTED_EDGE('',*,*,#2516,.F.);
#5888 = ORIENTED_EDGE('',*,*,#5275,.F.);
#5889 = ORIENTED_EDGE('',*,*,#5717,.T.);
#5890 = ORIENTED_EDGE('',*,*,#5891,.F.);
#5891 = EDGE_CURVE('',#2509,#5710,#5892,.T.);
#5892 = LINE('',#5893,#5894);
#5893 = CARTESIAN_POINT('',(50.636396,10.000001,1.51));
#5894 = VECTOR('',#5895,1.);
#5895 = DIRECTION('',(0.,0.,1.));
#5896 = PLANE('',#5897);
#5897 = AXIS2_PLACEMENT_3D('',#5898,#5899,#5900);
#5898 = CARTESIAN_POINT('',(51.250002,10.613603,1.51));
#5899 = DIRECTION('',(0.707104476417,-0.707109085949,0.));
#5900 = DIRECTION('',(-0.707109085949,-0.707104476417,0.));
#5901 = ADVANCED_FACE('',(#5902),#5927,.T.);
#5902 = FACE_BOUND('',#5903,.T.);
#5903 = EDGE_LOOP('',(#5904,#5905,#5906,#5914,#5920,#5921));
#5904 = ORIENTED_EDGE('',*,*,#5724,.T.);
#5905 = ORIENTED_EDGE('',*,*,#5259,.T.);
#5906 = ORIENTED_EDGE('',*,*,#5907,.T.);
#5907 = EDGE_CURVE('',#5252,#5908,#5910,.T.);
#5908 = VERTEX_POINT('',#5909);
#5909 = CARTESIAN_POINT('',(50.000001,11.999999,1.55));
#5910 = LINE('',#5911,#5912);
#5911 = CARTESIAN_POINT('',(50.000001,10.499999,1.55));
#5912 = VECTOR('',#5913,1.);
#5913 = DIRECTION('',(0.,1.,0.));
#5914 = ORIENTED_EDGE('',*,*,#5915,.F.);
#5915 = EDGE_CURVE('',#2261,#5908,#5916,.T.);
#5916 = LINE('',#5917,#5918);
#5917 = CARTESIAN_POINT('',(50.000001,11.999999,1.51));
#5918 = VECTOR('',#5919,1.);
#5919 = DIRECTION('',(0.,0.,1.));
#5920 = ORIENTED_EDGE('',*,*,#2268,.F.);
#5921 = ORIENTED_EDGE('',*,*,#5922,.T.);
#5922 = EDGE_CURVE('',#2269,#5725,#5923,.T.);
#5923 = LINE('',#5924,#5925);
#5924 = CARTESIAN_POINT('',(50.000001,10.636397,1.51));
#5925 = VECTOR('',#5926,1.);
#5926 = DIRECTION('',(0.,0.,1.));
#5927 = PLANE('',#5928);
#5928 = AXIS2_PLACEMENT_3D('',#5929,#5930,#5931);
#5929 = CARTESIAN_POINT('',(50.000001,10.499999,1.51));
#5930 = DIRECTION('',(-1.,0.,0.));
#5931 = DIRECTION('',(0.,1.,0.));
#5932 = ADVANCED_FACE('',(#5933),#5944,.T.);
#5933 = FACE_BOUND('',#5934,.F.);
#5934 = EDGE_LOOP('',(#5935,#5936,#5942,#5943));
#5935 = ORIENTED_EDGE('',*,*,#5907,.T.);
#5936 = ORIENTED_EDGE('',*,*,#5937,.T.);
#5937 = EDGE_CURVE('',#5908,#5293,#5938,.T.);
#5938 = LINE('',#5939,#5940);
#5939 = CARTESIAN_POINT('',(50.000001,11.999999,1.55));
#5940 = VECTOR('',#5941,1.);
#5941 = DIRECTION('',(1.,0.,0.));
#5942 = ORIENTED_EDGE('',*,*,#5300,.T.);
#5943 = ORIENTED_EDGE('',*,*,#5251,.T.);
#5944 = PLANE('',#5945);
#5945 = AXIS2_PLACEMENT_3D('',#5946,#5947,#5948);
#5946 = CARTESIAN_POINT('',(0.,0.,1.55));
#5947 = DIRECTION('',(0.,0.,1.));
#5948 = DIRECTION('',(1.,0.,-0.));
#5949 = ADVANCED_FACE('',(#5950),#5956,.T.);
#5950 = FACE_BOUND('',#5951,.T.);
#5951 = EDGE_LOOP('',(#5952,#5953,#5954,#5955));
#5952 = ORIENTED_EDGE('',*,*,#5915,.T.);
#5953 = ORIENTED_EDGE('',*,*,#5937,.T.);
#5954 = ORIENTED_EDGE('',*,*,#5292,.F.);
#5955 = ORIENTED_EDGE('',*,*,#2260,.F.);
#5956 = PLANE('',#5957);
#5957 = AXIS2_PLACEMENT_3D('',#5958,#5959,#5960);
#5958 = CARTESIAN_POINT('',(50.000001,11.999999,1.51));
#5959 = DIRECTION('',(0.,1.,0.));
#5960 = DIRECTION('',(1.,0.,0.));
#5961 = ADVANCED_FACE('',(#5962),#5980,.T.);
#5962 = FACE_BOUND('',#5963,.T.);
#5963 = EDGE_LOOP('',(#5964,#5965,#5973,#5979));
#5964 = ORIENTED_EDGE('',*,*,#5335,.T.);
#5965 = ORIENTED_EDGE('',*,*,#5966,.T.);
#5966 = EDGE_CURVE('',#5328,#5967,#5969,.T.);
#5967 = VERTEX_POINT('',#5968);
#5968 = CARTESIAN_POINT('',(62.689998,3.669998,1.55));
#5969 = LINE('',#5970,#5971);
#5970 = CARTESIAN_POINT('',(62.689998,5.369998,1.55));
#5971 = VECTOR('',#5972,1.);
#5972 = DIRECTION('',(0.,-1.,0.));
#5973 = ORIENTED_EDGE('',*,*,#5974,.F.);
#5974 = EDGE_CURVE('',#2105,#5967,#5975,.T.);
#5975 = LINE('',#5976,#5977);
#5976 = CARTESIAN_POINT('',(62.689998,3.669998,1.51));
#5977 = VECTOR('',#5978,1.);
#5978 = DIRECTION('',(0.,0.,1.));
#5979 = ORIENTED_EDGE('',*,*,#2112,.F.);
#5980 = PLANE('',#5981);
#5981 = AXIS2_PLACEMENT_3D('',#5982,#5983,#5984);
#5982 = CARTESIAN_POINT('',(62.689998,5.369998,1.51));
#5983 = DIRECTION('',(1.,0.,-0.));
#5984 = DIRECTION('',(0.,-1.,0.));
#5985 = ADVANCED_FACE('',(#5986,#5997),#6008,.T.);
#5986 = FACE_BOUND('',#5987,.T.);
#5987 = EDGE_LOOP('',(#5988,#5989,#5995,#5996));
#5988 = ORIENTED_EDGE('',*,*,#5362,.F.);
#5989 = ORIENTED_EDGE('',*,*,#5990,.F.);
#5990 = EDGE_CURVE('',#5967,#5355,#5991,.T.);
#5991 = LINE('',#5992,#5993);
#5992 = CARTESIAN_POINT('',(62.689998,3.669998,1.55));
#5993 = VECTOR('',#5994,1.);
#5994 = DIRECTION('',(-1.,0.,0.));
#5995 = ORIENTED_EDGE('',*,*,#5966,.F.);
#5996 = ORIENTED_EDGE('',*,*,#5327,.F.);
#5997 = FACE_BOUND('',#5998,.T.);
#5998 = EDGE_LOOP('',(#5999));
#5999 = ORIENTED_EDGE('',*,*,#6000,.T.);
#6000 = EDGE_CURVE('',#6001,#6001,#6003,.T.);
#6001 = VERTEX_POINT('',#6002);
#6002 = CARTESIAN_POINT('',(61.839998,4.044998,1.55));
#6003 = CIRCLE('',#6004,0.475);
#6004 = AXIS2_PLACEMENT_3D('',#6005,#6006,#6007);
#6005 = CARTESIAN_POINT('',(61.839998,4.519998,1.55));
#6006 = DIRECTION('',(-0.,0.,-1.));
#6007 = DIRECTION('',(-0.,-1.,0.));
#6008 = PLANE('',#6009);
#6009 = AXIS2_PLACEMENT_3D('',#6010,#6011,#6012);
#6010 = CARTESIAN_POINT('',(0.,0.,1.55));
#6011 = DIRECTION('',(0.,0.,1.));
#6012 = DIRECTION('',(1.,0.,-0.));
#6013 = ADVANCED_FACE('',(#6014),#6020,.T.);
#6014 = FACE_BOUND('',#6015,.T.);
#6015 = EDGE_LOOP('',(#6016,#6017,#6018,#6019));
#6016 = ORIENTED_EDGE('',*,*,#5974,.T.);
#6017 = ORIENTED_EDGE('',*,*,#5990,.T.);
#6018 = ORIENTED_EDGE('',*,*,#5354,.F.);
#6019 = ORIENTED_EDGE('',*,*,#2104,.F.);
#6020 = PLANE('',#6021);
#6021 = AXIS2_PLACEMENT_3D('',#6022,#6023,#6024);
#6022 = CARTESIAN_POINT('',(62.689998,3.669998,1.51));
#6023 = DIRECTION('',(0.,-1.,0.));
#6024 = DIRECTION('',(-1.,0.,0.));
#6025 = ADVANCED_FACE('',(#6026,#6029),#6040,.T.);
#6026 = FACE_BOUND('',#6027,.T.);
#6027 = EDGE_LOOP('',(#6028));
#6028 = ORIENTED_EDGE('',*,*,#5390,.T.);
#6029 = FACE_BOUND('',#6030,.T.);
#6030 = EDGE_LOOP('',(#6031));
#6031 = ORIENTED_EDGE('',*,*,#6032,.T.);
#6032 = EDGE_CURVE('',#6033,#6033,#6035,.T.);
#6033 = VERTEX_POINT('',#6034);
#6034 = CARTESIAN_POINT('',(-61.84,4.044998,1.55));
#6035 = CIRCLE('',#6036,0.475);
#6036 = AXIS2_PLACEMENT_3D('',#6037,#6038,#6039);
#6037 = CARTESIAN_POINT('',(-61.84,4.519998,1.55));
#6038 = DIRECTION('',(-0.,0.,-1.));
#6039 = DIRECTION('',(-0.,-1.,0.));
#6040 = PLANE('',#6041);
#6041 = AXIS2_PLACEMENT_3D('',#6042,#6043,#6044);
#6042 = CARTESIAN_POINT('',(0.,0.,1.55));
#6043 = DIRECTION('',(0.,0.,1.));
#6044 = DIRECTION('',(1.,0.,-0.));
#6045 = ADVANCED_FACE('',(#6046),#6057,.T.);
#6046 = FACE_BOUND('',#6047,.T.);
#6047 = EDGE_LOOP('',(#6048,#6049,#6055,#6056));
#6048 = ORIENTED_EDGE('',*,*,#5432,.T.);
#6049 = ORIENTED_EDGE('',*,*,#6050,.T.);
#6050 = EDGE_CURVE('',#5424,#5578,#6051,.T.);
#6051 = LINE('',#6052,#6053);
#6052 = CARTESIAN_POINT('',(-62.199999,7.549999,1.55));
#6053 = VECTOR('',#6054,1.);
#6054 = DIRECTION('',(0.,1.,0.));
#6055 = ORIENTED_EDGE('',*,*,#5577,.F.);
#6056 = ORIENTED_EDGE('',*,*,#1905,.F.);
#6057 = PLANE('',#6058);
#6058 = AXIS2_PLACEMENT_3D('',#6059,#6060,#6061);
#6059 = CARTESIAN_POINT('',(-62.199999,7.549999,1.51));
#6060 = DIRECTION('',(-1.,0.,0.));
#6061 = DIRECTION('',(0.,1.,0.));
#6062 = ADVANCED_FACE('',(#6063),#6073,.T.);
#6063 = FACE_BOUND('',#6064,.F.);
#6064 = EDGE_LOOP('',(#6065,#6066,#6067,#6068,#6069,#6070,#6071,#6072));
#6065 = ORIENTED_EDGE('',*,*,#5585,.T.);
#6066 = ORIENTED_EDGE('',*,*,#5561,.T.);
#6067 = ORIENTED_EDGE('',*,*,#5533,.T.);
#6068 = ORIENTED_EDGE('',*,*,#5509,.T.);
#6069 = ORIENTED_EDGE('',*,*,#5482,.T.);
#6070 = ORIENTED_EDGE('',*,*,#5457,.T.);
#6071 = ORIENTED_EDGE('',*,*,#5423,.T.);
#6072 = ORIENTED_EDGE('',*,*,#6050,.T.);
#6073 = PLANE('',#6074);
#6074 = AXIS2_PLACEMENT_3D('',#6075,#6076,#6077);
#6075 = CARTESIAN_POINT('',(0.,0.,1.55));
#6076 = DIRECTION('',(0.,0.,1.));
#6077 = DIRECTION('',(1.,0.,-0.));
#6078 = ADVANCED_FACE('',(#6079),#6090,.T.);
#6079 = FACE_BOUND('',#6080,.T.);
#6080 = EDGE_LOOP('',(#6081,#6082,#6083,#6084));
#6081 = ORIENTED_EDGE('',*,*,#2374,.F.);
#6082 = ORIENTED_EDGE('',*,*,#5874,.F.);
#6083 = ORIENTED_EDGE('',*,*,#5830,.T.);
#6084 = ORIENTED_EDGE('',*,*,#6085,.F.);
#6085 = EDGE_CURVE('',#2367,#5823,#6086,.T.);
#6086 = LINE('',#6087,#6088);
#6087 = CARTESIAN_POINT('',(-49.584418,10.220812,1.51));
#6088 = VECTOR('',#6089,1.);
#6089 = DIRECTION('',(0.,0.,1.));
#6090 = PLANE('',#6091);
#6091 = AXIS2_PLACEMENT_3D('',#6092,#6093,#6094);
#6092 = CARTESIAN_POINT('',(-50.844121,11.480515,1.51));
#6093 = DIRECTION('',(0.707106781187,0.707106781187,-0.));
#6094 = DIRECTION('',(0.707106781187,-0.707106781187,0.));
#6095 = ADVANCED_FACE('',(#6096),#6107,.T.);
#6096 = FACE_BOUND('',#6097,.T.);
#6097 = EDGE_LOOP('',(#6098,#6099,#6100,#6106));
#6098 = ORIENTED_EDGE('',*,*,#6085,.T.);
#6099 = ORIENTED_EDGE('',*,*,#5822,.T.);
#6100 = ORIENTED_EDGE('',*,*,#6101,.F.);
#6101 = EDGE_CURVE('',#2359,#5815,#6102,.T.);
#6102 = LINE('',#6103,#6104);
#6103 = CARTESIAN_POINT('',(-49.556647,10.25791,1.51));
#6104 = VECTOR('',#6105,1.);
#6105 = DIRECTION('',(0.,0.,1.));
#6106 = ORIENTED_EDGE('',*,*,#2366,.F.);
#6107 = PLANE('',#6108);
#6108 = AXIS2_PLACEMENT_3D('',#6109,#6110,#6111);
#6109 = CARTESIAN_POINT('',(-49.584418,10.220812,1.51));
#6110 = DIRECTION('',(-0.800543466119,0.599274693988,0.));
#6111 = DIRECTION('',(0.599274693988,0.800543466119,0.));
#6112 = ADVANCED_FACE('',(#6113),#6124,.T.);
#6113 = FACE_BOUND('',#6114,.T.);
#6114 = EDGE_LOOP('',(#6115,#6116,#6117,#6123));
#6115 = ORIENTED_EDGE('',*,*,#6101,.T.);
#6116 = ORIENTED_EDGE('',*,*,#5814,.T.);
#6117 = ORIENTED_EDGE('',*,*,#6118,.F.);
#6118 = EDGE_CURVE('',#2351,#5807,#6119,.T.);
#6119 = LINE('',#6120,#6121);
#6120 = CARTESIAN_POINT('',(-49.506401,10.392626,1.51));
#6121 = VECTOR('',#6122,1.);
#6122 = DIRECTION('',(0.,0.,1.));
#6123 = ORIENTED_EDGE('',*,*,#2358,.F.);
#6124 = PLANE('',#6125);
#6125 = AXIS2_PLACEMENT_3D('',#6126,#6127,#6128);
#6126 = CARTESIAN_POINT('',(-49.556647,10.25791,1.51));
#6127 = DIRECTION('',(-0.936950795731,0.349461308844,0.));
#6128 = DIRECTION('',(0.349461308844,0.936950795731,0.));
#6129 = ADVANCED_FACE('',(#6130),#6141,.T.);
#6130 = FACE_BOUND('',#6131,.T.);
#6131 = EDGE_LOOP('',(#6132,#6133,#6134,#6140));
#6132 = ORIENTED_EDGE('',*,*,#6118,.T.);
#6133 = ORIENTED_EDGE('',*,*,#5806,.T.);
#6134 = ORIENTED_EDGE('',*,*,#6135,.F.);
#6135 = EDGE_CURVE('',#2343,#5799,#6136,.T.);
#6136 = LINE('',#6137,#6138);
#6137 = CARTESIAN_POINT('',(-49.499999,10.452171,1.51));
#6138 = VECTOR('',#6139,1.);
#6139 = DIRECTION('',(0.,0.,1.));
#6140 = ORIENTED_EDGE('',*,*,#2350,.F.);
#6141 = PLANE('',#6142);
#6142 = AXIS2_PLACEMENT_3D('',#6143,#6144,#6145);
#6143 = CARTESIAN_POINT('',(-49.506401,10.392626,1.51));
#6144 = DIRECTION('',(-0.994269858287,0.106899246498,0.));
#6145 = DIRECTION('',(0.106899246498,0.994269858287,0.));
#6146 = ADVANCED_FACE('',(#6147),#6158,.T.);
#6147 = FACE_BOUND('',#6148,.T.);
#6148 = EDGE_LOOP('',(#6149,#6150,#6151,#6157));
#6149 = ORIENTED_EDGE('',*,*,#6135,.T.);
#6150 = ORIENTED_EDGE('',*,*,#5798,.T.);
#6151 = ORIENTED_EDGE('',*,*,#6152,.F.);
#6152 = EDGE_CURVE('',#2334,#5790,#6153,.T.);
#6153 = LINE('',#6154,#6155);
#6154 = CARTESIAN_POINT('',(-49.501549,12.062245,1.51));
#6155 = VECTOR('',#6156,1.);
#6156 = DIRECTION('',(0.,0.,1.));
#6157 = ORIENTED_EDGE('',*,*,#2342,.F.);
#6158 = PLANE('',#6159);
#6159 = AXIS2_PLACEMENT_3D('',#6160,#6161,#6162);
#6160 = CARTESIAN_POINT('',(-49.499999,10.452171,1.51));
#6161 = DIRECTION('',(-0.999999536616,-9.626882253541E-04,0.));
#6162 = DIRECTION('',(-9.626882253541E-04,0.999999536616,0.));
#6163 = ADVANCED_FACE('',(#6164),#6175,.T.);
#6164 = FACE_BOUND('',#6165,.T.);
#6165 = EDGE_LOOP('',(#6166,#6167,#6168,#6174));
#6166 = ORIENTED_EDGE('',*,*,#6152,.T.);
#6167 = ORIENTED_EDGE('',*,*,#5789,.T.);
#6168 = ORIENTED_EDGE('',*,*,#6169,.F.);
#6169 = EDGE_CURVE('',#2326,#5782,#6170,.T.);
#6170 = LINE('',#6171,#6172);
#6171 = CARTESIAN_POINT('',(-49.378259,12.199499,1.51));
#6172 = VECTOR('',#6173,1.);
#6173 = DIRECTION('',(0.,0.,1.));
#6174 = ORIENTED_EDGE('',*,*,#2333,.F.);
#6175 = CYLINDRICAL_SURFACE('',#6176,0.124000153014);
#6176 = AXIS2_PLACEMENT_3D('',#6177,#6178,#6179);
#6177 = CARTESIAN_POINT('',(-49.37825920525,12.075498846986,1.51));
#6178 = DIRECTION('',(0.,0.,-1.));
#6179 = DIRECTION('',(-0.994271311328,-0.106885730898,-0.));
#6180 = ADVANCED_FACE('',(#6181),#6192,.T.);
#6181 = FACE_BOUND('',#6182,.T.);
#6182 = EDGE_LOOP('',(#6183,#6184,#6185,#6191));
#6183 = ORIENTED_EDGE('',*,*,#6169,.T.);
#6184 = ORIENTED_EDGE('',*,*,#5781,.T.);
#6185 = ORIENTED_EDGE('',*,*,#6186,.F.);
#6186 = EDGE_CURVE('',#2317,#5773,#6187,.T.);
#6187 = LINE('',#6188,#6189);
#6188 = CARTESIAN_POINT('',(49.378261,12.199499,1.51));
#6189 = VECTOR('',#6190,1.);
#6190 = DIRECTION('',(0.,0.,1.));
#6191 = ORIENTED_EDGE('',*,*,#2325,.F.);
#6192 = PLANE('',#6193);
#6193 = AXIS2_PLACEMENT_3D('',#6194,#6195,#6196);
#6194 = CARTESIAN_POINT('',(-49.378259,12.199499,1.51));
#6195 = DIRECTION('',(0.,1.,0.));
#6196 = DIRECTION('',(1.,0.,0.));
#6197 = ADVANCED_FACE('',(#6198),#6209,.T.);
#6198 = FACE_BOUND('',#6199,.T.);
#6199 = EDGE_LOOP('',(#6200,#6201,#6202,#6208));
#6200 = ORIENTED_EDGE('',*,*,#6186,.T.);
#6201 = ORIENTED_EDGE('',*,*,#5772,.T.);
#6202 = ORIENTED_EDGE('',*,*,#6203,.F.);
#6203 = EDGE_CURVE('',#2309,#5765,#6204,.T.);
#6204 = LINE('',#6205,#6206);
#6205 = CARTESIAN_POINT('',(49.501551,12.062244,1.51));
#6206 = VECTOR('',#6207,1.);
#6207 = DIRECTION('',(0.,0.,1.));
#6208 = ORIENTED_EDGE('',*,*,#2316,.F.);
#6209 = CYLINDRICAL_SURFACE('',#6210,0.124001983982);
#6210 = AXIS2_PLACEMENT_3D('',#6211,#6212,#6213);
#6211 = CARTESIAN_POINT('',(49.378259274416,12.07549701603,1.51));
#6212 = DIRECTION('',(0.,0.,-1.));
#6213 = DIRECTION('',(1.391577997935E-05,0.999999999903,0.));
#6214 = ADVANCED_FACE('',(#6215),#6226,.T.);
#6215 = FACE_BOUND('',#6216,.T.);
#6216 = EDGE_LOOP('',(#6217,#6218,#6219,#6225));
#6217 = ORIENTED_EDGE('',*,*,#6203,.T.);
#6218 = ORIENTED_EDGE('',*,*,#5764,.T.);
#6219 = ORIENTED_EDGE('',*,*,#6220,.F.);
#6220 = EDGE_CURVE('',#2301,#5757,#6221,.T.);
#6221 = LINE('',#6222,#6223);
#6222 = CARTESIAN_POINT('',(49.500001,10.452155,1.51));
#6223 = VECTOR('',#6224,1.);
#6224 = DIRECTION('',(0.,0.,1.));
#6225 = ORIENTED_EDGE('',*,*,#2308,.F.);
#6226 = PLANE('',#6227);
#6227 = AXIS2_PLACEMENT_3D('',#6228,#6229,#6230);
#6228 = CARTESIAN_POINT('',(49.501551,12.062244,1.51));
#6229 = DIRECTION('',(0.999999536624,-9.626792567176E-04,0.));
#6230 = DIRECTION('',(-9.626792567176E-04,-0.999999536624,0.));
#6231 = ADVANCED_FACE('',(#6232),#6243,.T.);
#6232 = FACE_BOUND('',#6233,.T.);
#6233 = EDGE_LOOP('',(#6234,#6235,#6236,#6242));
#6234 = ORIENTED_EDGE('',*,*,#6220,.T.);
#6235 = ORIENTED_EDGE('',*,*,#5756,.T.);
#6236 = ORIENTED_EDGE('',*,*,#6237,.F.);
#6237 = EDGE_CURVE('',#2293,#5749,#6238,.T.);
#6238 = LINE('',#6239,#6240);
#6239 = CARTESIAN_POINT('',(49.506402,10.392627,1.51));
#6240 = VECTOR('',#6241,1.);
#6241 = DIRECTION('',(0.,0.,1.));
#6242 = ORIENTED_EDGE('',*,*,#2300,.F.);
#6243 = PLANE('',#6244);
#6244 = AXIS2_PLACEMENT_3D('',#6245,#6246,#6247);
#6245 = CARTESIAN_POINT('',(49.500001,10.452155,1.51));
#6246 = DIRECTION('',(0.994268388705,0.106912914193,-0.));
#6247 = DIRECTION('',(0.106912914193,-0.994268388705,0.));
#6248 = ADVANCED_FACE('',(#6249),#6260,.T.);
#6249 = FACE_BOUND('',#6250,.T.);
#6250 = EDGE_LOOP('',(#6251,#6252,#6253,#6259));
#6251 = ORIENTED_EDGE('',*,*,#6237,.T.);
#6252 = ORIENTED_EDGE('',*,*,#5748,.T.);
#6253 = ORIENTED_EDGE('',*,*,#6254,.F.);
#6254 = EDGE_CURVE('',#2285,#5741,#6255,.T.);
#6255 = LINE('',#6256,#6257);
#6256 = CARTESIAN_POINT('',(49.556646,10.257914,1.51));
#6257 = VECTOR('',#6258,1.);
#6258 = DIRECTION('',(0.,0.,1.));
#6259 = ORIENTED_EDGE('',*,*,#2292,.F.);
#6260 = PLANE('',#6261);
#6261 = AXIS2_PLACEMENT_3D('',#6262,#6263,#6264);
#6262 = CARTESIAN_POINT('',(49.506402,10.392627,1.51));
#6263 = DIRECTION('',(0.93695280219,0.349455929222,-0.));
#6264 = DIRECTION('',(0.349455929222,-0.93695280219,0.));
#6265 = ADVANCED_FACE('',(#6266),#6277,.T.);
#6266 = FACE_BOUND('',#6267,.T.);
#6267 = EDGE_LOOP('',(#6268,#6269,#6270,#6276));
#6268 = ORIENTED_EDGE('',*,*,#6254,.T.);
#6269 = ORIENTED_EDGE('',*,*,#5740,.T.);
#6270 = ORIENTED_EDGE('',*,*,#6271,.F.);
#6271 = EDGE_CURVE('',#2277,#5733,#6272,.T.);
#6272 = LINE('',#6273,#6274);
#6273 = CARTESIAN_POINT('',(49.584418,10.220814,1.51));
#6274 = VECTOR('',#6275,1.);
#6275 = DIRECTION('',(0.,0.,1.));
#6276 = ORIENTED_EDGE('',*,*,#2284,.F.);
#6277 = PLANE('',#6278);
#6278 = AXIS2_PLACEMENT_3D('',#6279,#6280,#6281);
#6279 = CARTESIAN_POINT('',(49.556646,10.257914,1.51));
#6280 = DIRECTION('',(0.800548612794,0.59926781872,-0.));
#6281 = DIRECTION('',(0.59926781872,-0.800548612794,0.));
#6282 = ADVANCED_FACE('',(#6283),#6289,.T.);
#6283 = FACE_BOUND('',#6284,.T.);
#6284 = EDGE_LOOP('',(#6285,#6286,#6287,#6288));
#6285 = ORIENTED_EDGE('',*,*,#2276,.F.);
#6286 = ORIENTED_EDGE('',*,*,#6271,.T.);
#6287 = ORIENTED_EDGE('',*,*,#5732,.T.);
#6288 = ORIENTED_EDGE('',*,*,#5922,.F.);
#6289 = PLANE('',#6290);
#6290 = AXIS2_PLACEMENT_3D('',#6291,#6292,#6293);
#6291 = CARTESIAN_POINT('',(49.584418,10.220814,1.51));
#6292 = DIRECTION('',(-0.707106781187,0.707106781187,0.));
#6293 = DIRECTION('',(0.707106781187,0.707106781187,0.));
#6294 = ADVANCED_FACE('',(#6295),#6301,.T.);
#6295 = FACE_BOUND('',#6296,.T.);
#6296 = EDGE_LOOP('',(#6297,#6298,#6299,#6300));
#6297 = ORIENTED_EDGE('',*,*,#5891,.T.);
#6298 = ORIENTED_EDGE('',*,*,#5709,.T.);
#6299 = ORIENTED_EDGE('',*,*,#5853,.F.);
#6300 = ORIENTED_EDGE('',*,*,#2508,.F.);
#6301 = PLANE('',#6302);
#6302 = AXIS2_PLACEMENT_3D('',#6303,#6304,#6305);
#6303 = CARTESIAN_POINT('',(50.636396,10.000001,1.51));
#6304 = DIRECTION('',(0.,-1.,0.));
#6305 = DIRECTION('',(-1.,0.,0.));
#6306 = ADVANCED_FACE('',(#6307,#6341),#6344,.F.);
#6307 = FACE_BOUND('',#6308,.F.);
#6308 = EDGE_LOOP('',(#6309,#6319,#6327,#6335));
#6309 = ORIENTED_EDGE('',*,*,#6310,.T.);
#6310 = EDGE_CURVE('',#6311,#6313,#6315,.T.);
#6311 = VERTEX_POINT('',#6312);
#6312 = CARTESIAN_POINT('',(60.989998,3.669998,0.));
#6313 = VERTEX_POINT('',#6314);
#6314 = CARTESIAN_POINT('',(60.989998,5.369998,0.));
#6315 = LINE('',#6316,#6317);
#6316 = CARTESIAN_POINT('',(60.989998,3.669998,0.));
#6317 = VECTOR('',#6318,1.);
#6318 = DIRECTION('',(0.,1.,0.));
#6319 = ORIENTED_EDGE('',*,*,#6320,.T.);
#6320 = EDGE_CURVE('',#6313,#6321,#6323,.T.);
#6321 = VERTEX_POINT('',#6322);
#6322 = CARTESIAN_POINT('',(62.689998,5.369998,0.));
#6323 = LINE('',#6324,#6325);
#6324 = CARTESIAN_POINT('',(60.989998,5.369998,0.));
#6325 = VECTOR('',#6326,1.);
#6326 = DIRECTION('',(1.,0.,0.));
#6327 = ORIENTED_EDGE('',*,*,#6328,.T.);
#6328 = EDGE_CURVE('',#6321,#6329,#6331,.T.);
#6329 = VERTEX_POINT('',#6330);
#6330 = CARTESIAN_POINT('',(62.689998,3.669998,0.));
#6331 = LINE('',#6332,#6333);
#6332 = CARTESIAN_POINT('',(62.689998,5.369998,0.));
#6333 = VECTOR('',#6334,1.);
#6334 = DIRECTION('',(0.,-1.,0.));
#6335 = ORIENTED_EDGE('',*,*,#6336,.T.);
#6336 = EDGE_CURVE('',#6329,#6311,#6337,.T.);
#6337 = LINE('',#6338,#6339);
#6338 = CARTESIAN_POINT('',(62.689998,3.669998,0.));
#6339 = VECTOR('',#6340,1.);
#6340 = DIRECTION('',(-1.,0.,0.));
#6341 = FACE_BOUND('',#6342,.F.);
#6342 = EDGE_LOOP('',(#6343));
#6343 = ORIENTED_EDGE('',*,*,#5611,.F.);
#6344 = PLANE('',#6345);
#6345 = AXIS2_PLACEMENT_3D('',#6346,#6347,#6348);
#6346 = CARTESIAN_POINT('',(0.,0.,0.));
#6347 = DIRECTION('',(-0.,-0.,-1.));
#6348 = DIRECTION('',(-1.,0.,0.));
#6349 = ADVANCED_FACE('',(#6350,#6361),#6364,.F.);
#6350 = FACE_BOUND('',#6351,.F.);
#6351 = EDGE_LOOP('',(#6352));
#6352 = ORIENTED_EDGE('',*,*,#6353,.F.);
#6353 = EDGE_CURVE('',#6354,#6354,#6356,.T.);
#6354 = VERTEX_POINT('',#6355);
#6355 = CARTESIAN_POINT('',(-60.990001,4.519998,0.));
#6356 = CIRCLE('',#6357,0.849999);
#6357 = AXIS2_PLACEMENT_3D('',#6358,#6359,#6360);
#6358 = CARTESIAN_POINT('',(-61.84,4.519998,0.));
#6359 = DIRECTION('',(0.,0.,1.));
#6360 = DIRECTION('',(1.,0.,-0.));
#6361 = FACE_BOUND('',#6362,.F.);
#6362 = EDGE_LOOP('',(#6363));
#6363 = ORIENTED_EDGE('',*,*,#5640,.F.);
#6364 = PLANE('',#6365);
#6365 = AXIS2_PLACEMENT_3D('',#6366,#6367,#6368);
#6366 = CARTESIAN_POINT('',(0.,0.,0.));
#6367 = DIRECTION('',(-0.,-0.,-1.));
#6368 = DIRECTION('',(-1.,0.,0.));
#6369 = ADVANCED_FACE('',(#6370),#6389,.F.);
#6370 = FACE_BOUND('',#6371,.T.);
#6371 = EDGE_LOOP('',(#6372,#6381,#6387,#6388));
#6372 = ORIENTED_EDGE('',*,*,#6373,.T.);
#6373 = EDGE_CURVE('',#6374,#6374,#6376,.T.);
#6374 = VERTEX_POINT('',#6375);
#6375 = CARTESIAN_POINT('',(61.839998,4.044998,-4.E-02));
#6376 = CIRCLE('',#6377,0.475);
#6377 = AXIS2_PLACEMENT_3D('',#6378,#6379,#6380);
#6378 = CARTESIAN_POINT('',(61.839998,4.519998,-4.E-02));
#6379 = DIRECTION('',(-0.,0.,-1.));
#6380 = DIRECTION('',(-0.,-1.,0.));
#6381 = ORIENTED_EDGE('',*,*,#6382,.T.);
#6382 = EDGE_CURVE('',#6374,#6001,#6383,.T.);
#6383 = LINE('',#6384,#6385);
#6384 = CARTESIAN_POINT('',(61.839998,4.044998,-4.6E-02));
#6385 = VECTOR('',#6386,1.);
#6386 = DIRECTION('',(0.,0.,1.));
#6387 = ORIENTED_EDGE('',*,*,#6000,.F.);
#6388 = ORIENTED_EDGE('',*,*,#6382,.F.);
#6389 = CYLINDRICAL_SURFACE('',#6390,0.475);
#6390 = AXIS2_PLACEMENT_3D('',#6391,#6392,#6393);
#6391 = CARTESIAN_POINT('',(61.839998,4.519998,-4.6E-02));
#6392 = DIRECTION('',(-0.,-0.,-1.));
#6393 = DIRECTION('',(-0.,-1.,0.));
#6394 = ADVANCED_FACE('',(#6395),#6414,.F.);
#6395 = FACE_BOUND('',#6396,.T.);
#6396 = EDGE_LOOP('',(#6397,#6406,#6412,#6413));
#6397 = ORIENTED_EDGE('',*,*,#6398,.T.);
#6398 = EDGE_CURVE('',#6399,#6399,#6401,.T.);
#6399 = VERTEX_POINT('',#6400);
#6400 = CARTESIAN_POINT('',(-61.84,4.044998,-4.E-02));
#6401 = CIRCLE('',#6402,0.475);
#6402 = AXIS2_PLACEMENT_3D('',#6403,#6404,#6405);
#6403 = CARTESIAN_POINT('',(-61.84,4.519998,-4.E-02));
#6404 = DIRECTION('',(-0.,0.,-1.));
#6405 = DIRECTION('',(-0.,-1.,0.));
#6406 = ORIENTED_EDGE('',*,*,#6407,.T.);
#6407 = EDGE_CURVE('',#6399,#6033,#6408,.T.);
#6408 = LINE('',#6409,#6410);
#6409 = CARTESIAN_POINT('',(-61.84,4.044998,-4.6E-02));
#6410 = VECTOR('',#6411,1.);
#6411 = DIRECTION('',(0.,0.,1.));
#6412 = ORIENTED_EDGE('',*,*,#6032,.F.);
#6413 = ORIENTED_EDGE('',*,*,#6407,.F.);
#6414 = CYLINDRICAL_SURFACE('',#6415,0.475);
#6415 = AXIS2_PLACEMENT_3D('',#6416,#6417,#6418);
#6416 = CARTESIAN_POINT('',(-61.84,4.519998,-4.6E-02));
#6417 = DIRECTION('',(-0.,-0.,-1.));
#6418 = DIRECTION('',(-0.,-1.,0.));
#6419 = ADVANCED_FACE('',(#6420),#6445,.F.);
#6420 = FACE_BOUND('',#6421,.F.);
#6421 = EDGE_LOOP('',(#6422,#6430,#6438,#6444));
#6422 = ORIENTED_EDGE('',*,*,#6423,.T.);
#6423 = EDGE_CURVE('',#6311,#6424,#6426,.T.);
#6424 = VERTEX_POINT('',#6425);
#6425 = CARTESIAN_POINT('',(60.989998,3.669998,-4.E-02));
#6426 = LINE('',#6427,#6428);
#6427 = CARTESIAN_POINT('',(60.989998,3.669998,0.));
#6428 = VECTOR('',#6429,1.);
#6429 = DIRECTION('',(0.,0.,-1.));
#6430 = ORIENTED_EDGE('',*,*,#6431,.T.);
#6431 = EDGE_CURVE('',#6424,#6432,#6434,.T.);
#6432 = VERTEX_POINT('',#6433);
#6433 = CARTESIAN_POINT('',(60.989998,5.369998,-4.E-02));
#6434 = LINE('',#6435,#6436);
#6435 = CARTESIAN_POINT('',(60.989998,3.669998,-4.E-02));
#6436 = VECTOR('',#6437,1.);
#6437 = DIRECTION('',(0.,1.,0.));
#6438 = ORIENTED_EDGE('',*,*,#6439,.F.);
#6439 = EDGE_CURVE('',#6313,#6432,#6440,.T.);
#6440 = LINE('',#6441,#6442);
#6441 = CARTESIAN_POINT('',(60.989998,5.369998,0.));
#6442 = VECTOR('',#6443,1.);
#6443 = DIRECTION('',(0.,0.,-1.));
#6444 = ORIENTED_EDGE('',*,*,#6310,.F.);
#6445 = PLANE('',#6446);
#6446 = AXIS2_PLACEMENT_3D('',#6447,#6448,#6449);
#6447 = CARTESIAN_POINT('',(60.989998,3.669998,0.));
#6448 = DIRECTION('',(1.,-0.,0.));
#6449 = DIRECTION('',(0.,1.,0.));
#6450 = ADVANCED_FACE('',(#6451),#6469,.F.);
#6451 = FACE_BOUND('',#6452,.F.);
#6452 = EDGE_LOOP('',(#6453,#6461,#6467,#6468));
#6453 = ORIENTED_EDGE('',*,*,#6454,.T.);
#6454 = EDGE_CURVE('',#6329,#6455,#6457,.T.);
#6455 = VERTEX_POINT('',#6456);
#6456 = CARTESIAN_POINT('',(62.689998,3.669998,-4.E-02));
#6457 = LINE('',#6458,#6459);
#6458 = CARTESIAN_POINT('',(62.689998,3.669998,0.));
#6459 = VECTOR('',#6460,1.);
#6460 = DIRECTION('',(0.,0.,-1.));
#6461 = ORIENTED_EDGE('',*,*,#6462,.T.);
#6462 = EDGE_CURVE('',#6455,#6424,#6463,.T.);
#6463 = LINE('',#6464,#6465);
#6464 = CARTESIAN_POINT('',(62.689998,3.669998,-4.E-02));
#6465 = VECTOR('',#6466,1.);
#6466 = DIRECTION('',(-1.,0.,0.));
#6467 = ORIENTED_EDGE('',*,*,#6423,.F.);
#6468 = ORIENTED_EDGE('',*,*,#6336,.F.);
#6469 = PLANE('',#6470);
#6470 = AXIS2_PLACEMENT_3D('',#6471,#6472,#6473);
#6471 = CARTESIAN_POINT('',(62.689998,3.669998,0.));
#6472 = DIRECTION('',(0.,1.,0.));
#6473 = DIRECTION('',(-1.,0.,0.));
#6474 = ADVANCED_FACE('',(#6475),#6493,.F.);
#6475 = FACE_BOUND('',#6476,.F.);
#6476 = EDGE_LOOP('',(#6477,#6478,#6486,#6492));
#6477 = ORIENTED_EDGE('',*,*,#6439,.T.);
#6478 = ORIENTED_EDGE('',*,*,#6479,.T.);
#6479 = EDGE_CURVE('',#6432,#6480,#6482,.T.);
#6480 = VERTEX_POINT('',#6481);
#6481 = CARTESIAN_POINT('',(62.689998,5.369998,-4.E-02));
#6482 = LINE('',#6483,#6484);
#6483 = CARTESIAN_POINT('',(60.989998,5.369998,-4.E-02));
#6484 = VECTOR('',#6485,1.);
#6485 = DIRECTION('',(1.,0.,0.));
#6486 = ORIENTED_EDGE('',*,*,#6487,.F.);
#6487 = EDGE_CURVE('',#6321,#6480,#6488,.T.);
#6488 = LINE('',#6489,#6490);
#6489 = CARTESIAN_POINT('',(62.689998,5.369998,0.));
#6490 = VECTOR('',#6491,1.);
#6491 = DIRECTION('',(0.,0.,-1.));
#6492 = ORIENTED_EDGE('',*,*,#6320,.F.);
#6493 = PLANE('',#6494);
#6494 = AXIS2_PLACEMENT_3D('',#6495,#6496,#6497);
#6495 = CARTESIAN_POINT('',(60.989998,5.369998,0.));
#6496 = DIRECTION('',(0.,-1.,0.));
#6497 = DIRECTION('',(1.,0.,0.));
#6498 = ADVANCED_FACE('',(#6499),#6510,.F.);
#6499 = FACE_BOUND('',#6500,.F.);
#6500 = EDGE_LOOP('',(#6501,#6502,#6508,#6509));
#6501 = ORIENTED_EDGE('',*,*,#6487,.T.);
#6502 = ORIENTED_EDGE('',*,*,#6503,.T.);
#6503 = EDGE_CURVE('',#6480,#6455,#6504,.T.);
#6504 = LINE('',#6505,#6506);
#6505 = CARTESIAN_POINT('',(62.689998,5.369998,-4.E-02));
#6506 = VECTOR('',#6507,1.);
#6507 = DIRECTION('',(0.,-1.,0.));
#6508 = ORIENTED_EDGE('',*,*,#6454,.F.);
#6509 = ORIENTED_EDGE('',*,*,#6328,.F.);
#6510 = PLANE('',#6511);
#6511 = AXIS2_PLACEMENT_3D('',#6512,#6513,#6514);
#6512 = CARTESIAN_POINT('',(62.689998,5.369998,0.));
#6513 = DIRECTION('',(-1.,-0.,-0.));
#6514 = DIRECTION('',(0.,-1.,0.));
#6515 = ADVANCED_FACE('',(#6516),#6535,.T.);
#6516 = FACE_BOUND('',#6517,.T.);
#6517 = EDGE_LOOP('',(#6518,#6526,#6533,#6534));
#6518 = ORIENTED_EDGE('',*,*,#6519,.T.);
#6519 = EDGE_CURVE('',#6354,#6520,#6522,.T.);
#6520 = VERTEX_POINT('',#6521);
#6521 = CARTESIAN_POINT('',(-60.990001,4.519998,-4.E-02));
#6522 = LINE('',#6523,#6524);
#6523 = CARTESIAN_POINT('',(-60.990001,4.519998,0.));
#6524 = VECTOR('',#6525,1.);
#6525 = DIRECTION('',(0.,0.,-1.));
#6526 = ORIENTED_EDGE('',*,*,#6527,.T.);
#6527 = EDGE_CURVE('',#6520,#6520,#6528,.T.);
#6528 = CIRCLE('',#6529,0.849999);
#6529 = AXIS2_PLACEMENT_3D('',#6530,#6531,#6532);
#6530 = CARTESIAN_POINT('',(-61.84,4.519998,-4.E-02));
#6531 = DIRECTION('',(0.,0.,1.));
#6532 = DIRECTION('',(1.,0.,-0.));
#6533 = ORIENTED_EDGE('',*,*,#6519,.F.);
#6534 = ORIENTED_EDGE('',*,*,#6353,.F.);
#6535 = CYLINDRICAL_SURFACE('',#6536,0.849999);
#6536 = AXIS2_PLACEMENT_3D('',#6537,#6538,#6539);
#6537 = CARTESIAN_POINT('',(-61.84,4.519998,0.));
#6538 = DIRECTION('',(0.,0.,1.));
#6539 = DIRECTION('',(1.,0.,-0.));
#6540 = ADVANCED_FACE('',(#6541,#6547),#6550,.T.);
#6541 = FACE_BOUND('',#6542,.T.);
#6542 = EDGE_LOOP('',(#6543,#6544,#6545,#6546));
#6543 = ORIENTED_EDGE('',*,*,#6431,.T.);
#6544 = ORIENTED_EDGE('',*,*,#6479,.T.);
#6545 = ORIENTED_EDGE('',*,*,#6503,.T.);
#6546 = ORIENTED_EDGE('',*,*,#6462,.T.);
#6547 = FACE_BOUND('',#6548,.T.);
#6548 = EDGE_LOOP('',(#6549));
#6549 = ORIENTED_EDGE('',*,*,#6373,.F.);
#6550 = PLANE('',#6551);
#6551 = AXIS2_PLACEMENT_3D('',#6552,#6553,#6554);
#6552 = CARTESIAN_POINT('',(0.,0.,-4.E-02));
#6553 = DIRECTION('',(-0.,-0.,-1.));
#6554 = DIRECTION('',(-1.,0.,0.));
#6555 = ADVANCED_FACE('',(#6556,#6559),#6562,.T.);
#6556 = FACE_BOUND('',#6557,.T.);
#6557 = EDGE_LOOP('',(#6558));
#6558 = ORIENTED_EDGE('',*,*,#6527,.F.);
#6559 = FACE_BOUND('',#6560,.T.);
#6560 = EDGE_LOOP('',(#6561));
#6561 = ORIENTED_EDGE('',*,*,#6398,.F.);
#6562 = PLANE('',#6563);
#6563 = AXIS2_PLACEMENT_3D('',#6564,#6565,#6566);
#6564 = CARTESIAN_POINT('',(0.,0.,-4.E-02));
#6565 = DIRECTION('',(-0.,-0.,-1.));
#6566 = DIRECTION('',(-1.,0.,0.));
#6567 = MANIFOLD_SOLID_BREP('',#6568);
#6568 = CLOSED_SHELL('',(#6569,#6609,#6640,#6671,#6874,#7037,#7054,#7071
    ,#7088,#7105,#7122,#7144,#7161,#7178,#7195,#7212,#7229,#7246,#7263,
    #7280,#7297,#7314,#7331,#7360,#7389,#7414,#7439,#7459,#7479,#7499,
    #7519,#7544,#7569,#7594,#7619,#7631));
#6569 = ADVANCED_FACE('',(#6570),#6604,.T.);
#6570 = FACE_BOUND('',#6571,.T.);
#6571 = EDGE_LOOP('',(#6572,#6582,#6590,#6598));
#6572 = ORIENTED_EDGE('',*,*,#6573,.T.);
#6573 = EDGE_CURVE('',#6574,#6576,#6578,.T.);
#6574 = VERTEX_POINT('',#6575);
#6575 = CARTESIAN_POINT('',(-57.826338,5.381719,1.51));
#6576 = VERTEX_POINT('',#6577);
#6577 = CARTESIAN_POINT('',(-57.826338,5.381719,1.545));
#6578 = LINE('',#6579,#6580);
#6579 = CARTESIAN_POINT('',(-57.826338,5.381719,1.51));
#6580 = VECTOR('',#6581,1.);
#6581 = DIRECTION('',(0.,0.,1.));
#6582 = ORIENTED_EDGE('',*,*,#6583,.T.);
#6583 = EDGE_CURVE('',#6576,#6584,#6586,.T.);
#6584 = VERTEX_POINT('',#6585);
#6585 = CARTESIAN_POINT('',(-57.772266,5.404116,1.545));
#6586 = LINE('',#6587,#6588);
#6587 = CARTESIAN_POINT('',(-57.826338,5.381719,1.545));
#6588 = VECTOR('',#6589,1.);
#6589 = DIRECTION('',(0.923881681501,0.382678244204,0.));
#6590 = ORIENTED_EDGE('',*,*,#6591,.F.);
#6591 = EDGE_CURVE('',#6592,#6584,#6594,.T.);
#6592 = VERTEX_POINT('',#6593);
#6593 = CARTESIAN_POINT('',(-57.772266,5.404116,1.51));
#6594 = LINE('',#6595,#6596);
#6595 = CARTESIAN_POINT('',(-57.772266,5.404116,1.51));
#6596 = VECTOR('',#6597,1.);
#6597 = DIRECTION('',(0.,0.,1.));
#6598 = ORIENTED_EDGE('',*,*,#6599,.F.);
#6599 = EDGE_CURVE('',#6574,#6592,#6600,.T.);
#6600 = LINE('',#6601,#6602);
#6601 = CARTESIAN_POINT('',(-57.826338,5.381719,1.51));
#6602 = VECTOR('',#6603,1.);
#6603 = DIRECTION('',(0.923881681501,0.382678244204,0.));
#6604 = PLANE('',#6605);
#6605 = AXIS2_PLACEMENT_3D('',#6606,#6607,#6608);
#6606 = CARTESIAN_POINT('',(-57.826338,5.381719,1.51));
#6607 = DIRECTION('',(-0.382678244204,0.923881681501,0.));
#6608 = DIRECTION('',(0.923881681501,0.382678244204,0.));
#6609 = ADVANCED_FACE('',(#6610),#6635,.T.);
#6610 = FACE_BOUND('',#6611,.T.);
#6611 = EDGE_LOOP('',(#6612,#6622,#6628,#6629));
#6612 = ORIENTED_EDGE('',*,*,#6613,.T.);
#6613 = EDGE_CURVE('',#6614,#6616,#6618,.T.);
#6614 = VERTEX_POINT('',#6615);
#6615 = CARTESIAN_POINT('',(-60.091134,3.120998,1.51));
#6616 = VERTEX_POINT('',#6617);
#6617 = CARTESIAN_POINT('',(-60.091134,3.120998,1.545));
#6618 = LINE('',#6619,#6620);
#6619 = CARTESIAN_POINT('',(-60.091134,3.120998,1.51));
#6620 = VECTOR('',#6621,1.);
#6621 = DIRECTION('',(0.,0.,1.));
#6622 = ORIENTED_EDGE('',*,*,#6623,.T.);
#6623 = EDGE_CURVE('',#6616,#6576,#6624,.T.);
#6624 = LINE('',#6625,#6626);
#6625 = CARTESIAN_POINT('',(-60.091134,3.120998,1.545));
#6626 = VECTOR('',#6627,1.);
#6627 = DIRECTION('',(0.707743208287,0.706469780758,0.));
#6628 = ORIENTED_EDGE('',*,*,#6573,.F.);
#6629 = ORIENTED_EDGE('',*,*,#6630,.F.);
#6630 = EDGE_CURVE('',#6614,#6574,#6631,.T.);
#6631 = LINE('',#6632,#6633);
#6632 = CARTESIAN_POINT('',(-60.091134,3.120998,1.51));
#6633 = VECTOR('',#6634,1.);
#6634 = DIRECTION('',(0.707743208287,0.706469780758,0.));
#6635 = PLANE('',#6636);
#6636 = AXIS2_PLACEMENT_3D('',#6637,#6638,#6639);
#6637 = CARTESIAN_POINT('',(-60.091134,3.120998,1.51));
#6638 = DIRECTION('',(-0.706469780758,0.707743208287,0.));
#6639 = DIRECTION('',(0.707743208287,0.706469780758,0.));
#6640 = ADVANCED_FACE('',(#6641),#6666,.T.);
#6641 = FACE_BOUND('',#6642,.T.);
#6642 = EDGE_LOOP('',(#6643,#6644,#6652,#6660));
#6643 = ORIENTED_EDGE('',*,*,#6591,.T.);
#6644 = ORIENTED_EDGE('',*,*,#6645,.T.);
#6645 = EDGE_CURVE('',#6584,#6646,#6648,.T.);
#6646 = VERTEX_POINT('',#6647);
#6647 = CARTESIAN_POINT('',(57.772266,5.404116,1.545));
#6648 = LINE('',#6649,#6650);
#6649 = CARTESIAN_POINT('',(-57.772266,5.404116,1.545));
#6650 = VECTOR('',#6651,1.);
#6651 = DIRECTION('',(1.,0.,0.));
#6652 = ORIENTED_EDGE('',*,*,#6653,.F.);
#6653 = EDGE_CURVE('',#6654,#6646,#6656,.T.);
#6654 = VERTEX_POINT('',#6655);
#6655 = CARTESIAN_POINT('',(57.772266,5.404116,1.51));
#6656 = LINE('',#6657,#6658);
#6657 = CARTESIAN_POINT('',(57.772266,5.404116,1.51));
#6658 = VECTOR('',#6659,1.);
#6659 = DIRECTION('',(0.,0.,1.));
#6660 = ORIENTED_EDGE('',*,*,#6661,.F.);
#6661 = EDGE_CURVE('',#6592,#6654,#6662,.T.);
#6662 = LINE('',#6663,#6664);
#6663 = CARTESIAN_POINT('',(-57.772266,5.404116,1.51));
#6664 = VECTOR('',#6665,1.);
#6665 = DIRECTION('',(1.,0.,0.));
#6666 = PLANE('',#6667);
#6667 = AXIS2_PLACEMENT_3D('',#6668,#6669,#6670);
#6668 = CARTESIAN_POINT('',(-57.772266,5.404116,1.51));
#6669 = DIRECTION('',(0.,1.,0.));
#6670 = DIRECTION('',(1.,0.,0.));
#6671 = ADVANCED_FACE('',(#6672,#6847,#6858),#6869,.F.);
#6672 = FACE_BOUND('',#6673,.F.);
#6673 = EDGE_LOOP('',(#6674,#6675,#6676,#6684,#6692,#6701,#6710,#6718,
    #6726,#6734,#6742,#6750,#6758,#6766,#6774,#6782,#6790,#6798,#6807,
    #6816,#6824,#6832,#6840,#6846));
#6674 = ORIENTED_EDGE('',*,*,#6599,.F.);
#6675 = ORIENTED_EDGE('',*,*,#6630,.F.);
#6676 = ORIENTED_EDGE('',*,*,#6677,.F.);
#6677 = EDGE_CURVE('',#6678,#6614,#6680,.T.);
#6678 = VERTEX_POINT('',#6679);
#6679 = CARTESIAN_POINT('',(-65.308869,3.120998,1.51));
#6680 = LINE('',#6681,#6682);
#6681 = CARTESIAN_POINT('',(-65.308869,3.120998,1.51));
#6682 = VECTOR('',#6683,1.);
#6683 = DIRECTION('',(1.,0.,0.));
#6684 = ORIENTED_EDGE('',*,*,#6685,.F.);
#6685 = EDGE_CURVE('',#6686,#6678,#6688,.T.);
#6686 = VERTEX_POINT('',#6687);
#6687 = CARTESIAN_POINT('',(-66.22333033533,4.033019268442,1.51));
#6688 = LINE('',#6689,#6690);
#6689 = CARTESIAN_POINT('',(-66.489766,4.298744,1.51));
#6690 = VECTOR('',#6691,1.);
#6691 = DIRECTION('',(0.708050799923,-0.706161500458,0.));
#6692 = ORIENTED_EDGE('',*,*,#6693,.T.);
#6693 = EDGE_CURVE('',#6686,#6694,#6696,.T.);
#6694 = VERTEX_POINT('',#6695);
#6695 = CARTESIAN_POINT('',(-66.070002,4.519998,1.51));
#6696 = CIRCLE('',#6697,0.849999);
#6697 = AXIS2_PLACEMENT_3D('',#6698,#6699,#6700);
#6698 = CARTESIAN_POINT('',(-66.920001,4.519998,1.51));
#6699 = DIRECTION('',(0.,0.,1.));
#6700 = DIRECTION('',(1.,0.,-0.));
#6701 = ORIENTED_EDGE('',*,*,#6702,.T.);
#6702 = EDGE_CURVE('',#6694,#6703,#6705,.T.);
#6703 = VERTEX_POINT('',#6704);
#6704 = CARTESIAN_POINT('',(-66.43205997613,3.824000976134,1.51));
#6705 = CIRCLE('',#6706,0.849999);
#6706 = AXIS2_PLACEMENT_3D('',#6707,#6708,#6709);
#6707 = CARTESIAN_POINT('',(-66.920001,4.519998,1.51));
#6708 = DIRECTION('',(0.,0.,1.));
#6709 = DIRECTION('',(1.,0.,-0.));
#6710 = ORIENTED_EDGE('',*,*,#6711,.F.);
#6711 = EDGE_CURVE('',#6712,#6703,#6714,.T.);
#6712 = VERTEX_POINT('',#6713);
#6713 = CARTESIAN_POINT('',(-65.454336,2.846277,1.51));
#6714 = LINE('',#6715,#6716);
#6715 = CARTESIAN_POINT('',(-65.454336,2.846277,1.51));
#6716 = VECTOR('',#6717,1.);
#6717 = DIRECTION('',(-0.707106781187,0.707106781187,0.));
#6718 = ORIENTED_EDGE('',*,*,#6719,.F.);
#6719 = EDGE_CURVE('',#6720,#6712,#6722,.T.);
#6720 = VERTEX_POINT('',#6721);
#6721 = CARTESIAN_POINT('',(-65.400265,2.82388,1.51));
#6722 = LINE('',#6723,#6724);
#6723 = CARTESIAN_POINT('',(-65.400265,2.82388,1.51));
#6724 = VECTOR('',#6725,1.);
#6725 = DIRECTION('',(-0.923879179303,0.382684285085,0.));
#6726 = ORIENTED_EDGE('',*,*,#6727,.F.);
#6727 = EDGE_CURVE('',#6728,#6720,#6730,.T.);
#6728 = VERTEX_POINT('',#6729);
#6729 = CARTESIAN_POINT('',(-59.999738,2.82388,1.51));
#6730 = LINE('',#6731,#6732);
#6731 = CARTESIAN_POINT('',(-59.999738,2.82388,1.51));
#6732 = VECTOR('',#6733,1.);
#6733 = DIRECTION('',(-1.,0.,0.));
#6734 = ORIENTED_EDGE('',*,*,#6735,.F.);
#6735 = EDGE_CURVE('',#6736,#6728,#6738,.T.);
#6736 = VERTEX_POINT('',#6737);
#6737 = CARTESIAN_POINT('',(-59.945667,2.846277,1.51));
#6738 = LINE('',#6739,#6740);
#6739 = CARTESIAN_POINT('',(-59.945667,2.846277,1.51));
#6740 = VECTOR('',#6741,1.);
#6741 = DIRECTION('',(-0.923879179303,-0.382684285085,0.));
#6742 = ORIENTED_EDGE('',*,*,#6743,.F.);
#6743 = EDGE_CURVE('',#6744,#6736,#6746,.T.);
#6744 = VERTEX_POINT('',#6745);
#6745 = CARTESIAN_POINT('',(-57.68087,5.106998,1.51));
#6746 = LINE('',#6747,#6748);
#6747 = CARTESIAN_POINT('',(-57.68087,5.106998,1.51));
#6748 = VECTOR('',#6749,1.);
#6749 = DIRECTION('',(-0.707743364254,-0.706469624509,0.));
#6750 = ORIENTED_EDGE('',*,*,#6751,.F.);
#6751 = EDGE_CURVE('',#6752,#6744,#6754,.T.);
#6752 = VERTEX_POINT('',#6753);
#6753 = CARTESIAN_POINT('',(57.68087,5.106998,1.51));
#6754 = LINE('',#6755,#6756);
#6755 = CARTESIAN_POINT('',(57.68087,5.106998,1.51));
#6756 = VECTOR('',#6757,1.);
#6757 = DIRECTION('',(-1.,0.,0.));
#6758 = ORIENTED_EDGE('',*,*,#6759,.F.);
#6759 = EDGE_CURVE('',#6760,#6752,#6762,.T.);
#6760 = VERTEX_POINT('',#6761);
#6761 = CARTESIAN_POINT('',(59.945666,2.846277,1.51));
#6762 = LINE('',#6763,#6764);
#6763 = CARTESIAN_POINT('',(59.945666,2.846277,1.51));
#6764 = VECTOR('',#6765,1.);
#6765 = DIRECTION('',(-0.707743208287,0.706469780758,0.));
#6766 = ORIENTED_EDGE('',*,*,#6767,.F.);
#6767 = EDGE_CURVE('',#6768,#6760,#6770,.T.);
#6768 = VERTEX_POINT('',#6769);
#6769 = CARTESIAN_POINT('',(59.999738,2.82388,1.51));
#6770 = LINE('',#6771,#6772);
#6771 = CARTESIAN_POINT('',(59.999738,2.82388,1.51));
#6772 = VECTOR('',#6773,1.);
#6773 = DIRECTION('',(-0.923881681501,0.382678244204,0.));
#6774 = ORIENTED_EDGE('',*,*,#6775,.F.);
#6775 = EDGE_CURVE('',#6776,#6768,#6778,.T.);
#6776 = VERTEX_POINT('',#6777);
#6777 = CARTESIAN_POINT('',(65.400261,2.82388,1.51));
#6778 = LINE('',#6779,#6780);
#6779 = CARTESIAN_POINT('',(65.400261,2.82388,1.51));
#6780 = VECTOR('',#6781,1.);
#6781 = DIRECTION('',(-1.,0.,0.));
#6782 = ORIENTED_EDGE('',*,*,#6783,.F.);
#6783 = EDGE_CURVE('',#6784,#6776,#6786,.T.);
#6784 = VERTEX_POINT('',#6785);
#6785 = CARTESIAN_POINT('',(65.454332,2.846277,1.51));
#6786 = LINE('',#6787,#6788);
#6787 = CARTESIAN_POINT('',(65.454332,2.846277,1.51));
#6788 = VECTOR('',#6789,1.);
#6789 = DIRECTION('',(-0.923879179303,-0.382684285085,0.));
#6790 = ORIENTED_EDGE('',*,*,#6791,.F.);
#6791 = EDGE_CURVE('',#6792,#6784,#6794,.T.);
#6792 = VERTEX_POINT('',#6793);
#6793 = CARTESIAN_POINT('',(66.432055514035,3.824001300098,1.51));
#6794 = LINE('',#6795,#6796);
#6795 = CARTESIAN_POINT('',(66.698155,4.090101,1.51));
#6796 = VECTOR('',#6797,1.);
#6797 = DIRECTION('',(-0.707106496939,-0.707107065434,0.));
#6798 = ORIENTED_EDGE('',*,*,#6799,.T.);
#6799 = EDGE_CURVE('',#6792,#6800,#6802,.T.);
#6800 = VERTEX_POINT('',#6801);
#6801 = CARTESIAN_POINT('',(67.769996,4.519998,1.51));
#6802 = CIRCLE('',#6803,0.849999);
#6803 = AXIS2_PLACEMENT_3D('',#6804,#6805,#6806);
#6804 = CARTESIAN_POINT('',(66.919997,4.519998,1.51));
#6805 = DIRECTION('',(0.,0.,1.));
#6806 = DIRECTION('',(1.,0.,-0.));
#6807 = ORIENTED_EDGE('',*,*,#6808,.T.);
#6808 = EDGE_CURVE('',#6800,#6809,#6811,.T.);
#6809 = VERTEX_POINT('',#6810);
#6810 = CARTESIAN_POINT('',(66.22332569914,4.033020178576,1.51));
#6811 = CIRCLE('',#6812,0.849999);
#6812 = AXIS2_PLACEMENT_3D('',#6813,#6814,#6815);
#6813 = CARTESIAN_POINT('',(66.919997,4.519998,1.51));
#6814 = DIRECTION('',(0.,0.,1.));
#6815 = DIRECTION('',(1.,0.,-0.));
#6816 = ORIENTED_EDGE('',*,*,#6817,.F.);
#6817 = EDGE_CURVE('',#6818,#6809,#6820,.T.);
#6818 = VERTEX_POINT('',#6819);
#6819 = CARTESIAN_POINT('',(65.308865,3.120998,1.51));
#6820 = LINE('',#6821,#6822);
#6821 = CARTESIAN_POINT('',(65.308865,3.120998,1.51));
#6822 = VECTOR('',#6823,1.);
#6823 = DIRECTION('',(0.708050201937,0.706162100043,0.));
#6824 = ORIENTED_EDGE('',*,*,#6825,.F.);
#6825 = EDGE_CURVE('',#6826,#6818,#6828,.T.);
#6826 = VERTEX_POINT('',#6827);
#6827 = CARTESIAN_POINT('',(60.091134,3.120998,1.51));
#6828 = LINE('',#6829,#6830);
#6829 = CARTESIAN_POINT('',(60.091134,3.120998,1.51));
#6830 = VECTOR('',#6831,1.);
#6831 = DIRECTION('',(1.,0.,0.));
#6832 = ORIENTED_EDGE('',*,*,#6833,.F.);
#6833 = EDGE_CURVE('',#6834,#6826,#6836,.T.);
#6834 = VERTEX_POINT('',#6835);
#6835 = CARTESIAN_POINT('',(57.826337,5.381719,1.51));
#6836 = LINE('',#6837,#6838);
#6837 = CARTESIAN_POINT('',(57.826337,5.381719,1.51));
#6838 = VECTOR('',#6839,1.);
#6839 = DIRECTION('',(0.707743364254,-0.706469624509,0.));
#6840 = ORIENTED_EDGE('',*,*,#6841,.F.);
#6841 = EDGE_CURVE('',#6654,#6834,#6842,.T.);
#6842 = LINE('',#6843,#6844);
#6843 = CARTESIAN_POINT('',(57.772266,5.404116,1.51));
#6844 = VECTOR('',#6845,1.);
#6845 = DIRECTION('',(0.923879179303,-0.382684285085,0.));
#6846 = ORIENTED_EDGE('',*,*,#6661,.F.);
#6847 = FACE_BOUND('',#6848,.F.);
#6848 = EDGE_LOOP('',(#6849));
#6849 = ORIENTED_EDGE('',*,*,#6850,.F.);
#6850 = EDGE_CURVE('',#6851,#6851,#6853,.T.);
#6851 = VERTEX_POINT('',#6852);
#6852 = CARTESIAN_POINT('',(66.919997,4.019998,1.51));
#6853 = CIRCLE('',#6854,0.5);
#6854 = AXIS2_PLACEMENT_3D('',#6855,#6856,#6857);
#6855 = CARTESIAN_POINT('',(66.919997,4.519998,1.51));
#6856 = DIRECTION('',(0.,0.,1.));
#6857 = DIRECTION('',(-0.,-1.,0.));
#6858 = FACE_BOUND('',#6859,.F.);
#6859 = EDGE_LOOP('',(#6860));
#6860 = ORIENTED_EDGE('',*,*,#6861,.F.);
#6861 = EDGE_CURVE('',#6862,#6862,#6864,.T.);
#6862 = VERTEX_POINT('',#6863);
#6863 = CARTESIAN_POINT('',(-66.920001,4.019998,1.51));
#6864 = CIRCLE('',#6865,0.5);
#6865 = AXIS2_PLACEMENT_3D('',#6866,#6867,#6868);
#6866 = CARTESIAN_POINT('',(-66.920001,4.519998,1.51));
#6867 = DIRECTION('',(0.,0.,1.));
#6868 = DIRECTION('',(0.,-1.,0.));
#6869 = PLANE('',#6870);
#6870 = AXIS2_PLACEMENT_3D('',#6871,#6872,#6873);
#6871 = CARTESIAN_POINT('',(0.,0.,1.51));
#6872 = DIRECTION('',(0.,0.,1.));
#6873 = DIRECTION('',(1.,0.,-0.));
#6874 = ADVANCED_FACE('',(#6875),#7032,.T.);
#6875 = FACE_BOUND('',#6876,.T.);
#6876 = EDGE_LOOP('',(#6877,#6878,#6879,#6887,#6895,#6904,#6912,#6920,
    #6928,#6936,#6944,#6952,#6960,#6968,#6976,#6984,#6992,#7001,#7009,
    #7017,#7025,#7031));
#6877 = ORIENTED_EDGE('',*,*,#6583,.F.);
#6878 = ORIENTED_EDGE('',*,*,#6623,.F.);
#6879 = ORIENTED_EDGE('',*,*,#6880,.F.);
#6880 = EDGE_CURVE('',#6881,#6616,#6883,.T.);
#6881 = VERTEX_POINT('',#6882);
#6882 = CARTESIAN_POINT('',(-65.308869,3.120998,1.545));
#6883 = LINE('',#6884,#6885);
#6884 = CARTESIAN_POINT('',(-65.308869,3.120998,1.545));
#6885 = VECTOR('',#6886,1.);
#6886 = DIRECTION('',(1.,0.,0.));
#6887 = ORIENTED_EDGE('',*,*,#6888,.F.);
#6888 = EDGE_CURVE('',#6889,#6881,#6891,.T.);
#6889 = VERTEX_POINT('',#6890);
#6890 = CARTESIAN_POINT('',(-66.22333033533,4.033019268443,1.545));
#6891 = LINE('',#6892,#6893);
#6892 = CARTESIAN_POINT('',(-66.489766,4.298744,1.545));
#6893 = VECTOR('',#6894,1.);
#6894 = DIRECTION('',(0.708050799923,-0.706161500458,0.));
#6895 = ORIENTED_EDGE('',*,*,#6896,.T.);
#6896 = EDGE_CURVE('',#6889,#6897,#6899,.T.);
#6897 = VERTEX_POINT('',#6898);
#6898 = CARTESIAN_POINT('',(-66.43205997613,3.824000976135,1.545));
#6899 = CIRCLE('',#6900,0.849999);
#6900 = AXIS2_PLACEMENT_3D('',#6901,#6902,#6903);
#6901 = CARTESIAN_POINT('',(-66.920001,4.519998,1.545));
#6902 = DIRECTION('',(0.,-0.,-1.));
#6903 = DIRECTION('',(1.,0.,-0.));
#6904 = ORIENTED_EDGE('',*,*,#6905,.F.);
#6905 = EDGE_CURVE('',#6906,#6897,#6908,.T.);
#6906 = VERTEX_POINT('',#6907);
#6907 = CARTESIAN_POINT('',(-65.454336,2.846277,1.545));
#6908 = LINE('',#6909,#6910);
#6909 = CARTESIAN_POINT('',(-65.454336,2.846277,1.545));
#6910 = VECTOR('',#6911,1.);
#6911 = DIRECTION('',(-0.707106781187,0.707106781187,0.));
#6912 = ORIENTED_EDGE('',*,*,#6913,.F.);
#6913 = EDGE_CURVE('',#6914,#6906,#6916,.T.);
#6914 = VERTEX_POINT('',#6915);
#6915 = CARTESIAN_POINT('',(-65.400265,2.82388,1.545));
#6916 = LINE('',#6917,#6918);
#6917 = CARTESIAN_POINT('',(-65.400265,2.82388,1.545));
#6918 = VECTOR('',#6919,1.);
#6919 = DIRECTION('',(-0.923879179303,0.382684285085,0.));
#6920 = ORIENTED_EDGE('',*,*,#6921,.F.);
#6921 = EDGE_CURVE('',#6922,#6914,#6924,.T.);
#6922 = VERTEX_POINT('',#6923);
#6923 = CARTESIAN_POINT('',(-59.999738,2.82388,1.545));
#6924 = LINE('',#6925,#6926);
#6925 = CARTESIAN_POINT('',(-59.999738,2.82388,1.545));
#6926 = VECTOR('',#6927,1.);
#6927 = DIRECTION('',(-1.,0.,0.));
#6928 = ORIENTED_EDGE('',*,*,#6929,.F.);
#6929 = EDGE_CURVE('',#6930,#6922,#6932,.T.);
#6930 = VERTEX_POINT('',#6931);
#6931 = CARTESIAN_POINT('',(-59.945667,2.846277,1.545));
#6932 = LINE('',#6933,#6934);
#6933 = CARTESIAN_POINT('',(-59.945667,2.846277,1.545));
#6934 = VECTOR('',#6935,1.);
#6935 = DIRECTION('',(-0.923879179303,-0.382684285085,0.));
#6936 = ORIENTED_EDGE('',*,*,#6937,.F.);
#6937 = EDGE_CURVE('',#6938,#6930,#6940,.T.);
#6938 = VERTEX_POINT('',#6939);
#6939 = CARTESIAN_POINT('',(-57.68087,5.106998,1.545));
#6940 = LINE('',#6941,#6942);
#6941 = CARTESIAN_POINT('',(-57.68087,5.106998,1.545));
#6942 = VECTOR('',#6943,1.);
#6943 = DIRECTION('',(-0.707743364254,-0.706469624509,0.));
#6944 = ORIENTED_EDGE('',*,*,#6945,.F.);
#6945 = EDGE_CURVE('',#6946,#6938,#6948,.T.);
#6946 = VERTEX_POINT('',#6947);
#6947 = CARTESIAN_POINT('',(57.68087,5.106998,1.545));
#6948 = LINE('',#6949,#6950);
#6949 = CARTESIAN_POINT('',(57.68087,5.106998,1.545));
#6950 = VECTOR('',#6951,1.);
#6951 = DIRECTION('',(-1.,0.,0.));
#6952 = ORIENTED_EDGE('',*,*,#6953,.F.);
#6953 = EDGE_CURVE('',#6954,#6946,#6956,.T.);
#6954 = VERTEX_POINT('',#6955);
#6955 = CARTESIAN_POINT('',(59.945666,2.846277,1.545));
#6956 = LINE('',#6957,#6958);
#6957 = CARTESIAN_POINT('',(59.945666,2.846277,1.545));
#6958 = VECTOR('',#6959,1.);
#6959 = DIRECTION('',(-0.707743208287,0.706469780758,0.));
#6960 = ORIENTED_EDGE('',*,*,#6961,.F.);
#6961 = EDGE_CURVE('',#6962,#6954,#6964,.T.);
#6962 = VERTEX_POINT('',#6963);
#6963 = CARTESIAN_POINT('',(59.999738,2.82388,1.545));
#6964 = LINE('',#6965,#6966);
#6965 = CARTESIAN_POINT('',(59.999738,2.82388,1.545));
#6966 = VECTOR('',#6967,1.);
#6967 = DIRECTION('',(-0.923881681501,0.382678244204,0.));
#6968 = ORIENTED_EDGE('',*,*,#6969,.F.);
#6969 = EDGE_CURVE('',#6970,#6962,#6972,.T.);
#6970 = VERTEX_POINT('',#6971);
#6971 = CARTESIAN_POINT('',(65.400261,2.82388,1.545));
#6972 = LINE('',#6973,#6974);
#6973 = CARTESIAN_POINT('',(65.400261,2.82388,1.545));
#6974 = VECTOR('',#6975,1.);
#6975 = DIRECTION('',(-1.,0.,0.));
#6976 = ORIENTED_EDGE('',*,*,#6977,.F.);
#6977 = EDGE_CURVE('',#6978,#6970,#6980,.T.);
#6978 = VERTEX_POINT('',#6979);
#6979 = CARTESIAN_POINT('',(65.454332,2.846277,1.545));
#6980 = LINE('',#6981,#6982);
#6981 = CARTESIAN_POINT('',(65.454332,2.846277,1.545));
#6982 = VECTOR('',#6983,1.);
#6983 = DIRECTION('',(-0.923879179303,-0.382684285085,0.));
#6984 = ORIENTED_EDGE('',*,*,#6985,.F.);
#6985 = EDGE_CURVE('',#6986,#6978,#6988,.T.);
#6986 = VERTEX_POINT('',#6987);
#6987 = CARTESIAN_POINT('',(66.432055514035,3.824001300098,1.545));
#6988 = LINE('',#6989,#6990);
#6989 = CARTESIAN_POINT('',(66.698155,4.090101,1.545));
#6990 = VECTOR('',#6991,1.);
#6991 = DIRECTION('',(-0.707106496939,-0.707107065434,0.));
#6992 = ORIENTED_EDGE('',*,*,#6993,.T.);
#6993 = EDGE_CURVE('',#6986,#6994,#6996,.T.);
#6994 = VERTEX_POINT('',#6995);
#6995 = CARTESIAN_POINT('',(66.223325699139,4.033020178575,1.545));
#6996 = CIRCLE('',#6997,0.849999);
#6997 = AXIS2_PLACEMENT_3D('',#6998,#6999,#7000);
#6998 = CARTESIAN_POINT('',(66.919997,4.519998,1.545));
#6999 = DIRECTION('',(0.,-0.,-1.));
#7000 = DIRECTION('',(1.,0.,-0.));
#7001 = ORIENTED_EDGE('',*,*,#7002,.F.);
#7002 = EDGE_CURVE('',#7003,#6994,#7005,.T.);
#7003 = VERTEX_POINT('',#7004);
#7004 = CARTESIAN_POINT('',(65.308865,3.120998,1.545));
#7005 = LINE('',#7006,#7007);
#7006 = CARTESIAN_POINT('',(65.308865,3.120998,1.545));
#7007 = VECTOR('',#7008,1.);
#7008 = DIRECTION('',(0.708050201937,0.706162100043,0.));
#7009 = ORIENTED_EDGE('',*,*,#7010,.F.);
#7010 = EDGE_CURVE('',#7011,#7003,#7013,.T.);
#7011 = VERTEX_POINT('',#7012);
#7012 = CARTESIAN_POINT('',(60.091134,3.120998,1.545));
#7013 = LINE('',#7014,#7015);
#7014 = CARTESIAN_POINT('',(60.091134,3.120998,1.545));
#7015 = VECTOR('',#7016,1.);
#7016 = DIRECTION('',(1.,0.,0.));
#7017 = ORIENTED_EDGE('',*,*,#7018,.F.);
#7018 = EDGE_CURVE('',#7019,#7011,#7021,.T.);
#7019 = VERTEX_POINT('',#7020);
#7020 = CARTESIAN_POINT('',(57.826337,5.381719,1.545));
#7021 = LINE('',#7022,#7023);
#7022 = CARTESIAN_POINT('',(57.826337,5.381719,1.545));
#7023 = VECTOR('',#7024,1.);
#7024 = DIRECTION('',(0.707743364254,-0.706469624509,0.));
#7025 = ORIENTED_EDGE('',*,*,#7026,.F.);
#7026 = EDGE_CURVE('',#6646,#7019,#7027,.T.);
#7027 = LINE('',#7028,#7029);
#7028 = CARTESIAN_POINT('',(57.772266,5.404116,1.545));
#7029 = VECTOR('',#7030,1.);
#7030 = DIRECTION('',(0.923879179303,-0.382684285085,0.));
#7031 = ORIENTED_EDGE('',*,*,#6645,.F.);
#7032 = PLANE('',#7033);
#7033 = AXIS2_PLACEMENT_3D('',#7034,#7035,#7036);
#7034 = CARTESIAN_POINT('',(0.,0.,1.545));
#7035 = DIRECTION('',(0.,0.,1.));
#7036 = DIRECTION('',(1.,0.,-0.));
#7037 = ADVANCED_FACE('',(#7038),#7049,.T.);
#7038 = FACE_BOUND('',#7039,.T.);
#7039 = EDGE_LOOP('',(#7040,#7046,#7047,#7048));
#7040 = ORIENTED_EDGE('',*,*,#7041,.T.);
#7041 = EDGE_CURVE('',#6678,#6881,#7042,.T.);
#7042 = LINE('',#7043,#7044);
#7043 = CARTESIAN_POINT('',(-65.308869,3.120998,1.51));
#7044 = VECTOR('',#7045,1.);
#7045 = DIRECTION('',(0.,0.,1.));
#7046 = ORIENTED_EDGE('',*,*,#6880,.T.);
#7047 = ORIENTED_EDGE('',*,*,#6613,.F.);
#7048 = ORIENTED_EDGE('',*,*,#6677,.F.);
#7049 = PLANE('',#7050);
#7050 = AXIS2_PLACEMENT_3D('',#7051,#7052,#7053);
#7051 = CARTESIAN_POINT('',(-65.308869,3.120998,1.51));
#7052 = DIRECTION('',(0.,1.,0.));
#7053 = DIRECTION('',(1.,0.,0.));
#7054 = ADVANCED_FACE('',(#7055),#7066,.T.);
#7055 = FACE_BOUND('',#7056,.T.);
#7056 = EDGE_LOOP('',(#7057,#7058,#7059,#7065));
#7057 = ORIENTED_EDGE('',*,*,#6653,.T.);
#7058 = ORIENTED_EDGE('',*,*,#7026,.T.);
#7059 = ORIENTED_EDGE('',*,*,#7060,.F.);
#7060 = EDGE_CURVE('',#6834,#7019,#7061,.T.);
#7061 = LINE('',#7062,#7063);
#7062 = CARTESIAN_POINT('',(57.826337,5.381719,1.51));
#7063 = VECTOR('',#7064,1.);
#7064 = DIRECTION('',(0.,0.,1.));
#7065 = ORIENTED_EDGE('',*,*,#6841,.F.);
#7066 = PLANE('',#7067);
#7067 = AXIS2_PLACEMENT_3D('',#7068,#7069,#7070);
#7068 = CARTESIAN_POINT('',(57.772266,5.404116,1.51));
#7069 = DIRECTION('',(0.382684285085,0.923879179303,-0.));
#7070 = DIRECTION('',(0.923879179303,-0.382684285085,0.));
#7071 = ADVANCED_FACE('',(#7072),#7083,.T.);
#7072 = FACE_BOUND('',#7073,.T.);
#7073 = EDGE_LOOP('',(#7074,#7075,#7076,#7082));
#7074 = ORIENTED_EDGE('',*,*,#7060,.T.);
#7075 = ORIENTED_EDGE('',*,*,#7018,.T.);
#7076 = ORIENTED_EDGE('',*,*,#7077,.F.);
#7077 = EDGE_CURVE('',#6826,#7011,#7078,.T.);
#7078 = LINE('',#7079,#7080);
#7079 = CARTESIAN_POINT('',(60.091134,3.120998,1.51));
#7080 = VECTOR('',#7081,1.);
#7081 = DIRECTION('',(0.,0.,1.));
#7082 = ORIENTED_EDGE('',*,*,#6833,.F.);
#7083 = PLANE('',#7084);
#7084 = AXIS2_PLACEMENT_3D('',#7085,#7086,#7087);
#7085 = CARTESIAN_POINT('',(57.826337,5.381719,1.51));
#7086 = DIRECTION('',(0.706469624509,0.707743364254,-0.));
#7087 = DIRECTION('',(0.707743364254,-0.706469624509,0.));
#7088 = ADVANCED_FACE('',(#7089),#7100,.T.);
#7089 = FACE_BOUND('',#7090,.T.);
#7090 = EDGE_LOOP('',(#7091,#7092,#7093,#7099));
#7091 = ORIENTED_EDGE('',*,*,#7077,.T.);
#7092 = ORIENTED_EDGE('',*,*,#7010,.T.);
#7093 = ORIENTED_EDGE('',*,*,#7094,.F.);
#7094 = EDGE_CURVE('',#6818,#7003,#7095,.T.);
#7095 = LINE('',#7096,#7097);
#7096 = CARTESIAN_POINT('',(65.308865,3.120998,1.51));
#7097 = VECTOR('',#7098,1.);
#7098 = DIRECTION('',(0.,0.,1.));
#7099 = ORIENTED_EDGE('',*,*,#6825,.F.);
#7100 = PLANE('',#7101);
#7101 = AXIS2_PLACEMENT_3D('',#7102,#7103,#7104);
#7102 = CARTESIAN_POINT('',(60.091134,3.120998,1.51));
#7103 = DIRECTION('',(0.,1.,0.));
#7104 = DIRECTION('',(1.,0.,0.));
#7105 = ADVANCED_FACE('',(#7106),#7117,.T.);
#7106 = FACE_BOUND('',#7107,.T.);
#7107 = EDGE_LOOP('',(#7108,#7109,#7110,#7111));
#7108 = ORIENTED_EDGE('',*,*,#6817,.F.);
#7109 = ORIENTED_EDGE('',*,*,#7094,.T.);
#7110 = ORIENTED_EDGE('',*,*,#7002,.T.);
#7111 = ORIENTED_EDGE('',*,*,#7112,.T.);
#7112 = EDGE_CURVE('',#6994,#6809,#7113,.T.);
#7113 = LINE('',#7114,#7115);
#7114 = CARTESIAN_POINT('',(66.22332569914,4.033020178576,1.51));
#7115 = VECTOR('',#7116,1.);
#7116 = DIRECTION('',(-0.,-0.,-1.));
#7117 = PLANE('',#7118);
#7118 = AXIS2_PLACEMENT_3D('',#7119,#7120,#7121);
#7119 = CARTESIAN_POINT('',(65.308865,3.120998,1.51));
#7120 = DIRECTION('',(-0.706162100043,0.708050201937,0.));
#7121 = DIRECTION('',(0.708050201937,0.706162100043,0.));
#7122 = ADVANCED_FACE('',(#7123),#7139,.T.);
#7123 = FACE_BOUND('',#7124,.T.);
#7124 = EDGE_LOOP('',(#7125,#7131,#7132,#7138));
#7125 = ORIENTED_EDGE('',*,*,#7126,.F.);
#7126 = EDGE_CURVE('',#6986,#6792,#7127,.T.);
#7127 = LINE('',#7128,#7129);
#7128 = CARTESIAN_POINT('',(66.432055514035,3.824001300098,1.51));
#7129 = VECTOR('',#7130,1.);
#7130 = DIRECTION('',(-0.,-0.,-1.));
#7131 = ORIENTED_EDGE('',*,*,#6985,.T.);
#7132 = ORIENTED_EDGE('',*,*,#7133,.F.);
#7133 = EDGE_CURVE('',#6784,#6978,#7134,.T.);
#7134 = LINE('',#7135,#7136);
#7135 = CARTESIAN_POINT('',(65.454332,2.846277,1.51));
#7136 = VECTOR('',#7137,1.);
#7137 = DIRECTION('',(0.,0.,1.));
#7138 = ORIENTED_EDGE('',*,*,#6791,.F.);
#7139 = PLANE('',#7140);
#7140 = AXIS2_PLACEMENT_3D('',#7141,#7142,#7143);
#7141 = CARTESIAN_POINT('',(66.698155,4.090101,1.51));
#7142 = DIRECTION('',(0.707107065434,-0.707106496939,0.));
#7143 = DIRECTION('',(-0.707106496939,-0.707107065434,0.));
#7144 = ADVANCED_FACE('',(#7145),#7156,.T.);
#7145 = FACE_BOUND('',#7146,.T.);
#7146 = EDGE_LOOP('',(#7147,#7148,#7149,#7155));
#7147 = ORIENTED_EDGE('',*,*,#7133,.T.);
#7148 = ORIENTED_EDGE('',*,*,#6977,.T.);
#7149 = ORIENTED_EDGE('',*,*,#7150,.F.);
#7150 = EDGE_CURVE('',#6776,#6970,#7151,.T.);
#7151 = LINE('',#7152,#7153);
#7152 = CARTESIAN_POINT('',(65.400261,2.82388,1.51));
#7153 = VECTOR('',#7154,1.);
#7154 = DIRECTION('',(0.,0.,1.));
#7155 = ORIENTED_EDGE('',*,*,#6783,.F.);
#7156 = PLANE('',#7157);
#7157 = AXIS2_PLACEMENT_3D('',#7158,#7159,#7160);
#7158 = CARTESIAN_POINT('',(65.454332,2.846277,1.51));
#7159 = DIRECTION('',(0.382684285085,-0.923879179303,0.));
#7160 = DIRECTION('',(-0.923879179303,-0.382684285085,0.));
#7161 = ADVANCED_FACE('',(#7162),#7173,.T.);
#7162 = FACE_BOUND('',#7163,.T.);
#7163 = EDGE_LOOP('',(#7164,#7165,#7166,#7172));
#7164 = ORIENTED_EDGE('',*,*,#7150,.T.);
#7165 = ORIENTED_EDGE('',*,*,#6969,.T.);
#7166 = ORIENTED_EDGE('',*,*,#7167,.F.);
#7167 = EDGE_CURVE('',#6768,#6962,#7168,.T.);
#7168 = LINE('',#7169,#7170);
#7169 = CARTESIAN_POINT('',(59.999738,2.82388,1.51));
#7170 = VECTOR('',#7171,1.);
#7171 = DIRECTION('',(0.,0.,1.));
#7172 = ORIENTED_EDGE('',*,*,#6775,.F.);
#7173 = PLANE('',#7174);
#7174 = AXIS2_PLACEMENT_3D('',#7175,#7176,#7177);
#7175 = CARTESIAN_POINT('',(65.400261,2.82388,1.51));
#7176 = DIRECTION('',(0.,-1.,0.));
#7177 = DIRECTION('',(-1.,0.,0.));
#7178 = ADVANCED_FACE('',(#7179),#7190,.T.);
#7179 = FACE_BOUND('',#7180,.T.);
#7180 = EDGE_LOOP('',(#7181,#7182,#7183,#7189));
#7181 = ORIENTED_EDGE('',*,*,#7167,.T.);
#7182 = ORIENTED_EDGE('',*,*,#6961,.T.);
#7183 = ORIENTED_EDGE('',*,*,#7184,.F.);
#7184 = EDGE_CURVE('',#6760,#6954,#7185,.T.);
#7185 = LINE('',#7186,#7187);
#7186 = CARTESIAN_POINT('',(59.945666,2.846277,1.51));
#7187 = VECTOR('',#7188,1.);
#7188 = DIRECTION('',(0.,0.,1.));
#7189 = ORIENTED_EDGE('',*,*,#6767,.F.);
#7190 = PLANE('',#7191);
#7191 = AXIS2_PLACEMENT_3D('',#7192,#7193,#7194);
#7192 = CARTESIAN_POINT('',(59.999738,2.82388,1.51));
#7193 = DIRECTION('',(-0.382678244204,-0.923881681501,0.));
#7194 = DIRECTION('',(-0.923881681501,0.382678244204,0.));
#7195 = ADVANCED_FACE('',(#7196),#7207,.T.);
#7196 = FACE_BOUND('',#7197,.T.);
#7197 = EDGE_LOOP('',(#7198,#7199,#7200,#7206));
#7198 = ORIENTED_EDGE('',*,*,#7184,.T.);
#7199 = ORIENTED_EDGE('',*,*,#6953,.T.);
#7200 = ORIENTED_EDGE('',*,*,#7201,.F.);
#7201 = EDGE_CURVE('',#6752,#6946,#7202,.T.);
#7202 = LINE('',#7203,#7204);
#7203 = CARTESIAN_POINT('',(57.68087,5.106998,1.51));
#7204 = VECTOR('',#7205,1.);
#7205 = DIRECTION('',(0.,0.,1.));
#7206 = ORIENTED_EDGE('',*,*,#6759,.F.);
#7207 = PLANE('',#7208);
#7208 = AXIS2_PLACEMENT_3D('',#7209,#7210,#7211);
#7209 = CARTESIAN_POINT('',(59.945666,2.846277,1.51));
#7210 = DIRECTION('',(-0.706469780758,-0.707743208287,0.));
#7211 = DIRECTION('',(-0.707743208287,0.706469780758,0.));
#7212 = ADVANCED_FACE('',(#7213),#7224,.T.);
#7213 = FACE_BOUND('',#7214,.T.);
#7214 = EDGE_LOOP('',(#7215,#7216,#7217,#7223));
#7215 = ORIENTED_EDGE('',*,*,#7201,.T.);
#7216 = ORIENTED_EDGE('',*,*,#6945,.T.);
#7217 = ORIENTED_EDGE('',*,*,#7218,.F.);
#7218 = EDGE_CURVE('',#6744,#6938,#7219,.T.);
#7219 = LINE('',#7220,#7221);
#7220 = CARTESIAN_POINT('',(-57.68087,5.106998,1.51));
#7221 = VECTOR('',#7222,1.);
#7222 = DIRECTION('',(0.,0.,1.));
#7223 = ORIENTED_EDGE('',*,*,#6751,.F.);
#7224 = PLANE('',#7225);
#7225 = AXIS2_PLACEMENT_3D('',#7226,#7227,#7228);
#7226 = CARTESIAN_POINT('',(57.68087,5.106998,1.51));
#7227 = DIRECTION('',(0.,-1.,0.));
#7228 = DIRECTION('',(-1.,0.,0.));
#7229 = ADVANCED_FACE('',(#7230),#7241,.T.);
#7230 = FACE_BOUND('',#7231,.T.);
#7231 = EDGE_LOOP('',(#7232,#7233,#7234,#7240));
#7232 = ORIENTED_EDGE('',*,*,#7218,.T.);
#7233 = ORIENTED_EDGE('',*,*,#6937,.T.);
#7234 = ORIENTED_EDGE('',*,*,#7235,.F.);
#7235 = EDGE_CURVE('',#6736,#6930,#7236,.T.);
#7236 = LINE('',#7237,#7238);
#7237 = CARTESIAN_POINT('',(-59.945667,2.846277,1.51));
#7238 = VECTOR('',#7239,1.);
#7239 = DIRECTION('',(0.,0.,1.));
#7240 = ORIENTED_EDGE('',*,*,#6743,.F.);
#7241 = PLANE('',#7242);
#7242 = AXIS2_PLACEMENT_3D('',#7243,#7244,#7245);
#7243 = CARTESIAN_POINT('',(-57.68087,5.106998,1.51));
#7244 = DIRECTION('',(0.706469624509,-0.707743364254,0.));
#7245 = DIRECTION('',(-0.707743364254,-0.706469624509,0.));
#7246 = ADVANCED_FACE('',(#7247),#7258,.T.);
#7247 = FACE_BOUND('',#7248,.T.);
#7248 = EDGE_LOOP('',(#7249,#7250,#7251,#7257));
#7249 = ORIENTED_EDGE('',*,*,#7235,.T.);
#7250 = ORIENTED_EDGE('',*,*,#6929,.T.);
#7251 = ORIENTED_EDGE('',*,*,#7252,.F.);
#7252 = EDGE_CURVE('',#6728,#6922,#7253,.T.);
#7253 = LINE('',#7254,#7255);
#7254 = CARTESIAN_POINT('',(-59.999738,2.82388,1.51));
#7255 = VECTOR('',#7256,1.);
#7256 = DIRECTION('',(0.,0.,1.));
#7257 = ORIENTED_EDGE('',*,*,#6735,.F.);
#7258 = PLANE('',#7259);
#7259 = AXIS2_PLACEMENT_3D('',#7260,#7261,#7262);
#7260 = CARTESIAN_POINT('',(-59.945667,2.846277,1.51));
#7261 = DIRECTION('',(0.382684285085,-0.923879179303,0.));
#7262 = DIRECTION('',(-0.923879179303,-0.382684285085,0.));
#7263 = ADVANCED_FACE('',(#7264),#7275,.T.);
#7264 = FACE_BOUND('',#7265,.T.);
#7265 = EDGE_LOOP('',(#7266,#7267,#7268,#7274));
#7266 = ORIENTED_EDGE('',*,*,#7252,.T.);
#7267 = ORIENTED_EDGE('',*,*,#6921,.T.);
#7268 = ORIENTED_EDGE('',*,*,#7269,.F.);
#7269 = EDGE_CURVE('',#6720,#6914,#7270,.T.);
#7270 = LINE('',#7271,#7272);
#7271 = CARTESIAN_POINT('',(-65.400265,2.82388,1.51));
#7272 = VECTOR('',#7273,1.);
#7273 = DIRECTION('',(0.,0.,1.));
#7274 = ORIENTED_EDGE('',*,*,#6727,.F.);
#7275 = PLANE('',#7276);
#7276 = AXIS2_PLACEMENT_3D('',#7277,#7278,#7279);
#7277 = CARTESIAN_POINT('',(-59.999738,2.82388,1.51));
#7278 = DIRECTION('',(0.,-1.,0.));
#7279 = DIRECTION('',(-1.,0.,0.));
#7280 = ADVANCED_FACE('',(#7281),#7292,.T.);
#7281 = FACE_BOUND('',#7282,.T.);
#7282 = EDGE_LOOP('',(#7283,#7284,#7285,#7291));
#7283 = ORIENTED_EDGE('',*,*,#7269,.T.);
#7284 = ORIENTED_EDGE('',*,*,#6913,.T.);
#7285 = ORIENTED_EDGE('',*,*,#7286,.F.);
#7286 = EDGE_CURVE('',#6712,#6906,#7287,.T.);
#7287 = LINE('',#7288,#7289);
#7288 = CARTESIAN_POINT('',(-65.454336,2.846277,1.51));
#7289 = VECTOR('',#7290,1.);
#7290 = DIRECTION('',(0.,0.,1.));
#7291 = ORIENTED_EDGE('',*,*,#6719,.F.);
#7292 = PLANE('',#7293);
#7293 = AXIS2_PLACEMENT_3D('',#7294,#7295,#7296);
#7294 = CARTESIAN_POINT('',(-65.400265,2.82388,1.51));
#7295 = DIRECTION('',(-0.382684285085,-0.923879179303,0.));
#7296 = DIRECTION('',(-0.923879179303,0.382684285085,0.));
#7297 = ADVANCED_FACE('',(#7298),#7309,.T.);
#7298 = FACE_BOUND('',#7299,.T.);
#7299 = EDGE_LOOP('',(#7300,#7301,#7302,#7303));
#7300 = ORIENTED_EDGE('',*,*,#6711,.F.);
#7301 = ORIENTED_EDGE('',*,*,#7286,.T.);
#7302 = ORIENTED_EDGE('',*,*,#6905,.T.);
#7303 = ORIENTED_EDGE('',*,*,#7304,.T.);
#7304 = EDGE_CURVE('',#6897,#6703,#7305,.T.);
#7305 = LINE('',#7306,#7307);
#7306 = CARTESIAN_POINT('',(-66.43205997613,3.824000976134,1.51));
#7307 = VECTOR('',#7308,1.);
#7308 = DIRECTION('',(-0.,-0.,-1.));
#7309 = PLANE('',#7310);
#7310 = AXIS2_PLACEMENT_3D('',#7311,#7312,#7313);
#7311 = CARTESIAN_POINT('',(-65.454336,2.846277,1.51));
#7312 = DIRECTION('',(-0.707106781187,-0.707106781187,0.));
#7313 = DIRECTION('',(-0.707106781187,0.707106781187,0.));
#7314 = ADVANCED_FACE('',(#7315),#7326,.T.);
#7315 = FACE_BOUND('',#7316,.T.);
#7316 = EDGE_LOOP('',(#7317,#7323,#7324,#7325));
#7317 = ORIENTED_EDGE('',*,*,#7318,.F.);
#7318 = EDGE_CURVE('',#6889,#6686,#7319,.T.);
#7319 = LINE('',#7320,#7321);
#7320 = CARTESIAN_POINT('',(-66.22333033533,4.033019268442,1.51));
#7321 = VECTOR('',#7322,1.);
#7322 = DIRECTION('',(-0.,-0.,-1.));
#7323 = ORIENTED_EDGE('',*,*,#6888,.T.);
#7324 = ORIENTED_EDGE('',*,*,#7041,.F.);
#7325 = ORIENTED_EDGE('',*,*,#6685,.F.);
#7326 = PLANE('',#7327);
#7327 = AXIS2_PLACEMENT_3D('',#7328,#7329,#7330);
#7328 = CARTESIAN_POINT('',(-66.489766,4.298744,1.51));
#7329 = DIRECTION('',(0.706161500458,0.708050799923,-0.));
#7330 = DIRECTION('',(0.708050799923,-0.706161500458,0.));
#7331 = ADVANCED_FACE('',(#7332),#7355,.T.);
#7332 = FACE_BOUND('',#7333,.F.);
#7333 = EDGE_LOOP('',(#7334,#7335,#7343,#7350,#7351,#7352,#7353,#7354));
#7334 = ORIENTED_EDGE('',*,*,#6808,.F.);
#7335 = ORIENTED_EDGE('',*,*,#7336,.T.);
#7336 = EDGE_CURVE('',#6800,#7337,#7339,.T.);
#7337 = VERTEX_POINT('',#7338);
#7338 = CARTESIAN_POINT('',(67.769996,4.519998,1.55));
#7339 = LINE('',#7340,#7341);
#7340 = CARTESIAN_POINT('',(67.769996,4.519998,1.51));
#7341 = VECTOR('',#7342,1.);
#7342 = DIRECTION('',(0.,0.,1.));
#7343 = ORIENTED_EDGE('',*,*,#7344,.T.);
#7344 = EDGE_CURVE('',#7337,#7337,#7345,.T.);
#7345 = CIRCLE('',#7346,0.849999);
#7346 = AXIS2_PLACEMENT_3D('',#7347,#7348,#7349);
#7347 = CARTESIAN_POINT('',(66.919997,4.519998,1.55));
#7348 = DIRECTION('',(0.,0.,1.));
#7349 = DIRECTION('',(1.,0.,-0.));
#7350 = ORIENTED_EDGE('',*,*,#7336,.F.);
#7351 = ORIENTED_EDGE('',*,*,#6799,.F.);
#7352 = ORIENTED_EDGE('',*,*,#7126,.F.);
#7353 = ORIENTED_EDGE('',*,*,#6993,.T.);
#7354 = ORIENTED_EDGE('',*,*,#7112,.T.);
#7355 = CYLINDRICAL_SURFACE('',#7356,0.849999);
#7356 = AXIS2_PLACEMENT_3D('',#7357,#7358,#7359);
#7357 = CARTESIAN_POINT('',(66.919997,4.519998,1.51));
#7358 = DIRECTION('',(-0.,-0.,-1.));
#7359 = DIRECTION('',(1.,0.,-0.));
#7360 = ADVANCED_FACE('',(#7361),#7384,.T.);
#7361 = FACE_BOUND('',#7362,.F.);
#7362 = EDGE_LOOP('',(#7363,#7364,#7372,#7379,#7380,#7381,#7382,#7383));
#7363 = ORIENTED_EDGE('',*,*,#6702,.F.);
#7364 = ORIENTED_EDGE('',*,*,#7365,.T.);
#7365 = EDGE_CURVE('',#6694,#7366,#7368,.T.);
#7366 = VERTEX_POINT('',#7367);
#7367 = CARTESIAN_POINT('',(-66.070002,4.519998,1.55));
#7368 = LINE('',#7369,#7370);
#7369 = CARTESIAN_POINT('',(-66.070002,4.519998,1.51));
#7370 = VECTOR('',#7371,1.);
#7371 = DIRECTION('',(0.,0.,1.));
#7372 = ORIENTED_EDGE('',*,*,#7373,.T.);
#7373 = EDGE_CURVE('',#7366,#7366,#7374,.T.);
#7374 = CIRCLE('',#7375,0.849999);
#7375 = AXIS2_PLACEMENT_3D('',#7376,#7377,#7378);
#7376 = CARTESIAN_POINT('',(-66.920001,4.519998,1.55));
#7377 = DIRECTION('',(0.,0.,1.));
#7378 = DIRECTION('',(1.,0.,-0.));
#7379 = ORIENTED_EDGE('',*,*,#7365,.F.);
#7380 = ORIENTED_EDGE('',*,*,#6693,.F.);
#7381 = ORIENTED_EDGE('',*,*,#7318,.F.);
#7382 = ORIENTED_EDGE('',*,*,#6896,.T.);
#7383 = ORIENTED_EDGE('',*,*,#7304,.T.);
#7384 = CYLINDRICAL_SURFACE('',#7385,0.849999);
#7385 = AXIS2_PLACEMENT_3D('',#7386,#7387,#7388);
#7386 = CARTESIAN_POINT('',(-66.920001,4.519998,1.51));
#7387 = DIRECTION('',(-0.,-0.,-1.));
#7388 = DIRECTION('',(1.,0.,-0.));
#7389 = ADVANCED_FACE('',(#7390),#7409,.T.);
#7390 = FACE_BOUND('',#7391,.F.);
#7391 = EDGE_LOOP('',(#7392,#7400,#7407,#7408));
#7392 = ORIENTED_EDGE('',*,*,#7393,.F.);
#7393 = EDGE_CURVE('',#7394,#6851,#7396,.T.);
#7394 = VERTEX_POINT('',#7395);
#7395 = CARTESIAN_POINT('',(66.919997,4.019998,0.));
#7396 = LINE('',#7397,#7398);
#7397 = CARTESIAN_POINT('',(66.919997,4.019998,-4.E-02));
#7398 = VECTOR('',#7399,1.);
#7399 = DIRECTION('',(0.,0.,1.));
#7400 = ORIENTED_EDGE('',*,*,#7401,.T.);
#7401 = EDGE_CURVE('',#7394,#7394,#7402,.T.);
#7402 = CIRCLE('',#7403,0.5);
#7403 = AXIS2_PLACEMENT_3D('',#7404,#7405,#7406);
#7404 = CARTESIAN_POINT('',(66.919997,4.519998,0.));
#7405 = DIRECTION('',(-0.,0.,-1.));
#7406 = DIRECTION('',(-0.,-1.,0.));
#7407 = ORIENTED_EDGE('',*,*,#7393,.T.);
#7408 = ORIENTED_EDGE('',*,*,#6850,.T.);
#7409 = CYLINDRICAL_SURFACE('',#7410,0.5);
#7410 = AXIS2_PLACEMENT_3D('',#7411,#7412,#7413);
#7411 = CARTESIAN_POINT('',(66.919997,4.519998,-4.E-02));
#7412 = DIRECTION('',(-0.,-0.,-1.));
#7413 = DIRECTION('',(-0.,-1.,0.));
#7414 = ADVANCED_FACE('',(#7415),#7434,.T.);
#7415 = FACE_BOUND('',#7416,.F.);
#7416 = EDGE_LOOP('',(#7417,#7425,#7432,#7433));
#7417 = ORIENTED_EDGE('',*,*,#7418,.F.);
#7418 = EDGE_CURVE('',#7419,#6862,#7421,.T.);
#7419 = VERTEX_POINT('',#7420);
#7420 = CARTESIAN_POINT('',(-66.920001,4.019998,0.));
#7421 = LINE('',#7422,#7423);
#7422 = CARTESIAN_POINT('',(-66.920001,4.019998,-4.E-02));
#7423 = VECTOR('',#7424,1.);
#7424 = DIRECTION('',(0.,0.,1.));
#7425 = ORIENTED_EDGE('',*,*,#7426,.T.);
#7426 = EDGE_CURVE('',#7419,#7419,#7427,.T.);
#7427 = CIRCLE('',#7428,0.5);
#7428 = AXIS2_PLACEMENT_3D('',#7429,#7430,#7431);
#7429 = CARTESIAN_POINT('',(-66.920001,4.519998,0.));
#7430 = DIRECTION('',(-0.,0.,-1.));
#7431 = DIRECTION('',(-0.,-1.,0.));
#7432 = ORIENTED_EDGE('',*,*,#7418,.T.);
#7433 = ORIENTED_EDGE('',*,*,#6861,.T.);
#7434 = CYLINDRICAL_SURFACE('',#7435,0.5);
#7435 = AXIS2_PLACEMENT_3D('',#7436,#7437,#7438);
#7436 = CARTESIAN_POINT('',(-66.920001,4.519998,-4.E-02));
#7437 = DIRECTION('',(-0.,-0.,-1.));
#7438 = DIRECTION('',(-0.,-1.,0.));
#7439 = ADVANCED_FACE('',(#7440,#7443),#7454,.T.);
#7440 = FACE_BOUND('',#7441,.T.);
#7441 = EDGE_LOOP('',(#7442));
#7442 = ORIENTED_EDGE('',*,*,#7344,.T.);
#7443 = FACE_BOUND('',#7444,.T.);
#7444 = EDGE_LOOP('',(#7445));
#7445 = ORIENTED_EDGE('',*,*,#7446,.T.);
#7446 = EDGE_CURVE('',#7447,#7447,#7449,.T.);
#7447 = VERTEX_POINT('',#7448);
#7448 = CARTESIAN_POINT('',(66.919997,4.044998,1.55));
#7449 = CIRCLE('',#7450,0.475);
#7450 = AXIS2_PLACEMENT_3D('',#7451,#7452,#7453);
#7451 = CARTESIAN_POINT('',(66.919997,4.519998,1.55));
#7452 = DIRECTION('',(-0.,0.,-1.));
#7453 = DIRECTION('',(-0.,-1.,0.));
#7454 = PLANE('',#7455);
#7455 = AXIS2_PLACEMENT_3D('',#7456,#7457,#7458);
#7456 = CARTESIAN_POINT('',(0.,0.,1.55));
#7457 = DIRECTION('',(0.,0.,1.));
#7458 = DIRECTION('',(1.,0.,-0.));
#7459 = ADVANCED_FACE('',(#7460,#7463),#7474,.T.);
#7460 = FACE_BOUND('',#7461,.T.);
#7461 = EDGE_LOOP('',(#7462));
#7462 = ORIENTED_EDGE('',*,*,#7373,.T.);
#7463 = FACE_BOUND('',#7464,.T.);
#7464 = EDGE_LOOP('',(#7465));
#7465 = ORIENTED_EDGE('',*,*,#7466,.T.);
#7466 = EDGE_CURVE('',#7467,#7467,#7469,.T.);
#7467 = VERTEX_POINT('',#7468);
#7468 = CARTESIAN_POINT('',(-66.920001,4.044998,1.55));
#7469 = CIRCLE('',#7470,0.475);
#7470 = AXIS2_PLACEMENT_3D('',#7471,#7472,#7473);
#7471 = CARTESIAN_POINT('',(-66.920001,4.519998,1.55));
#7472 = DIRECTION('',(-0.,0.,-1.));
#7473 = DIRECTION('',(-0.,-1.,0.));
#7474 = PLANE('',#7475);
#7475 = AXIS2_PLACEMENT_3D('',#7476,#7477,#7478);
#7476 = CARTESIAN_POINT('',(0.,0.,1.55));
#7477 = DIRECTION('',(0.,0.,1.));
#7478 = DIRECTION('',(1.,0.,-0.));
#7479 = ADVANCED_FACE('',(#7480,#7491),#7494,.F.);
#7480 = FACE_BOUND('',#7481,.F.);
#7481 = EDGE_LOOP('',(#7482));
#7482 = ORIENTED_EDGE('',*,*,#7483,.F.);
#7483 = EDGE_CURVE('',#7484,#7484,#7486,.T.);
#7484 = VERTEX_POINT('',#7485);
#7485 = CARTESIAN_POINT('',(67.769996,4.519998,0.));
#7486 = CIRCLE('',#7487,0.849999);
#7487 = AXIS2_PLACEMENT_3D('',#7488,#7489,#7490);
#7488 = CARTESIAN_POINT('',(66.919997,4.519998,0.));
#7489 = DIRECTION('',(0.,0.,1.));
#7490 = DIRECTION('',(1.,0.,-0.));
#7491 = FACE_BOUND('',#7492,.F.);
#7492 = EDGE_LOOP('',(#7493));
#7493 = ORIENTED_EDGE('',*,*,#7401,.F.);
#7494 = PLANE('',#7495);
#7495 = AXIS2_PLACEMENT_3D('',#7496,#7497,#7498);
#7496 = CARTESIAN_POINT('',(0.,0.,0.));
#7497 = DIRECTION('',(-0.,-0.,-1.));
#7498 = DIRECTION('',(-1.,0.,0.));
#7499 = ADVANCED_FACE('',(#7500,#7511),#7514,.F.);
#7500 = FACE_BOUND('',#7501,.F.);
#7501 = EDGE_LOOP('',(#7502));
#7502 = ORIENTED_EDGE('',*,*,#7503,.F.);
#7503 = EDGE_CURVE('',#7504,#7504,#7506,.T.);
#7504 = VERTEX_POINT('',#7505);
#7505 = CARTESIAN_POINT('',(-66.070002,4.519998,0.));
#7506 = CIRCLE('',#7507,0.849999);
#7507 = AXIS2_PLACEMENT_3D('',#7508,#7509,#7510);
#7508 = CARTESIAN_POINT('',(-66.920001,4.519998,0.));
#7509 = DIRECTION('',(0.,0.,1.));
#7510 = DIRECTION('',(1.,0.,-0.));
#7511 = FACE_BOUND('',#7512,.F.);
#7512 = EDGE_LOOP('',(#7513));
#7513 = ORIENTED_EDGE('',*,*,#7426,.F.);
#7514 = PLANE('',#7515);
#7515 = AXIS2_PLACEMENT_3D('',#7516,#7517,#7518);
#7516 = CARTESIAN_POINT('',(0.,0.,0.));
#7517 = DIRECTION('',(-0.,-0.,-1.));
#7518 = DIRECTION('',(-1.,0.,0.));
#7519 = ADVANCED_FACE('',(#7520),#7539,.F.);
#7520 = FACE_BOUND('',#7521,.T.);
#7521 = EDGE_LOOP('',(#7522,#7531,#7537,#7538));
#7522 = ORIENTED_EDGE('',*,*,#7523,.T.);
#7523 = EDGE_CURVE('',#7524,#7524,#7526,.T.);
#7524 = VERTEX_POINT('',#7525);
#7525 = CARTESIAN_POINT('',(66.919997,4.044998,-4.E-02));
#7526 = CIRCLE('',#7527,0.475);
#7527 = AXIS2_PLACEMENT_3D('',#7528,#7529,#7530);
#7528 = CARTESIAN_POINT('',(66.919997,4.519998,-4.E-02));
#7529 = DIRECTION('',(-0.,0.,-1.));
#7530 = DIRECTION('',(-0.,-1.,0.));
#7531 = ORIENTED_EDGE('',*,*,#7532,.T.);
#7532 = EDGE_CURVE('',#7524,#7447,#7533,.T.);
#7533 = LINE('',#7534,#7535);
#7534 = CARTESIAN_POINT('',(66.919997,4.044998,-4.6E-02));
#7535 = VECTOR('',#7536,1.);
#7536 = DIRECTION('',(0.,0.,1.));
#7537 = ORIENTED_EDGE('',*,*,#7446,.F.);
#7538 = ORIENTED_EDGE('',*,*,#7532,.F.);
#7539 = CYLINDRICAL_SURFACE('',#7540,0.475);
#7540 = AXIS2_PLACEMENT_3D('',#7541,#7542,#7543);
#7541 = CARTESIAN_POINT('',(66.919997,4.519998,-4.6E-02));
#7542 = DIRECTION('',(-0.,-0.,-1.));
#7543 = DIRECTION('',(-0.,-1.,0.));
#7544 = ADVANCED_FACE('',(#7545),#7564,.F.);
#7545 = FACE_BOUND('',#7546,.T.);
#7546 = EDGE_LOOP('',(#7547,#7556,#7562,#7563));
#7547 = ORIENTED_EDGE('',*,*,#7548,.T.);
#7548 = EDGE_CURVE('',#7549,#7549,#7551,.T.);
#7549 = VERTEX_POINT('',#7550);
#7550 = CARTESIAN_POINT('',(-66.920001,4.044998,-4.E-02));
#7551 = CIRCLE('',#7552,0.475);
#7552 = AXIS2_PLACEMENT_3D('',#7553,#7554,#7555);
#7553 = CARTESIAN_POINT('',(-66.920001,4.519998,-4.E-02));
#7554 = DIRECTION('',(-0.,0.,-1.));
#7555 = DIRECTION('',(-0.,-1.,0.));
#7556 = ORIENTED_EDGE('',*,*,#7557,.T.);
#7557 = EDGE_CURVE('',#7549,#7467,#7558,.T.);
#7558 = LINE('',#7559,#7560);
#7559 = CARTESIAN_POINT('',(-66.920001,4.044998,-4.6E-02));
#7560 = VECTOR('',#7561,1.);
#7561 = DIRECTION('',(0.,0.,1.));
#7562 = ORIENTED_EDGE('',*,*,#7466,.F.);
#7563 = ORIENTED_EDGE('',*,*,#7557,.F.);
#7564 = CYLINDRICAL_SURFACE('',#7565,0.475);
#7565 = AXIS2_PLACEMENT_3D('',#7566,#7567,#7568);
#7566 = CARTESIAN_POINT('',(-66.920001,4.519998,-4.6E-02));
#7567 = DIRECTION('',(-0.,-0.,-1.));
#7568 = DIRECTION('',(-0.,-1.,0.));
#7569 = ADVANCED_FACE('',(#7570),#7589,.T.);
#7570 = FACE_BOUND('',#7571,.T.);
#7571 = EDGE_LOOP('',(#7572,#7580,#7587,#7588));
#7572 = ORIENTED_EDGE('',*,*,#7573,.T.);
#7573 = EDGE_CURVE('',#7484,#7574,#7576,.T.);
#7574 = VERTEX_POINT('',#7575);
#7575 = CARTESIAN_POINT('',(67.769996,4.519998,-4.E-02));
#7576 = LINE('',#7577,#7578);
#7577 = CARTESIAN_POINT('',(67.769996,4.519998,0.));
#7578 = VECTOR('',#7579,1.);
#7579 = DIRECTION('',(0.,0.,-1.));
#7580 = ORIENTED_EDGE('',*,*,#7581,.T.);
#7581 = EDGE_CURVE('',#7574,#7574,#7582,.T.);
#7582 = CIRCLE('',#7583,0.849999);
#7583 = AXIS2_PLACEMENT_3D('',#7584,#7585,#7586);
#7584 = CARTESIAN_POINT('',(66.919997,4.519998,-4.E-02));
#7585 = DIRECTION('',(0.,0.,1.));
#7586 = DIRECTION('',(1.,0.,-0.));
#7587 = ORIENTED_EDGE('',*,*,#7573,.F.);
#7588 = ORIENTED_EDGE('',*,*,#7483,.F.);
#7589 = CYLINDRICAL_SURFACE('',#7590,0.849999);
#7590 = AXIS2_PLACEMENT_3D('',#7591,#7592,#7593);
#7591 = CARTESIAN_POINT('',(66.919997,4.519998,0.));
#7592 = DIRECTION('',(0.,0.,1.));
#7593 = DIRECTION('',(1.,0.,-0.));
#7594 = ADVANCED_FACE('',(#7595),#7614,.T.);
#7595 = FACE_BOUND('',#7596,.T.);
#7596 = EDGE_LOOP('',(#7597,#7605,#7612,#7613));
#7597 = ORIENTED_EDGE('',*,*,#7598,.T.);
#7598 = EDGE_CURVE('',#7504,#7599,#7601,.T.);
#7599 = VERTEX_POINT('',#7600);
#7600 = CARTESIAN_POINT('',(-66.070002,4.519998,-4.E-02));
#7601 = LINE('',#7602,#7603);
#7602 = CARTESIAN_POINT('',(-66.070002,4.519998,0.));
#7603 = VECTOR('',#7604,1.);
#7604 = DIRECTION('',(0.,0.,-1.));
#7605 = ORIENTED_EDGE('',*,*,#7606,.T.);
#7606 = EDGE_CURVE('',#7599,#7599,#7607,.T.);
#7607 = CIRCLE('',#7608,0.849999);
#7608 = AXIS2_PLACEMENT_3D('',#7609,#7610,#7611);
#7609 = CARTESIAN_POINT('',(-66.920001,4.519998,-4.E-02));
#7610 = DIRECTION('',(0.,0.,1.));
#7611 = DIRECTION('',(1.,0.,-0.));
#7612 = ORIENTED_EDGE('',*,*,#7598,.F.);
#7613 = ORIENTED_EDGE('',*,*,#7503,.F.);
#7614 = CYLINDRICAL_SURFACE('',#7615,0.849999);
#7615 = AXIS2_PLACEMENT_3D('',#7616,#7617,#7618);
#7616 = CARTESIAN_POINT('',(-66.920001,4.519998,0.));
#7617 = DIRECTION('',(0.,0.,1.));
#7618 = DIRECTION('',(1.,0.,-0.));
#7619 = ADVANCED_FACE('',(#7620,#7623),#7626,.T.);
#7620 = FACE_BOUND('',#7621,.T.);
#7621 = EDGE_LOOP('',(#7622));
#7622 = ORIENTED_EDGE('',*,*,#7581,.F.);
#7623 = FACE_BOUND('',#7624,.T.);
#7624 = EDGE_LOOP('',(#7625));
#7625 = ORIENTED_EDGE('',*,*,#7523,.F.);
#7626 = PLANE('',#7627);
#7627 = AXIS2_PLACEMENT_3D('',#7628,#7629,#7630);
#7628 = CARTESIAN_POINT('',(0.,0.,-4.E-02));
#7629 = DIRECTION('',(-0.,-0.,-1.));
#7630 = DIRECTION('',(-1.,0.,0.));
#7631 = ADVANCED_FACE('',(#7632,#7635),#7638,.T.);
#7632 = FACE_BOUND('',#7633,.T.);
#7633 = EDGE_LOOP('',(#7634));
#7634 = ORIENTED_EDGE('',*,*,#7606,.F.);
#7635 = FACE_BOUND('',#7636,.T.);
#7636 = EDGE_LOOP('',(#7637));
#7637 = ORIENTED_EDGE('',*,*,#7548,.F.);
#7638 = PLANE('',#7639);
#7639 = AXIS2_PLACEMENT_3D('',#7640,#7641,#7642);
#7640 = CARTESIAN_POINT('',(0.,0.,-4.E-02));
#7641 = DIRECTION('',(-0.,-0.,-1.));
#7642 = DIRECTION('',(-1.,0.,0.));
#7643 = MANIFOLD_SOLID_BREP('',#7644);
#7644 = CLOSED_SHELL('',(#7645,#7912,#7937,#7980,#8034,#8074,#8098,#8122
    ,#8146,#8177,#8201,#8225,#8249,#8273,#8297,#8321,#8352,#8376,#8400,
    #8417,#8441,#8465,#8482,#8505,#8538,#8571,#8598,#8621,#8654,#8678,
    #8704,#8721,#8746,#8797,#8814,#8831,#8848,#8865,#8877,#8901,#8945,
    #8962,#8979,#8996));
#7645 = ADVANCED_FACE('',(#7646,#7657),#7907,.F.);
#7646 = FACE_BOUND('',#7647,.F.);
#7647 = EDGE_LOOP('',(#7648));
#7648 = ORIENTED_EDGE('',*,*,#7649,.F.);
#7649 = EDGE_CURVE('',#7650,#7650,#7652,.T.);
#7650 = VERTEX_POINT('',#7651);
#7651 = CARTESIAN_POINT('',(-72.,4.019998,1.51));
#7652 = CIRCLE('',#7653,0.5);
#7653 = AXIS2_PLACEMENT_3D('',#7654,#7655,#7656);
#7654 = CARTESIAN_POINT('',(-72.,4.519998,1.51));
#7655 = DIRECTION('',(0.,0.,1.));
#7656 = DIRECTION('',(2.84217094304E-14,-1.,0.));
#7657 = FACE_BOUND('',#7658,.F.);
#7658 = EDGE_LOOP('',(#7659,#7669,#7677,#7686,#7694,#7703,#7711,#7720,
    #7728,#7737,#7745,#7753,#7761,#7769,#7777,#7785,#7793,#7801,#7809,
    #7818,#7826,#7835,#7843,#7852,#7860,#7869,#7877,#7885,#7893,#7901));
#7659 = ORIENTED_EDGE('',*,*,#7660,.F.);
#7660 = EDGE_CURVE('',#7661,#7663,#7665,.T.);
#7661 = VERTEX_POINT('',#7662);
#7662 = CARTESIAN_POINT('',(-71.59999982024,5.369998,1.51));
#7663 = VERTEX_POINT('',#7664);
#7664 = CARTESIAN_POINT('',(-71.15,5.369998,1.51));
#7665 = LINE('',#7666,#7667);
#7666 = CARTESIAN_POINT('',(-72.85,5.369998,1.51));
#7667 = VECTOR('',#7668,1.);
#7668 = DIRECTION('',(1.,0.,0.));
#7669 = ORIENTED_EDGE('',*,*,#7670,.F.);
#7670 = EDGE_CURVE('',#7671,#7661,#7673,.T.);
#7671 = VERTEX_POINT('',#7672);
#7672 = CARTESIAN_POINT('',(-71.599999,7.299999,1.51));
#7673 = LINE('',#7674,#7675);
#7674 = CARTESIAN_POINT('',(-71.599999,7.999999,1.51));
#7675 = VECTOR('',#7676,1.);
#7676 = DIRECTION('',(-3.118786784064E-07,-1.,0.));
#7677 = ORIENTED_EDGE('',*,*,#7678,.F.);
#7678 = EDGE_CURVE('',#7679,#7671,#7681,.T.);
#7679 = VERTEX_POINT('',#7680);
#7680 = CARTESIAN_POINT('',(-71.349999,7.549999,1.51));
#7681 = CIRCLE('',#7682,0.249998959685);
#7682 = AXIS2_PLACEMENT_3D('',#7683,#7684,#7685);
#7683 = CARTESIAN_POINT('',(-71.59999795968,7.549997959683,1.51));
#7684 = DIRECTION('',(0.,0.,-1.));
#7685 = DIRECTION('',(0.999999999991,4.161285837067E-06,0.));
#7686 = ORIENTED_EDGE('',*,*,#7687,.F.);
#7687 = EDGE_CURVE('',#7688,#7679,#7690,.T.);
#7688 = VERTEX_POINT('',#7689);
#7689 = CARTESIAN_POINT('',(-71.349999,8.449999,1.51));
#7690 = LINE('',#7691,#7692);
#7691 = CARTESIAN_POINT('',(-71.349999,8.449999,1.51));
#7692 = VECTOR('',#7693,1.);
#7693 = DIRECTION('',(0.,-1.,0.));
#7694 = ORIENTED_EDGE('',*,*,#7695,.F.);
#7695 = EDGE_CURVE('',#7696,#7688,#7698,.T.);
#7696 = VERTEX_POINT('',#7697);
#7697 = CARTESIAN_POINT('',(-71.599999,8.699999,1.51));
#7698 = CIRCLE('',#7699,0.249998959685);
#7699 = AXIS2_PLACEMENT_3D('',#7700,#7701,#7702);
#7700 = CARTESIAN_POINT('',(-71.59999795968,8.450000040317,1.51));
#7701 = DIRECTION('',(0.,0.,-1.));
#7702 = DIRECTION('',(-4.16128589391E-06,0.999999999991,0.));
#7703 = ORIENTED_EDGE('',*,*,#7704,.F.);
#7704 = EDGE_CURVE('',#7705,#7696,#7707,.T.);
#7705 = VERTEX_POINT('',#7706);
#7706 = CARTESIAN_POINT('',(-72.399999,8.699999,1.51));
#7707 = LINE('',#7708,#7709);
#7708 = CARTESIAN_POINT('',(-72.399999,8.699999,1.51));
#7709 = VECTOR('',#7710,1.);
#7710 = DIRECTION('',(1.,0.,0.));
#7711 = ORIENTED_EDGE('',*,*,#7712,.F.);
#7712 = EDGE_CURVE('',#7713,#7705,#7715,.T.);
#7713 = VERTEX_POINT('',#7714);
#7714 = CARTESIAN_POINT('',(-72.649999,8.449999,1.51));
#7715 = CIRCLE('',#7716,0.249998959685);
#7716 = AXIS2_PLACEMENT_3D('',#7717,#7718,#7719);
#7717 = CARTESIAN_POINT('',(-72.40000004031,8.450000040317,1.51));
#7718 = DIRECTION('',(0.,0.,-1.));
#7719 = DIRECTION('',(-0.999999999991,-4.161285837066E-06,-0.));
#7720 = ORIENTED_EDGE('',*,*,#7721,.F.);
#7721 = EDGE_CURVE('',#7722,#7713,#7724,.T.);
#7722 = VERTEX_POINT('',#7723);
#7723 = CARTESIAN_POINT('',(-72.649999,7.549999,1.51));
#7724 = LINE('',#7725,#7726);
#7725 = CARTESIAN_POINT('',(-72.649999,7.549999,1.51));
#7726 = VECTOR('',#7727,1.);
#7727 = DIRECTION('',(0.,1.,0.));
#7728 = ORIENTED_EDGE('',*,*,#7729,.F.);
#7729 = EDGE_CURVE('',#7730,#7722,#7732,.T.);
#7730 = VERTEX_POINT('',#7731);
#7731 = CARTESIAN_POINT('',(-72.399999,7.299999,1.51));
#7732 = CIRCLE('',#7733,0.249998959685);
#7733 = AXIS2_PLACEMENT_3D('',#7734,#7735,#7736);
#7734 = CARTESIAN_POINT('',(-72.40000004031,7.549997959683,1.51));
#7735 = DIRECTION('',(0.,0.,-1.));
#7736 = DIRECTION('',(4.161285837066E-06,-0.999999999991,0.));
#7737 = ORIENTED_EDGE('',*,*,#7738,.F.);
#7738 = EDGE_CURVE('',#7739,#7730,#7741,.T.);
#7739 = VERTEX_POINT('',#7740);
#7740 = CARTESIAN_POINT('',(-72.39999982024,5.369998,1.51));
#7741 = LINE('',#7742,#7743);
#7742 = CARTESIAN_POINT('',(-72.4,4.793626,1.51));
#7743 = VECTOR('',#7744,1.);
#7744 = DIRECTION('',(3.118788773752E-07,1.,0.));
#7745 = ORIENTED_EDGE('',*,*,#7746,.F.);
#7746 = EDGE_CURVE('',#7747,#7739,#7749,.T.);
#7747 = VERTEX_POINT('',#7748);
#7748 = CARTESIAN_POINT('',(-72.85,5.369998,1.51));
#7749 = LINE('',#7750,#7751);
#7750 = CARTESIAN_POINT('',(-72.85,5.369998,1.51));
#7751 = VECTOR('',#7752,1.);
#7752 = DIRECTION('',(1.,0.,0.));
#7753 = ORIENTED_EDGE('',*,*,#7754,.F.);
#7754 = EDGE_CURVE('',#7755,#7747,#7757,.T.);
#7755 = VERTEX_POINT('',#7756);
#7756 = CARTESIAN_POINT('',(-72.85,3.669998,1.51));
#7757 = LINE('',#7758,#7759);
#7758 = CARTESIAN_POINT('',(-72.85,3.669998,1.51));
#7759 = VECTOR('',#7760,1.);
#7760 = DIRECTION('',(0.,1.,0.));
#7761 = ORIENTED_EDGE('',*,*,#7762,.F.);
#7762 = EDGE_CURVE('',#7763,#7755,#7765,.T.);
#7763 = VERTEX_POINT('',#7764);
#7764 = CARTESIAN_POINT('',(-71.36142446158,3.669998,1.51));
#7765 = LINE('',#7766,#7767);
#7766 = CARTESIAN_POINT('',(-71.15,3.669998,1.51));
#7767 = VECTOR('',#7768,1.);
#7768 = DIRECTION('',(-1.,0.,0.));
#7769 = ORIENTED_EDGE('',*,*,#7770,.F.);
#7770 = EDGE_CURVE('',#7771,#7763,#7773,.T.);
#7771 = VERTEX_POINT('',#7772);
#7772 = CARTESIAN_POINT('',(-69.063337,1.375279,1.51));
#7773 = LINE('',#7774,#7775);
#7774 = CARTESIAN_POINT('',(-69.063337,1.375279,1.51));
#7775 = VECTOR('',#7776,1.);
#7776 = DIRECTION('',(-0.707625197967,0.706587984049,0.));
#7777 = ORIENTED_EDGE('',*,*,#7778,.F.);
#7778 = EDGE_CURVE('',#7779,#7771,#7781,.T.);
#7779 = VERTEX_POINT('',#7780);
#7780 = CARTESIAN_POINT('',(-69.009266,1.352882,1.51));
#7781 = LINE('',#7782,#7783);
#7782 = CARTESIAN_POINT('',(-69.009266,1.352882,1.51));
#7783 = VECTOR('',#7784,1.);
#7784 = DIRECTION('',(-0.923879179303,0.382684285085,0.));
#7785 = ORIENTED_EDGE('',*,*,#7786,.F.);
#7786 = EDGE_CURVE('',#7787,#7779,#7789,.T.);
#7787 = VERTEX_POINT('',#7788);
#7788 = CARTESIAN_POINT('',(-57.220734,1.352882,1.51));
#7789 = LINE('',#7790,#7791);
#7790 = CARTESIAN_POINT('',(-57.220734,1.352882,1.51));
#7791 = VECTOR('',#7792,1.);
#7792 = DIRECTION('',(-1.,0.,0.));
#7793 = ORIENTED_EDGE('',*,*,#7794,.F.);
#7794 = EDGE_CURVE('',#7795,#7787,#7797,.T.);
#7795 = VERTEX_POINT('',#7796);
#7796 = CARTESIAN_POINT('',(-57.166663,1.375279,1.51));
#7797 = LINE('',#7798,#7799);
#7798 = CARTESIAN_POINT('',(-57.166663,1.375279,1.51));
#7799 = VECTOR('',#7800,1.);
#7800 = DIRECTION('',(-0.923879179303,-0.382684285085,0.));
#7801 = ORIENTED_EDGE('',*,*,#7802,.F.);
#7802 = EDGE_CURVE('',#7803,#7795,#7805,.T.);
#7803 = VERTEX_POINT('',#7804);
#7804 = CARTESIAN_POINT('',(-56.96428934524,1.577652654756,1.51));
#7805 = LINE('',#7806,#7807);
#7806 = CARTESIAN_POINT('',(-56.375278,2.166664,1.51));
#7807 = VECTOR('',#7808,1.);
#7808 = DIRECTION('',(-0.707106781187,-0.707106781187,0.));
#7809 = ORIENTED_EDGE('',*,*,#7810,.F.);
#7810 = EDGE_CURVE('',#7811,#7803,#7813,.T.);
#7811 = VERTEX_POINT('',#7812);
#7812 = CARTESIAN_POINT('',(-56.849999,1.549999,1.51));
#7813 = CIRCLE('',#7814,0.249998959685);
#7814 = AXIS2_PLACEMENT_3D('',#7815,#7816,#7817);
#7815 = CARTESIAN_POINT('',(-56.85000004031,1.799997959683,1.51));
#7816 = DIRECTION('',(0.,0.,-1.));
#7817 = DIRECTION('',(4.161285837066E-06,-0.999999999991,0.));
#7818 = ORIENTED_EDGE('',*,*,#7819,.F.);
#7819 = EDGE_CURVE('',#7820,#7811,#7822,.T.);
#7820 = VERTEX_POINT('',#7821);
#7821 = CARTESIAN_POINT('',(-56.149999,1.549999,1.51));
#7822 = LINE('',#7823,#7824);
#7823 = CARTESIAN_POINT('',(-56.149999,1.549999,1.51));
#7824 = VECTOR('',#7825,1.);
#7825 = DIRECTION('',(-1.,0.,0.));
#7826 = ORIENTED_EDGE('',*,*,#7827,.F.);
#7827 = EDGE_CURVE('',#7828,#7820,#7830,.T.);
#7828 = VERTEX_POINT('',#7829);
#7829 = CARTESIAN_POINT('',(-55.899999,1.799999,1.51));
#7830 = CIRCLE('',#7831,0.249998959685);
#7831 = AXIS2_PLACEMENT_3D('',#7832,#7833,#7834);
#7832 = CARTESIAN_POINT('',(-56.14999795968,1.799997959683,1.51));
#7833 = DIRECTION('',(0.,0.,-1.));
#7834 = DIRECTION('',(0.999999999991,4.161285841507E-06,0.));
#7835 = ORIENTED_EDGE('',*,*,#7836,.F.);
#7836 = EDGE_CURVE('',#7837,#7828,#7839,.T.);
#7837 = VERTEX_POINT('',#7838);
#7838 = CARTESIAN_POINT('',(-55.899999,2.699999,1.51));
#7839 = LINE('',#7840,#7841);
#7840 = CARTESIAN_POINT('',(-55.899999,2.699999,1.51));
#7841 = VECTOR('',#7842,1.);
#7842 = DIRECTION('',(0.,-1.,0.));
#7843 = ORIENTED_EDGE('',*,*,#7844,.F.);
#7844 = EDGE_CURVE('',#7845,#7837,#7847,.T.);
#7845 = VERTEX_POINT('',#7846);
#7846 = CARTESIAN_POINT('',(-56.149999,2.949999,1.51));
#7847 = CIRCLE('',#7848,0.249998959685);
#7848 = AXIS2_PLACEMENT_3D('',#7849,#7850,#7851);
#7849 = CARTESIAN_POINT('',(-56.14999795968,2.700000040317,1.51));
#7850 = DIRECTION('',(0.,0.,-1.));
#7851 = DIRECTION('',(-4.161285837066E-06,0.999999999991,0.));
#7852 = ORIENTED_EDGE('',*,*,#7853,.F.);
#7853 = EDGE_CURVE('',#7854,#7845,#7856,.T.);
#7854 = VERTEX_POINT('',#7855);
#7855 = CARTESIAN_POINT('',(-56.849999,2.949999,1.51));
#7856 = LINE('',#7857,#7858);
#7857 = CARTESIAN_POINT('',(-56.849999,2.949999,1.51));
#7858 = VECTOR('',#7859,1.);
#7859 = DIRECTION('',(1.,0.,0.));
#7860 = ORIENTED_EDGE('',*,*,#7861,.F.);
#7861 = EDGE_CURVE('',#7862,#7854,#7864,.T.);
#7862 = VERTEX_POINT('',#7863);
#7863 = CARTESIAN_POINT('',(-57.099999,2.699999,1.51));
#7864 = CIRCLE('',#7865,0.249998959685);
#7865 = AXIS2_PLACEMENT_3D('',#7866,#7867,#7868);
#7866 = CARTESIAN_POINT('',(-56.85000004031,2.700000040317,1.51));
#7867 = DIRECTION('',(0.,0.,-1.));
#7868 = DIRECTION('',(-0.999999999991,-4.161285840619E-06,-0.));
#7869 = ORIENTED_EDGE('',*,*,#7870,.F.);
#7870 = EDGE_CURVE('',#7871,#7862,#7873,.T.);
#7871 = VERTEX_POINT('',#7872);
#7872 = CARTESIAN_POINT('',(-57.099999,1.860944596732,1.51));
#7873 = LINE('',#7874,#7875);
#7874 = CARTESIAN_POINT('',(-57.099999,1.799999,1.51));
#7875 = VECTOR('',#7876,1.);
#7876 = DIRECTION('',(0.,1.,0.));
#7877 = ORIENTED_EDGE('',*,*,#7878,.F.);
#7878 = EDGE_CURVE('',#7879,#7871,#7881,.T.);
#7879 = VERTEX_POINT('',#7880);
#7880 = CARTESIAN_POINT('',(-57.31213,1.65,1.51));
#7881 = LINE('',#7882,#7883);
#7882 = CARTESIAN_POINT('',(-57.31213,1.65,1.51));
#7883 = VECTOR('',#7884,1.);
#7884 = DIRECTION('',(0.709086886528,0.70512111538,0.));
#7885 = ORIENTED_EDGE('',*,*,#7886,.F.);
#7886 = EDGE_CURVE('',#7887,#7879,#7889,.T.);
#7887 = VERTEX_POINT('',#7888);
#7888 = CARTESIAN_POINT('',(-68.91787,1.65,1.51));
#7889 = LINE('',#7890,#7891);
#7890 = CARTESIAN_POINT('',(-68.91787,1.65,1.51));
#7891 = VECTOR('',#7892,1.);
#7892 = DIRECTION('',(1.,0.,0.));
#7893 = ORIENTED_EDGE('',*,*,#7894,.F.);
#7894 = EDGE_CURVE('',#7895,#7887,#7897,.T.);
#7895 = VERTEX_POINT('',#7896);
#7896 = CARTESIAN_POINT('',(-71.15,3.88213,1.51));
#7897 = LINE('',#7898,#7899);
#7898 = CARTESIAN_POINT('',(-71.568612,4.300742,1.51));
#7899 = VECTOR('',#7900,1.);
#7900 = DIRECTION('',(0.707106781187,-0.707106781187,0.));
#7901 = ORIENTED_EDGE('',*,*,#7902,.F.);
#7902 = EDGE_CURVE('',#7663,#7895,#7903,.T.);
#7903 = LINE('',#7904,#7905);
#7904 = CARTESIAN_POINT('',(-71.15,5.369998,1.51));
#7905 = VECTOR('',#7906,1.);
#7906 = DIRECTION('',(0.,-1.,0.));
#7907 = PLANE('',#7908);
#7908 = AXIS2_PLACEMENT_3D('',#7909,#7910,#7911);
#7909 = CARTESIAN_POINT('',(0.,0.,1.51));
#7910 = DIRECTION('',(0.,0.,1.));
#7911 = DIRECTION('',(1.,0.,-0.));
#7912 = ADVANCED_FACE('',(#7913),#7932,.T.);
#7913 = FACE_BOUND('',#7914,.F.);
#7914 = EDGE_LOOP('',(#7915,#7923,#7930,#7931));
#7915 = ORIENTED_EDGE('',*,*,#7916,.F.);
#7916 = EDGE_CURVE('',#7917,#7650,#7919,.T.);
#7917 = VERTEX_POINT('',#7918);
#7918 = CARTESIAN_POINT('',(-72.,4.019998,0.));
#7919 = LINE('',#7920,#7921);
#7920 = CARTESIAN_POINT('',(-72.,4.019998,-4.E-02));
#7921 = VECTOR('',#7922,1.);
#7922 = DIRECTION('',(0.,0.,1.));
#7923 = ORIENTED_EDGE('',*,*,#7924,.T.);
#7924 = EDGE_CURVE('',#7917,#7917,#7925,.T.);
#7925 = CIRCLE('',#7926,0.5);
#7926 = AXIS2_PLACEMENT_3D('',#7927,#7928,#7929);
#7927 = CARTESIAN_POINT('',(-72.,4.519998,0.));
#7928 = DIRECTION('',(-0.,0.,-1.));
#7929 = DIRECTION('',(-0.,-1.,0.));
#7930 = ORIENTED_EDGE('',*,*,#7916,.T.);
#7931 = ORIENTED_EDGE('',*,*,#7649,.T.);
#7932 = CYLINDRICAL_SURFACE('',#7933,0.5);
#7933 = AXIS2_PLACEMENT_3D('',#7934,#7935,#7936);
#7934 = CARTESIAN_POINT('',(-72.,4.519998,-4.E-02));
#7935 = DIRECTION('',(-0.,-0.,-1.));
#7936 = DIRECTION('',(-0.,-1.,0.));
#7937 = ADVANCED_FACE('',(#7938,#7972),#7975,.F.);
#7938 = FACE_BOUND('',#7939,.F.);
#7939 = EDGE_LOOP('',(#7940,#7950,#7958,#7966));
#7940 = ORIENTED_EDGE('',*,*,#7941,.T.);
#7941 = EDGE_CURVE('',#7942,#7944,#7946,.T.);
#7942 = VERTEX_POINT('',#7943);
#7943 = CARTESIAN_POINT('',(-72.85,3.669998,0.));
#7944 = VERTEX_POINT('',#7945);
#7945 = CARTESIAN_POINT('',(-72.85,5.369998,0.));
#7946 = LINE('',#7947,#7948);
#7947 = CARTESIAN_POINT('',(-72.85,3.669998,0.));
#7948 = VECTOR('',#7949,1.);
#7949 = DIRECTION('',(0.,1.,0.));
#7950 = ORIENTED_EDGE('',*,*,#7951,.T.);
#7951 = EDGE_CURVE('',#7944,#7952,#7954,.T.);
#7952 = VERTEX_POINT('',#7953);
#7953 = CARTESIAN_POINT('',(-71.15,5.369998,0.));
#7954 = LINE('',#7955,#7956);
#7955 = CARTESIAN_POINT('',(-72.85,5.369998,0.));
#7956 = VECTOR('',#7957,1.);
#7957 = DIRECTION('',(1.,0.,0.));
#7958 = ORIENTED_EDGE('',*,*,#7959,.T.);
#7959 = EDGE_CURVE('',#7952,#7960,#7962,.T.);
#7960 = VERTEX_POINT('',#7961);
#7961 = CARTESIAN_POINT('',(-71.15,3.669998,0.));
#7962 = LINE('',#7963,#7964);
#7963 = CARTESIAN_POINT('',(-71.15,5.369998,0.));
#7964 = VECTOR('',#7965,1.);
#7965 = DIRECTION('',(0.,-1.,0.));
#7966 = ORIENTED_EDGE('',*,*,#7967,.T.);
#7967 = EDGE_CURVE('',#7960,#7942,#7968,.T.);
#7968 = LINE('',#7969,#7970);
#7969 = CARTESIAN_POINT('',(-71.15,3.669998,0.));
#7970 = VECTOR('',#7971,1.);
#7971 = DIRECTION('',(-1.,0.,0.));
#7972 = FACE_BOUND('',#7973,.F.);
#7973 = EDGE_LOOP('',(#7974));
#7974 = ORIENTED_EDGE('',*,*,#7924,.F.);
#7975 = PLANE('',#7976);
#7976 = AXIS2_PLACEMENT_3D('',#7977,#7978,#7979);
#7977 = CARTESIAN_POINT('',(0.,0.,0.));
#7978 = DIRECTION('',(-0.,-0.,-1.));
#7979 = DIRECTION('',(-1.,0.,0.));
#7980 = ADVANCED_FACE('',(#7981),#8029,.T.);
#7981 = FACE_BOUND('',#7982,.T.);
#7982 = EDGE_LOOP('',(#7983,#7984,#7992,#8000,#8006,#8007,#8015,#8023));
#7983 = ORIENTED_EDGE('',*,*,#7746,.F.);
#7984 = ORIENTED_EDGE('',*,*,#7985,.T.);
#7985 = EDGE_CURVE('',#7747,#7986,#7988,.T.);
#7986 = VERTEX_POINT('',#7987);
#7987 = CARTESIAN_POINT('',(-72.85,5.369998,1.55));
#7988 = LINE('',#7989,#7990);
#7989 = CARTESIAN_POINT('',(-72.85,5.369998,1.51));
#7990 = VECTOR('',#7991,1.);
#7991 = DIRECTION('',(0.,0.,1.));
#7992 = ORIENTED_EDGE('',*,*,#7993,.T.);
#7993 = EDGE_CURVE('',#7986,#7994,#7996,.T.);
#7994 = VERTEX_POINT('',#7995);
#7995 = CARTESIAN_POINT('',(-71.15,5.369998,1.55));
#7996 = LINE('',#7997,#7998);
#7997 = CARTESIAN_POINT('',(-72.85,5.369998,1.55));
#7998 = VECTOR('',#7999,1.);
#7999 = DIRECTION('',(1.,0.,0.));
#8000 = ORIENTED_EDGE('',*,*,#8001,.F.);
#8001 = EDGE_CURVE('',#7663,#7994,#8002,.T.);
#8002 = LINE('',#8003,#8004);
#8003 = CARTESIAN_POINT('',(-71.15,5.369998,1.51));
#8004 = VECTOR('',#8005,1.);
#8005 = DIRECTION('',(0.,0.,1.));
#8006 = ORIENTED_EDGE('',*,*,#7660,.F.);
#8007 = ORIENTED_EDGE('',*,*,#8008,.T.);
#8008 = EDGE_CURVE('',#7661,#8009,#8011,.T.);
#8009 = VERTEX_POINT('',#8010);
#8010 = CARTESIAN_POINT('',(-71.59999982024,5.369998,1.545));
#8011 = LINE('',#8012,#8013);
#8012 = CARTESIAN_POINT('',(-71.59999982024,5.369998,1.51));
#8013 = VECTOR('',#8014,1.);
#8014 = DIRECTION('',(-0.,0.,1.));
#8015 = ORIENTED_EDGE('',*,*,#8016,.T.);
#8016 = EDGE_CURVE('',#8009,#8017,#8019,.T.);
#8017 = VERTEX_POINT('',#8018);
#8018 = CARTESIAN_POINT('',(-72.39999982024,5.369998,1.545));
#8019 = LINE('',#8020,#8021);
#8020 = CARTESIAN_POINT('',(-36.425,5.369998,1.545));
#8021 = VECTOR('',#8022,1.);
#8022 = DIRECTION('',(-1.,0.,0.));
#8023 = ORIENTED_EDGE('',*,*,#8024,.T.);
#8024 = EDGE_CURVE('',#8017,#7739,#8025,.T.);
#8025 = LINE('',#8026,#8027);
#8026 = CARTESIAN_POINT('',(-72.39999982024,5.369998,1.51));
#8027 = VECTOR('',#8028,1.);
#8028 = DIRECTION('',(0.,0.,-1.));
#8029 = PLANE('',#8030);
#8030 = AXIS2_PLACEMENT_3D('',#8031,#8032,#8033);
#8031 = CARTESIAN_POINT('',(-72.85,5.369998,1.51));
#8032 = DIRECTION('',(0.,1.,0.));
#8033 = DIRECTION('',(1.,0.,0.));
#8034 = ADVANCED_FACE('',(#8035),#8069,.T.);
#8035 = FACE_BOUND('',#8036,.T.);
#8036 = EDGE_LOOP('',(#8037,#8038,#8039,#8047,#8055,#8063));
#8037 = ORIENTED_EDGE('',*,*,#7902,.F.);
#8038 = ORIENTED_EDGE('',*,*,#8001,.T.);
#8039 = ORIENTED_EDGE('',*,*,#8040,.T.);
#8040 = EDGE_CURVE('',#7994,#8041,#8043,.T.);
#8041 = VERTEX_POINT('',#8042);
#8042 = CARTESIAN_POINT('',(-71.15,3.669998,1.55));
#8043 = LINE('',#8044,#8045);
#8044 = CARTESIAN_POINT('',(-71.15,5.369998,1.55));
#8045 = VECTOR('',#8046,1.);
#8046 = DIRECTION('',(0.,-1.,0.));
#8047 = ORIENTED_EDGE('',*,*,#8048,.F.);
#8048 = EDGE_CURVE('',#8049,#8041,#8051,.T.);
#8049 = VERTEX_POINT('',#8050);
#8050 = CARTESIAN_POINT('',(-71.15,3.669998,1.545));
#8051 = LINE('',#8052,#8053);
#8052 = CARTESIAN_POINT('',(-71.15,3.669998,1.51));
#8053 = VECTOR('',#8054,1.);
#8054 = DIRECTION('',(0.,0.,1.));
#8055 = ORIENTED_EDGE('',*,*,#8056,.T.);
#8056 = EDGE_CURVE('',#8049,#8057,#8059,.T.);
#8057 = VERTEX_POINT('',#8058);
#8058 = CARTESIAN_POINT('',(-71.15,3.88213,1.545));
#8059 = LINE('',#8060,#8061);
#8060 = CARTESIAN_POINT('',(-71.15,2.684999,1.545));
#8061 = VECTOR('',#8062,1.);
#8062 = DIRECTION('',(-0.,1.,0.));
#8063 = ORIENTED_EDGE('',*,*,#8064,.T.);
#8064 = EDGE_CURVE('',#8057,#7895,#8065,.T.);
#8065 = LINE('',#8066,#8067);
#8066 = CARTESIAN_POINT('',(-71.15,3.88213,1.51));
#8067 = VECTOR('',#8068,1.);
#8068 = DIRECTION('',(0.,0.,-1.));
#8069 = PLANE('',#8070);
#8070 = AXIS2_PLACEMENT_3D('',#8071,#8072,#8073);
#8071 = CARTESIAN_POINT('',(-71.15,5.369998,1.51));
#8072 = DIRECTION('',(1.,0.,-0.));
#8073 = DIRECTION('',(0.,-1.,0.));
#8074 = ADVANCED_FACE('',(#8075),#8093,.T.);
#8075 = FACE_BOUND('',#8076,.T.);
#8076 = EDGE_LOOP('',(#8077,#8078,#8086,#8092));
#8077 = ORIENTED_EDGE('',*,*,#8064,.F.);
#8078 = ORIENTED_EDGE('',*,*,#8079,.T.);
#8079 = EDGE_CURVE('',#8057,#8080,#8082,.T.);
#8080 = VERTEX_POINT('',#8081);
#8081 = CARTESIAN_POINT('',(-68.91787,1.65,1.545));
#8082 = LINE('',#8083,#8084);
#8083 = CARTESIAN_POINT('',(-71.568612,4.300742,1.545));
#8084 = VECTOR('',#8085,1.);
#8085 = DIRECTION('',(0.707106781187,-0.707106781187,0.));
#8086 = ORIENTED_EDGE('',*,*,#8087,.F.);
#8087 = EDGE_CURVE('',#7887,#8080,#8088,.T.);
#8088 = LINE('',#8089,#8090);
#8089 = CARTESIAN_POINT('',(-68.91787,1.65,1.51));
#8090 = VECTOR('',#8091,1.);
#8091 = DIRECTION('',(0.,0.,1.));
#8092 = ORIENTED_EDGE('',*,*,#7894,.F.);
#8093 = PLANE('',#8094);
#8094 = AXIS2_PLACEMENT_3D('',#8095,#8096,#8097);
#8095 = CARTESIAN_POINT('',(-71.568612,4.300742,1.51));
#8096 = DIRECTION('',(0.707106781187,0.707106781187,-0.));
#8097 = DIRECTION('',(0.707106781187,-0.707106781187,0.));
#8098 = ADVANCED_FACE('',(#8099),#8117,.T.);
#8099 = FACE_BOUND('',#8100,.T.);
#8100 = EDGE_LOOP('',(#8101,#8102,#8110,#8116));
#8101 = ORIENTED_EDGE('',*,*,#8087,.T.);
#8102 = ORIENTED_EDGE('',*,*,#8103,.T.);
#8103 = EDGE_CURVE('',#8080,#8104,#8106,.T.);
#8104 = VERTEX_POINT('',#8105);
#8105 = CARTESIAN_POINT('',(-57.31213,1.65,1.545));
#8106 = LINE('',#8107,#8108);
#8107 = CARTESIAN_POINT('',(-68.91787,1.65,1.545));
#8108 = VECTOR('',#8109,1.);
#8109 = DIRECTION('',(1.,0.,0.));
#8110 = ORIENTED_EDGE('',*,*,#8111,.F.);
#8111 = EDGE_CURVE('',#7879,#8104,#8112,.T.);
#8112 = LINE('',#8113,#8114);
#8113 = CARTESIAN_POINT('',(-57.31213,1.65,1.51));
#8114 = VECTOR('',#8115,1.);
#8115 = DIRECTION('',(0.,0.,1.));
#8116 = ORIENTED_EDGE('',*,*,#7886,.F.);
#8117 = PLANE('',#8118);
#8118 = AXIS2_PLACEMENT_3D('',#8119,#8120,#8121);
#8119 = CARTESIAN_POINT('',(-68.91787,1.65,1.51));
#8120 = DIRECTION('',(0.,1.,0.));
#8121 = DIRECTION('',(1.,0.,0.));
#8122 = ADVANCED_FACE('',(#8123),#8141,.T.);
#8123 = FACE_BOUND('',#8124,.T.);
#8124 = EDGE_LOOP('',(#8125,#8126,#8127,#8135));
#8125 = ORIENTED_EDGE('',*,*,#7878,.F.);
#8126 = ORIENTED_EDGE('',*,*,#8111,.T.);
#8127 = ORIENTED_EDGE('',*,*,#8128,.T.);
#8128 = EDGE_CURVE('',#8104,#8129,#8131,.T.);
#8129 = VERTEX_POINT('',#8130);
#8130 = CARTESIAN_POINT('',(-57.099999,1.860944596732,1.545));
#8131 = LINE('',#8132,#8133);
#8132 = CARTESIAN_POINT('',(-57.31213,1.65,1.545));
#8133 = VECTOR('',#8134,1.);
#8134 = DIRECTION('',(0.709086886528,0.70512111538,0.));
#8135 = ORIENTED_EDGE('',*,*,#8136,.F.);
#8136 = EDGE_CURVE('',#7871,#8129,#8137,.T.);
#8137 = LINE('',#8138,#8139);
#8138 = CARTESIAN_POINT('',(-57.099999,1.860944596732,1.51));
#8139 = VECTOR('',#8140,1.);
#8140 = DIRECTION('',(0.,0.,1.));
#8141 = PLANE('',#8142);
#8142 = AXIS2_PLACEMENT_3D('',#8143,#8144,#8145);
#8143 = CARTESIAN_POINT('',(-57.31213,1.65,1.51));
#8144 = DIRECTION('',(-0.70512111538,0.709086886528,0.));
#8145 = DIRECTION('',(0.709086886528,0.70512111538,0.));
#8146 = ADVANCED_FACE('',(#8147),#8172,.T.);
#8147 = FACE_BOUND('',#8148,.T.);
#8148 = EDGE_LOOP('',(#8149,#8150,#8158,#8166));
#8149 = ORIENTED_EDGE('',*,*,#7802,.F.);
#8150 = ORIENTED_EDGE('',*,*,#8151,.F.);
#8151 = EDGE_CURVE('',#8152,#7803,#8154,.T.);
#8152 = VERTEX_POINT('',#8153);
#8153 = CARTESIAN_POINT('',(-56.96428934524,1.577652654756,1.545));
#8154 = LINE('',#8155,#8156);
#8155 = CARTESIAN_POINT('',(-56.96428934524,1.577652654756,1.51));
#8156 = VECTOR('',#8157,1.);
#8157 = DIRECTION('',(0.,0.,-1.));
#8158 = ORIENTED_EDGE('',*,*,#8159,.T.);
#8159 = EDGE_CURVE('',#8152,#8160,#8162,.T.);
#8160 = VERTEX_POINT('',#8161);
#8161 = CARTESIAN_POINT('',(-57.166663,1.375279,1.545));
#8162 = LINE('',#8163,#8164);
#8163 = CARTESIAN_POINT('',(-56.375278,2.166664,1.545));
#8164 = VECTOR('',#8165,1.);
#8165 = DIRECTION('',(-0.707106781187,-0.707106781187,0.));
#8166 = ORIENTED_EDGE('',*,*,#8167,.F.);
#8167 = EDGE_CURVE('',#7795,#8160,#8168,.T.);
#8168 = LINE('',#8169,#8170);
#8169 = CARTESIAN_POINT('',(-57.166663,1.375279,1.51));
#8170 = VECTOR('',#8171,1.);
#8171 = DIRECTION('',(0.,0.,1.));
#8172 = PLANE('',#8173);
#8173 = AXIS2_PLACEMENT_3D('',#8174,#8175,#8176);
#8174 = CARTESIAN_POINT('',(-56.375278,2.166664,1.51));
#8175 = DIRECTION('',(0.707106781187,-0.707106781187,0.));
#8176 = DIRECTION('',(-0.707106781187,-0.707106781187,0.));
#8177 = ADVANCED_FACE('',(#8178),#8196,.T.);
#8178 = FACE_BOUND('',#8179,.T.);
#8179 = EDGE_LOOP('',(#8180,#8181,#8189,#8195));
#8180 = ORIENTED_EDGE('',*,*,#8167,.T.);
#8181 = ORIENTED_EDGE('',*,*,#8182,.T.);
#8182 = EDGE_CURVE('',#8160,#8183,#8185,.T.);
#8183 = VERTEX_POINT('',#8184);
#8184 = CARTESIAN_POINT('',(-57.220734,1.352882,1.545));
#8185 = LINE('',#8186,#8187);
#8186 = CARTESIAN_POINT('',(-57.166663,1.375279,1.545));
#8187 = VECTOR('',#8188,1.);
#8188 = DIRECTION('',(-0.923879179303,-0.382684285085,0.));
#8189 = ORIENTED_EDGE('',*,*,#8190,.F.);
#8190 = EDGE_CURVE('',#7787,#8183,#8191,.T.);
#8191 = LINE('',#8192,#8193);
#8192 = CARTESIAN_POINT('',(-57.220734,1.352882,1.51));
#8193 = VECTOR('',#8194,1.);
#8194 = DIRECTION('',(0.,0.,1.));
#8195 = ORIENTED_EDGE('',*,*,#7794,.F.);
#8196 = PLANE('',#8197);
#8197 = AXIS2_PLACEMENT_3D('',#8198,#8199,#8200);
#8198 = CARTESIAN_POINT('',(-57.166663,1.375279,1.51));
#8199 = DIRECTION('',(0.382684285085,-0.923879179303,0.));
#8200 = DIRECTION('',(-0.923879179303,-0.382684285085,0.));
#8201 = ADVANCED_FACE('',(#8202),#8220,.T.);
#8202 = FACE_BOUND('',#8203,.T.);
#8203 = EDGE_LOOP('',(#8204,#8205,#8213,#8219));
#8204 = ORIENTED_EDGE('',*,*,#8190,.T.);
#8205 = ORIENTED_EDGE('',*,*,#8206,.T.);
#8206 = EDGE_CURVE('',#8183,#8207,#8209,.T.);
#8207 = VERTEX_POINT('',#8208);
#8208 = CARTESIAN_POINT('',(-69.009266,1.352882,1.545));
#8209 = LINE('',#8210,#8211);
#8210 = CARTESIAN_POINT('',(-57.220734,1.352882,1.545));
#8211 = VECTOR('',#8212,1.);
#8212 = DIRECTION('',(-1.,0.,0.));
#8213 = ORIENTED_EDGE('',*,*,#8214,.F.);
#8214 = EDGE_CURVE('',#7779,#8207,#8215,.T.);
#8215 = LINE('',#8216,#8217);
#8216 = CARTESIAN_POINT('',(-69.009266,1.352882,1.51));
#8217 = VECTOR('',#8218,1.);
#8218 = DIRECTION('',(0.,0.,1.));
#8219 = ORIENTED_EDGE('',*,*,#7786,.F.);
#8220 = PLANE('',#8221);
#8221 = AXIS2_PLACEMENT_3D('',#8222,#8223,#8224);
#8222 = CARTESIAN_POINT('',(-57.220734,1.352882,1.51));
#8223 = DIRECTION('',(0.,-1.,0.));
#8224 = DIRECTION('',(-1.,0.,0.));
#8225 = ADVANCED_FACE('',(#8226),#8244,.T.);
#8226 = FACE_BOUND('',#8227,.T.);
#8227 = EDGE_LOOP('',(#8228,#8229,#8237,#8243));
#8228 = ORIENTED_EDGE('',*,*,#8214,.T.);
#8229 = ORIENTED_EDGE('',*,*,#8230,.T.);
#8230 = EDGE_CURVE('',#8207,#8231,#8233,.T.);
#8231 = VERTEX_POINT('',#8232);
#8232 = CARTESIAN_POINT('',(-69.063337,1.375279,1.545));
#8233 = LINE('',#8234,#8235);
#8234 = CARTESIAN_POINT('',(-69.009266,1.352882,1.545));
#8235 = VECTOR('',#8236,1.);
#8236 = DIRECTION('',(-0.923879179303,0.382684285085,0.));
#8237 = ORIENTED_EDGE('',*,*,#8238,.F.);
#8238 = EDGE_CURVE('',#7771,#8231,#8239,.T.);
#8239 = LINE('',#8240,#8241);
#8240 = CARTESIAN_POINT('',(-69.063337,1.375279,1.51));
#8241 = VECTOR('',#8242,1.);
#8242 = DIRECTION('',(0.,0.,1.));
#8243 = ORIENTED_EDGE('',*,*,#7778,.F.);
#8244 = PLANE('',#8245);
#8245 = AXIS2_PLACEMENT_3D('',#8246,#8247,#8248);
#8246 = CARTESIAN_POINT('',(-69.009266,1.352882,1.51));
#8247 = DIRECTION('',(-0.382684285085,-0.923879179303,0.));
#8248 = DIRECTION('',(-0.923879179303,0.382684285085,0.));
#8249 = ADVANCED_FACE('',(#8250),#8268,.T.);
#8250 = FACE_BOUND('',#8251,.T.);
#8251 = EDGE_LOOP('',(#8252,#8253,#8254,#8262));
#8252 = ORIENTED_EDGE('',*,*,#7770,.F.);
#8253 = ORIENTED_EDGE('',*,*,#8238,.T.);
#8254 = ORIENTED_EDGE('',*,*,#8255,.T.);
#8255 = EDGE_CURVE('',#8231,#8256,#8258,.T.);
#8256 = VERTEX_POINT('',#8257);
#8257 = CARTESIAN_POINT('',(-71.36142446158,3.669998,1.545));
#8258 = LINE('',#8259,#8260);
#8259 = CARTESIAN_POINT('',(-69.063337,1.375279,1.545));
#8260 = VECTOR('',#8261,1.);
#8261 = DIRECTION('',(-0.707625197967,0.706587984049,0.));
#8262 = ORIENTED_EDGE('',*,*,#8263,.F.);
#8263 = EDGE_CURVE('',#7763,#8256,#8264,.T.);
#8264 = LINE('',#8265,#8266);
#8265 = CARTESIAN_POINT('',(-71.36142446158,3.669998,1.51));
#8266 = VECTOR('',#8267,1.);
#8267 = DIRECTION('',(0.,0.,1.));
#8268 = PLANE('',#8269);
#8269 = AXIS2_PLACEMENT_3D('',#8270,#8271,#8272);
#8270 = CARTESIAN_POINT('',(-69.063337,1.375279,1.51));
#8271 = DIRECTION('',(-0.706587984049,-0.707625197967,0.));
#8272 = DIRECTION('',(-0.707625197967,0.706587984049,0.));
#8273 = ADVANCED_FACE('',(#8274),#8292,.T.);
#8274 = FACE_BOUND('',#8275,.T.);
#8275 = EDGE_LOOP('',(#8276,#8284,#8290,#8291));
#8276 = ORIENTED_EDGE('',*,*,#8277,.T.);
#8277 = EDGE_CURVE('',#7755,#8278,#8280,.T.);
#8278 = VERTEX_POINT('',#8279);
#8279 = CARTESIAN_POINT('',(-72.85,3.669998,1.55));
#8280 = LINE('',#8281,#8282);
#8281 = CARTESIAN_POINT('',(-72.85,3.669998,1.51));
#8282 = VECTOR('',#8283,1.);
#8283 = DIRECTION('',(0.,0.,1.));
#8284 = ORIENTED_EDGE('',*,*,#8285,.T.);
#8285 = EDGE_CURVE('',#8278,#7986,#8286,.T.);
#8286 = LINE('',#8287,#8288);
#8287 = CARTESIAN_POINT('',(-72.85,3.669998,1.55));
#8288 = VECTOR('',#8289,1.);
#8289 = DIRECTION('',(0.,1.,0.));
#8290 = ORIENTED_EDGE('',*,*,#7985,.F.);
#8291 = ORIENTED_EDGE('',*,*,#7754,.F.);
#8292 = PLANE('',#8293);
#8293 = AXIS2_PLACEMENT_3D('',#8294,#8295,#8296);
#8294 = CARTESIAN_POINT('',(-72.85,3.669998,1.51));
#8295 = DIRECTION('',(-1.,0.,0.));
#8296 = DIRECTION('',(0.,1.,0.));
#8297 = ADVANCED_FACE('',(#8298),#8316,.T.);
#8298 = FACE_BOUND('',#8299,.T.);
#8299 = EDGE_LOOP('',(#8300,#8306,#8307,#8313,#8314,#8315));
#8300 = ORIENTED_EDGE('',*,*,#8301,.T.);
#8301 = EDGE_CURVE('',#8256,#8049,#8302,.T.);
#8302 = LINE('',#8303,#8304);
#8303 = CARTESIAN_POINT('',(-35.575,3.669998,1.545));
#8304 = VECTOR('',#8305,1.);
#8305 = DIRECTION('',(1.,0.,-0.));
#8306 = ORIENTED_EDGE('',*,*,#8048,.T.);
#8307 = ORIENTED_EDGE('',*,*,#8308,.T.);
#8308 = EDGE_CURVE('',#8041,#8278,#8309,.T.);
#8309 = LINE('',#8310,#8311);
#8310 = CARTESIAN_POINT('',(-71.15,3.669998,1.55));
#8311 = VECTOR('',#8312,1.);
#8312 = DIRECTION('',(-1.,0.,0.));
#8313 = ORIENTED_EDGE('',*,*,#8277,.F.);
#8314 = ORIENTED_EDGE('',*,*,#7762,.F.);
#8315 = ORIENTED_EDGE('',*,*,#8263,.T.);
#8316 = PLANE('',#8317);
#8317 = AXIS2_PLACEMENT_3D('',#8318,#8319,#8320);
#8318 = CARTESIAN_POINT('',(-71.15,3.669998,1.51));
#8319 = DIRECTION('',(0.,-1.,0.));
#8320 = DIRECTION('',(-1.,0.,0.));
#8321 = ADVANCED_FACE('',(#8322),#8347,.F.);
#8322 = FACE_BOUND('',#8323,.F.);
#8323 = EDGE_LOOP('',(#8324,#8332,#8340,#8346));
#8324 = ORIENTED_EDGE('',*,*,#8325,.T.);
#8325 = EDGE_CURVE('',#7942,#8326,#8328,.T.);
#8326 = VERTEX_POINT('',#8327);
#8327 = CARTESIAN_POINT('',(-72.85,3.669998,-4.E-02));
#8328 = LINE('',#8329,#8330);
#8329 = CARTESIAN_POINT('',(-72.85,3.669998,0.));
#8330 = VECTOR('',#8331,1.);
#8331 = DIRECTION('',(0.,0.,-1.));
#8332 = ORIENTED_EDGE('',*,*,#8333,.T.);
#8333 = EDGE_CURVE('',#8326,#8334,#8336,.T.);
#8334 = VERTEX_POINT('',#8335);
#8335 = CARTESIAN_POINT('',(-72.85,5.369998,-4.E-02));
#8336 = LINE('',#8337,#8338);
#8337 = CARTESIAN_POINT('',(-72.85,3.669998,-4.E-02));
#8338 = VECTOR('',#8339,1.);
#8339 = DIRECTION('',(0.,1.,0.));
#8340 = ORIENTED_EDGE('',*,*,#8341,.F.);
#8341 = EDGE_CURVE('',#7944,#8334,#8342,.T.);
#8342 = LINE('',#8343,#8344);
#8343 = CARTESIAN_POINT('',(-72.85,5.369998,0.));
#8344 = VECTOR('',#8345,1.);
#8345 = DIRECTION('',(0.,0.,-1.));
#8346 = ORIENTED_EDGE('',*,*,#7941,.F.);
#8347 = PLANE('',#8348);
#8348 = AXIS2_PLACEMENT_3D('',#8349,#8350,#8351);
#8349 = CARTESIAN_POINT('',(-72.85,3.669998,0.));
#8350 = DIRECTION('',(1.,-0.,0.));
#8351 = DIRECTION('',(0.,1.,0.));
#8352 = ADVANCED_FACE('',(#8353),#8371,.F.);
#8353 = FACE_BOUND('',#8354,.F.);
#8354 = EDGE_LOOP('',(#8355,#8363,#8369,#8370));
#8355 = ORIENTED_EDGE('',*,*,#8356,.T.);
#8356 = EDGE_CURVE('',#7960,#8357,#8359,.T.);
#8357 = VERTEX_POINT('',#8358);
#8358 = CARTESIAN_POINT('',(-71.15,3.669998,-4.E-02));
#8359 = LINE('',#8360,#8361);
#8360 = CARTESIAN_POINT('',(-71.15,3.669998,0.));
#8361 = VECTOR('',#8362,1.);
#8362 = DIRECTION('',(0.,0.,-1.));
#8363 = ORIENTED_EDGE('',*,*,#8364,.T.);
#8364 = EDGE_CURVE('',#8357,#8326,#8365,.T.);
#8365 = LINE('',#8366,#8367);
#8366 = CARTESIAN_POINT('',(-71.15,3.669998,-4.E-02));
#8367 = VECTOR('',#8368,1.);
#8368 = DIRECTION('',(-1.,0.,0.));
#8369 = ORIENTED_EDGE('',*,*,#8325,.F.);
#8370 = ORIENTED_EDGE('',*,*,#7967,.F.);
#8371 = PLANE('',#8372);
#8372 = AXIS2_PLACEMENT_3D('',#8373,#8374,#8375);
#8373 = CARTESIAN_POINT('',(-71.15,3.669998,0.));
#8374 = DIRECTION('',(0.,1.,0.));
#8375 = DIRECTION('',(-1.,0.,0.));
#8376 = ADVANCED_FACE('',(#8377),#8395,.F.);
#8377 = FACE_BOUND('',#8378,.F.);
#8378 = EDGE_LOOP('',(#8379,#8380,#8388,#8394));
#8379 = ORIENTED_EDGE('',*,*,#8341,.T.);
#8380 = ORIENTED_EDGE('',*,*,#8381,.T.);
#8381 = EDGE_CURVE('',#8334,#8382,#8384,.T.);
#8382 = VERTEX_POINT('',#8383);
#8383 = CARTESIAN_POINT('',(-71.15,5.369998,-4.E-02));
#8384 = LINE('',#8385,#8386);
#8385 = CARTESIAN_POINT('',(-72.85,5.369998,-4.E-02));
#8386 = VECTOR('',#8387,1.);
#8387 = DIRECTION('',(1.,0.,0.));
#8388 = ORIENTED_EDGE('',*,*,#8389,.F.);
#8389 = EDGE_CURVE('',#7952,#8382,#8390,.T.);
#8390 = LINE('',#8391,#8392);
#8391 = CARTESIAN_POINT('',(-71.15,5.369998,0.));
#8392 = VECTOR('',#8393,1.);
#8393 = DIRECTION('',(0.,0.,-1.));
#8394 = ORIENTED_EDGE('',*,*,#7951,.F.);
#8395 = PLANE('',#8396);
#8396 = AXIS2_PLACEMENT_3D('',#8397,#8398,#8399);
#8397 = CARTESIAN_POINT('',(-72.85,5.369998,0.));
#8398 = DIRECTION('',(0.,-1.,0.));
#8399 = DIRECTION('',(1.,0.,0.));
#8400 = ADVANCED_FACE('',(#8401),#8412,.F.);
#8401 = FACE_BOUND('',#8402,.F.);
#8402 = EDGE_LOOP('',(#8403,#8404,#8410,#8411));
#8403 = ORIENTED_EDGE('',*,*,#8389,.T.);
#8404 = ORIENTED_EDGE('',*,*,#8405,.T.);
#8405 = EDGE_CURVE('',#8382,#8357,#8406,.T.);
#8406 = LINE('',#8407,#8408);
#8407 = CARTESIAN_POINT('',(-71.15,5.369998,-4.E-02));
#8408 = VECTOR('',#8409,1.);
#8409 = DIRECTION('',(0.,-1.,0.));
#8410 = ORIENTED_EDGE('',*,*,#8356,.F.);
#8411 = ORIENTED_EDGE('',*,*,#7959,.F.);
#8412 = PLANE('',#8413);
#8413 = AXIS2_PLACEMENT_3D('',#8414,#8415,#8416);
#8414 = CARTESIAN_POINT('',(-71.15,5.369998,0.));
#8415 = DIRECTION('',(-1.,-0.,-0.));
#8416 = DIRECTION('',(0.,-1.,0.));
#8417 = ADVANCED_FACE('',(#8418),#8436,.T.);
#8418 = FACE_BOUND('',#8419,.T.);
#8419 = EDGE_LOOP('',(#8420,#8421,#8429,#8435));
#8420 = ORIENTED_EDGE('',*,*,#8024,.F.);
#8421 = ORIENTED_EDGE('',*,*,#8422,.T.);
#8422 = EDGE_CURVE('',#8017,#8423,#8425,.T.);
#8423 = VERTEX_POINT('',#8424);
#8424 = CARTESIAN_POINT('',(-72.39999910915,7.299999,1.545));
#8425 = LINE('',#8426,#8427);
#8426 = CARTESIAN_POINT('',(-72.4,4.793626,1.545));
#8427 = VECTOR('',#8428,1.);
#8428 = DIRECTION('',(3.118788773752E-07,1.,0.));
#8429 = ORIENTED_EDGE('',*,*,#8430,.F.);
#8430 = EDGE_CURVE('',#7730,#8423,#8431,.T.);
#8431 = LINE('',#8432,#8433);
#8432 = CARTESIAN_POINT('',(-72.399999,7.299999,1.51));
#8433 = VECTOR('',#8434,1.);
#8434 = DIRECTION('',(0.,0.,1.));
#8435 = ORIENTED_EDGE('',*,*,#7738,.F.);
#8436 = PLANE('',#8437);
#8437 = AXIS2_PLACEMENT_3D('',#8438,#8439,#8440);
#8438 = CARTESIAN_POINT('',(-72.4,4.793626,1.51));
#8439 = DIRECTION('',(-1.,3.118788773752E-07,0.));
#8440 = DIRECTION('',(3.118788773752E-07,1.,0.));
#8441 = ADVANCED_FACE('',(#8442),#8460,.T.);
#8442 = FACE_BOUND('',#8443,.T.);
#8443 = EDGE_LOOP('',(#8444,#8445,#8453,#8459));
#8444 = ORIENTED_EDGE('',*,*,#8016,.F.);
#8445 = ORIENTED_EDGE('',*,*,#8446,.F.);
#8446 = EDGE_CURVE('',#8447,#8009,#8449,.T.);
#8447 = VERTEX_POINT('',#8448);
#8448 = CARTESIAN_POINT('',(-71.59999910915,7.299999,1.545));
#8449 = LINE('',#8450,#8451);
#8450 = CARTESIAN_POINT('',(-71.599999,7.999999,1.545));
#8451 = VECTOR('',#8452,1.);
#8452 = DIRECTION('',(-3.118786784064E-07,-1.,0.));
#8453 = ORIENTED_EDGE('',*,*,#8454,.F.);
#8454 = EDGE_CURVE('',#8423,#8447,#8455,.T.);
#8455 = LINE('',#8456,#8457);
#8456 = CARTESIAN_POINT('',(-35.7999995,7.299999,1.545));
#8457 = VECTOR('',#8458,1.);
#8458 = DIRECTION('',(1.,0.,-0.));
#8459 = ORIENTED_EDGE('',*,*,#8422,.F.);
#8460 = PLANE('',#8461);
#8461 = AXIS2_PLACEMENT_3D('',#8462,#8463,#8464);
#8462 = CARTESIAN_POINT('',(0.,0.,1.545));
#8463 = DIRECTION('',(0.,0.,1.));
#8464 = DIRECTION('',(1.,0.,-0.));
#8465 = ADVANCED_FACE('',(#8466),#8477,.T.);
#8466 = FACE_BOUND('',#8467,.T.);
#8467 = EDGE_LOOP('',(#8468,#8469,#8475,#8476));
#8468 = ORIENTED_EDGE('',*,*,#7670,.F.);
#8469 = ORIENTED_EDGE('',*,*,#8470,.T.);
#8470 = EDGE_CURVE('',#7671,#8447,#8471,.T.);
#8471 = LINE('',#8472,#8473);
#8472 = CARTESIAN_POINT('',(-71.599999,7.299999,1.51));
#8473 = VECTOR('',#8474,1.);
#8474 = DIRECTION('',(0.,0.,1.));
#8475 = ORIENTED_EDGE('',*,*,#8446,.T.);
#8476 = ORIENTED_EDGE('',*,*,#8008,.F.);
#8477 = PLANE('',#8478);
#8478 = AXIS2_PLACEMENT_3D('',#8479,#8480,#8481);
#8479 = CARTESIAN_POINT('',(-71.599999,7.999999,1.51));
#8480 = DIRECTION('',(1.,-3.118786784064E-07,0.));
#8481 = DIRECTION('',(-3.118786784064E-07,-1.,0.));
#8482 = ADVANCED_FACE('',(#8483,#8489),#8500,.T.);
#8483 = FACE_BOUND('',#8484,.T.);
#8484 = EDGE_LOOP('',(#8485,#8486,#8487,#8488));
#8485 = ORIENTED_EDGE('',*,*,#8285,.F.);
#8486 = ORIENTED_EDGE('',*,*,#8308,.F.);
#8487 = ORIENTED_EDGE('',*,*,#8040,.F.);
#8488 = ORIENTED_EDGE('',*,*,#7993,.F.);
#8489 = FACE_BOUND('',#8490,.T.);
#8490 = EDGE_LOOP('',(#8491));
#8491 = ORIENTED_EDGE('',*,*,#8492,.T.);
#8492 = EDGE_CURVE('',#8493,#8493,#8495,.T.);
#8493 = VERTEX_POINT('',#8494);
#8494 = CARTESIAN_POINT('',(-72.,4.044998,1.55));
#8495 = CIRCLE('',#8496,0.475);
#8496 = AXIS2_PLACEMENT_3D('',#8497,#8498,#8499);
#8497 = CARTESIAN_POINT('',(-72.,4.519998,1.55));
#8498 = DIRECTION('',(-0.,0.,-1.));
#8499 = DIRECTION('',(-0.,-1.,0.));
#8500 = PLANE('',#8501);
#8501 = AXIS2_PLACEMENT_3D('',#8502,#8503,#8504);
#8502 = CARTESIAN_POINT('',(0.,0.,1.55));
#8503 = DIRECTION('',(0.,0.,1.));
#8504 = DIRECTION('',(1.,0.,-0.));
#8505 = ADVANCED_FACE('',(#8506),#8533,.T.);
#8506 = FACE_BOUND('',#8507,.T.);
#8507 = EDGE_LOOP('',(#8508,#8509,#8510,#8511,#8512,#8513,#8514,#8523,
    #8529,#8530,#8531,#8532));
#8508 = ORIENTED_EDGE('',*,*,#8301,.F.);
#8509 = ORIENTED_EDGE('',*,*,#8255,.F.);
#8510 = ORIENTED_EDGE('',*,*,#8230,.F.);
#8511 = ORIENTED_EDGE('',*,*,#8206,.F.);
#8512 = ORIENTED_EDGE('',*,*,#8182,.F.);
#8513 = ORIENTED_EDGE('',*,*,#8159,.F.);
#8514 = ORIENTED_EDGE('',*,*,#8515,.T.);
#8515 = EDGE_CURVE('',#8152,#8516,#8518,.T.);
#8516 = VERTEX_POINT('',#8517);
#8517 = CARTESIAN_POINT('',(-57.099999,1.799999,1.545));
#8518 = CIRCLE('',#8519,0.249998959685);
#8519 = AXIS2_PLACEMENT_3D('',#8520,#8521,#8522);
#8520 = CARTESIAN_POINT('',(-56.85000004031,1.799997959683,1.545));
#8521 = DIRECTION('',(0.,0.,-1.));
#8522 = DIRECTION('',(4.161285837066E-06,-0.999999999991,0.));
#8523 = ORIENTED_EDGE('',*,*,#8524,.F.);
#8524 = EDGE_CURVE('',#8129,#8516,#8525,.T.);
#8525 = LINE('',#8526,#8527);
#8526 = CARTESIAN_POINT('',(-57.099999,0.8999995,1.545));
#8527 = VECTOR('',#8528,1.);
#8528 = DIRECTION('',(0.,-1.,0.));
#8529 = ORIENTED_EDGE('',*,*,#8128,.F.);
#8530 = ORIENTED_EDGE('',*,*,#8103,.F.);
#8531 = ORIENTED_EDGE('',*,*,#8079,.F.);
#8532 = ORIENTED_EDGE('',*,*,#8056,.F.);
#8533 = PLANE('',#8534);
#8534 = AXIS2_PLACEMENT_3D('',#8535,#8536,#8537);
#8535 = CARTESIAN_POINT('',(0.,0.,1.545));
#8536 = DIRECTION('',(0.,0.,1.));
#8537 = DIRECTION('',(1.,0.,-0.));
#8538 = ADVANCED_FACE('',(#8539),#8566,.T.);
#8539 = FACE_BOUND('',#8540,.T.);
#8540 = EDGE_LOOP('',(#8541,#8542,#8550,#8558,#8564,#8565));
#8541 = ORIENTED_EDGE('',*,*,#8524,.T.);
#8542 = ORIENTED_EDGE('',*,*,#8543,.T.);
#8543 = EDGE_CURVE('',#8516,#8544,#8546,.T.);
#8544 = VERTEX_POINT('',#8545);
#8545 = CARTESIAN_POINT('',(-57.099999,1.799999,1.55));
#8546 = LINE('',#8547,#8548);
#8547 = CARTESIAN_POINT('',(-57.099999,1.799999,1.51));
#8548 = VECTOR('',#8549,1.);
#8549 = DIRECTION('',(0.,0.,1.));
#8550 = ORIENTED_EDGE('',*,*,#8551,.T.);
#8551 = EDGE_CURVE('',#8544,#8552,#8554,.T.);
#8552 = VERTEX_POINT('',#8553);
#8553 = CARTESIAN_POINT('',(-57.099999,2.699999,1.55));
#8554 = LINE('',#8555,#8556);
#8555 = CARTESIAN_POINT('',(-57.099999,1.799999,1.55));
#8556 = VECTOR('',#8557,1.);
#8557 = DIRECTION('',(0.,1.,0.));
#8558 = ORIENTED_EDGE('',*,*,#8559,.F.);
#8559 = EDGE_CURVE('',#7862,#8552,#8560,.T.);
#8560 = LINE('',#8561,#8562);
#8561 = CARTESIAN_POINT('',(-57.099999,2.699999,1.51));
#8562 = VECTOR('',#8563,1.);
#8563 = DIRECTION('',(0.,0.,1.));
#8564 = ORIENTED_EDGE('',*,*,#7870,.F.);
#8565 = ORIENTED_EDGE('',*,*,#8136,.T.);
#8566 = PLANE('',#8567);
#8567 = AXIS2_PLACEMENT_3D('',#8568,#8569,#8570);
#8568 = CARTESIAN_POINT('',(-57.099999,1.799999,1.51));
#8569 = DIRECTION('',(-1.,0.,0.));
#8570 = DIRECTION('',(0.,1.,0.));
#8571 = ADVANCED_FACE('',(#8572),#8593,.T.);
#8572 = FACE_BOUND('',#8573,.T.);
#8573 = EDGE_LOOP('',(#8574,#8575,#8583,#8590,#8591,#8592));
#8574 = ORIENTED_EDGE('',*,*,#7810,.F.);
#8575 = ORIENTED_EDGE('',*,*,#8576,.T.);
#8576 = EDGE_CURVE('',#7811,#8577,#8579,.T.);
#8577 = VERTEX_POINT('',#8578);
#8578 = CARTESIAN_POINT('',(-56.849999,1.549999,1.55));
#8579 = LINE('',#8580,#8581);
#8580 = CARTESIAN_POINT('',(-56.849999,1.549999,1.51));
#8581 = VECTOR('',#8582,1.);
#8582 = DIRECTION('',(0.,0.,1.));
#8583 = ORIENTED_EDGE('',*,*,#8584,.T.);
#8584 = EDGE_CURVE('',#8577,#8544,#8585,.T.);
#8585 = CIRCLE('',#8586,0.249998959685);
#8586 = AXIS2_PLACEMENT_3D('',#8587,#8588,#8589);
#8587 = CARTESIAN_POINT('',(-56.85000004031,1.799997959683,1.55));
#8588 = DIRECTION('',(0.,0.,-1.));
#8589 = DIRECTION('',(4.161285837066E-06,-0.999999999991,0.));
#8590 = ORIENTED_EDGE('',*,*,#8543,.F.);
#8591 = ORIENTED_EDGE('',*,*,#8515,.F.);
#8592 = ORIENTED_EDGE('',*,*,#8151,.T.);
#8593 = CYLINDRICAL_SURFACE('',#8594,0.249998959685);
#8594 = AXIS2_PLACEMENT_3D('',#8595,#8596,#8597);
#8595 = CARTESIAN_POINT('',(-56.85000004031,1.799997959683,1.51));
#8596 = DIRECTION('',(0.,0.,-1.));
#8597 = DIRECTION('',(4.161285837066E-06,-0.999999999991,0.));
#8598 = ADVANCED_FACE('',(#8599,#8605),#8616,.T.);
#8599 = FACE_BOUND('',#8600,.T.);
#8600 = EDGE_LOOP('',(#8601,#8602,#8603,#8604));
#8601 = ORIENTED_EDGE('',*,*,#8333,.T.);
#8602 = ORIENTED_EDGE('',*,*,#8381,.T.);
#8603 = ORIENTED_EDGE('',*,*,#8405,.T.);
#8604 = ORIENTED_EDGE('',*,*,#8364,.T.);
#8605 = FACE_BOUND('',#8606,.T.);
#8606 = EDGE_LOOP('',(#8607));
#8607 = ORIENTED_EDGE('',*,*,#8608,.F.);
#8608 = EDGE_CURVE('',#8609,#8609,#8611,.T.);
#8609 = VERTEX_POINT('',#8610);
#8610 = CARTESIAN_POINT('',(-72.,4.044998,-4.E-02));
#8611 = CIRCLE('',#8612,0.475);
#8612 = AXIS2_PLACEMENT_3D('',#8613,#8614,#8615);
#8613 = CARTESIAN_POINT('',(-72.,4.519998,-4.E-02));
#8614 = DIRECTION('',(-0.,0.,-1.));
#8615 = DIRECTION('',(-0.,-1.,0.));
#8616 = PLANE('',#8617);
#8617 = AXIS2_PLACEMENT_3D('',#8618,#8619,#8620);
#8618 = CARTESIAN_POINT('',(0.,0.,-4.E-02));
#8619 = DIRECTION('',(-0.,-0.,-1.));
#8620 = DIRECTION('',(-1.,0.,0.));
#8621 = ADVANCED_FACE('',(#8622),#8649,.T.);
#8622 = FACE_BOUND('',#8623,.T.);
#8623 = EDGE_LOOP('',(#8624,#8625,#8633,#8642,#8648));
#8624 = ORIENTED_EDGE('',*,*,#8430,.T.);
#8625 = ORIENTED_EDGE('',*,*,#8626,.T.);
#8626 = EDGE_CURVE('',#8423,#8627,#8629,.T.);
#8627 = VERTEX_POINT('',#8628);
#8628 = CARTESIAN_POINT('',(-72.399999,7.299999,1.55));
#8629 = LINE('',#8630,#8631);
#8630 = CARTESIAN_POINT('',(-72.399999,7.299999,1.51));
#8631 = VECTOR('',#8632,1.);
#8632 = DIRECTION('',(0.,0.,1.));
#8633 = ORIENTED_EDGE('',*,*,#8634,.T.);
#8634 = EDGE_CURVE('',#8627,#8635,#8637,.T.);
#8635 = VERTEX_POINT('',#8636);
#8636 = CARTESIAN_POINT('',(-72.649999,7.549999,1.55));
#8637 = CIRCLE('',#8638,0.249998959685);
#8638 = AXIS2_PLACEMENT_3D('',#8639,#8640,#8641);
#8639 = CARTESIAN_POINT('',(-72.40000004031,7.549997959683,1.55));
#8640 = DIRECTION('',(0.,0.,-1.));
#8641 = DIRECTION('',(4.161285837066E-06,-0.999999999991,0.));
#8642 = ORIENTED_EDGE('',*,*,#8643,.F.);
#8643 = EDGE_CURVE('',#7722,#8635,#8644,.T.);
#8644 = LINE('',#8645,#8646);
#8645 = CARTESIAN_POINT('',(-72.649999,7.549999,1.51));
#8646 = VECTOR('',#8647,1.);
#8647 = DIRECTION('',(0.,0.,1.));
#8648 = ORIENTED_EDGE('',*,*,#7729,.F.);
#8649 = CYLINDRICAL_SURFACE('',#8650,0.249998959685);
#8650 = AXIS2_PLACEMENT_3D('',#8651,#8652,#8653);
#8651 = CARTESIAN_POINT('',(-72.40000004031,7.549997959683,1.51));
#8652 = DIRECTION('',(0.,0.,-1.));
#8653 = DIRECTION('',(4.161285837066E-06,-0.999999999991,0.));
#8654 = ADVANCED_FACE('',(#8655),#8673,.T.);
#8655 = FACE_BOUND('',#8656,.T.);
#8656 = EDGE_LOOP('',(#8657,#8658,#8666,#8672));
#8657 = ORIENTED_EDGE('',*,*,#8454,.T.);
#8658 = ORIENTED_EDGE('',*,*,#8659,.T.);
#8659 = EDGE_CURVE('',#8447,#8660,#8662,.T.);
#8660 = VERTEX_POINT('',#8661);
#8661 = CARTESIAN_POINT('',(-71.599999,7.299999,1.55));
#8662 = LINE('',#8663,#8664);
#8663 = CARTESIAN_POINT('',(-71.599999,7.299999,1.51));
#8664 = VECTOR('',#8665,1.);
#8665 = DIRECTION('',(0.,0.,1.));
#8666 = ORIENTED_EDGE('',*,*,#8667,.T.);
#8667 = EDGE_CURVE('',#8660,#8627,#8668,.T.);
#8668 = LINE('',#8669,#8670);
#8669 = CARTESIAN_POINT('',(-71.599999,7.299999,1.55));
#8670 = VECTOR('',#8671,1.);
#8671 = DIRECTION('',(-1.,0.,0.));
#8672 = ORIENTED_EDGE('',*,*,#8626,.F.);
#8673 = PLANE('',#8674);
#8674 = AXIS2_PLACEMENT_3D('',#8675,#8676,#8677);
#8675 = CARTESIAN_POINT('',(-71.599999,7.299999,1.51));
#8676 = DIRECTION('',(0.,-1.,0.));
#8677 = DIRECTION('',(-1.,0.,0.));
#8678 = ADVANCED_FACE('',(#8679),#8699,.T.);
#8679 = FACE_BOUND('',#8680,.T.);
#8680 = EDGE_LOOP('',(#8681,#8689,#8696,#8697,#8698));
#8681 = ORIENTED_EDGE('',*,*,#8682,.T.);
#8682 = EDGE_CURVE('',#7679,#8683,#8685,.T.);
#8683 = VERTEX_POINT('',#8684);
#8684 = CARTESIAN_POINT('',(-71.349999,7.549999,1.55));
#8685 = LINE('',#8686,#8687);
#8686 = CARTESIAN_POINT('',(-71.349999,7.549999,1.51));
#8687 = VECTOR('',#8688,1.);
#8688 = DIRECTION('',(0.,0.,1.));
#8689 = ORIENTED_EDGE('',*,*,#8690,.T.);
#8690 = EDGE_CURVE('',#8683,#8660,#8691,.T.);
#8691 = CIRCLE('',#8692,0.249998959685);
#8692 = AXIS2_PLACEMENT_3D('',#8693,#8694,#8695);
#8693 = CARTESIAN_POINT('',(-71.59999795968,7.549997959683,1.55));
#8694 = DIRECTION('',(0.,0.,-1.));
#8695 = DIRECTION('',(0.999999999991,4.161285837067E-06,0.));
#8696 = ORIENTED_EDGE('',*,*,#8659,.F.);
#8697 = ORIENTED_EDGE('',*,*,#8470,.F.);
#8698 = ORIENTED_EDGE('',*,*,#7678,.F.);
#8699 = CYLINDRICAL_SURFACE('',#8700,0.249998959685);
#8700 = AXIS2_PLACEMENT_3D('',#8701,#8702,#8703);
#8701 = CARTESIAN_POINT('',(-71.59999795968,7.549997959683,1.51));
#8702 = DIRECTION('',(0.,0.,-1.));
#8703 = DIRECTION('',(0.999999999991,4.161285837067E-06,0.));
#8704 = ADVANCED_FACE('',(#8705),#8716,.F.);
#8705 = FACE_BOUND('',#8706,.T.);
#8706 = EDGE_LOOP('',(#8707,#8708,#8714,#8715));
#8707 = ORIENTED_EDGE('',*,*,#8608,.T.);
#8708 = ORIENTED_EDGE('',*,*,#8709,.T.);
#8709 = EDGE_CURVE('',#8609,#8493,#8710,.T.);
#8710 = LINE('',#8711,#8712);
#8711 = CARTESIAN_POINT('',(-72.,4.044998,-4.6E-02));
#8712 = VECTOR('',#8713,1.);
#8713 = DIRECTION('',(0.,0.,1.));
#8714 = ORIENTED_EDGE('',*,*,#8492,.F.);
#8715 = ORIENTED_EDGE('',*,*,#8709,.F.);
#8716 = CYLINDRICAL_SURFACE('',#8717,0.475);
#8717 = AXIS2_PLACEMENT_3D('',#8718,#8719,#8720);
#8718 = CARTESIAN_POINT('',(-72.,4.519998,-4.6E-02));
#8719 = DIRECTION('',(-0.,-0.,-1.));
#8720 = DIRECTION('',(-0.,-1.,0.));
#8721 = ADVANCED_FACE('',(#8722),#8741,.T.);
#8722 = FACE_BOUND('',#8723,.T.);
#8723 = EDGE_LOOP('',(#8724,#8725,#8734,#8740));
#8724 = ORIENTED_EDGE('',*,*,#8559,.T.);
#8725 = ORIENTED_EDGE('',*,*,#8726,.T.);
#8726 = EDGE_CURVE('',#8552,#8727,#8729,.T.);
#8727 = VERTEX_POINT('',#8728);
#8728 = CARTESIAN_POINT('',(-56.849999,2.949999,1.55));
#8729 = CIRCLE('',#8730,0.249998959685);
#8730 = AXIS2_PLACEMENT_3D('',#8731,#8732,#8733);
#8731 = CARTESIAN_POINT('',(-56.85000004031,2.700000040317,1.55));
#8732 = DIRECTION('',(0.,0.,-1.));
#8733 = DIRECTION('',(-0.999999999991,-4.161285840619E-06,-0.));
#8734 = ORIENTED_EDGE('',*,*,#8735,.F.);
#8735 = EDGE_CURVE('',#7854,#8727,#8736,.T.);
#8736 = LINE('',#8737,#8738);
#8737 = CARTESIAN_POINT('',(-56.849999,2.949999,1.51));
#8738 = VECTOR('',#8739,1.);
#8739 = DIRECTION('',(0.,0.,1.));
#8740 = ORIENTED_EDGE('',*,*,#7861,.F.);
#8741 = CYLINDRICAL_SURFACE('',#8742,0.249998959685);
#8742 = AXIS2_PLACEMENT_3D('',#8743,#8744,#8745);
#8743 = CARTESIAN_POINT('',(-56.85000004031,2.700000040317,1.51));
#8744 = DIRECTION('',(0.,0.,-1.));
#8745 = DIRECTION('',(-0.999999999991,-4.161285840619E-06,-0.));
#8746 = ADVANCED_FACE('',(#8747),#8792,.T.);
#8747 = FACE_BOUND('',#8748,.F.);
#8748 = EDGE_LOOP('',(#8749,#8750,#8758,#8767,#8775,#8784,#8790,#8791));
#8749 = ORIENTED_EDGE('',*,*,#8726,.T.);
#8750 = ORIENTED_EDGE('',*,*,#8751,.T.);
#8751 = EDGE_CURVE('',#8727,#8752,#8754,.T.);
#8752 = VERTEX_POINT('',#8753);
#8753 = CARTESIAN_POINT('',(-56.149999,2.949999,1.55));
#8754 = LINE('',#8755,#8756);
#8755 = CARTESIAN_POINT('',(-56.849999,2.949999,1.55));
#8756 = VECTOR('',#8757,1.);
#8757 = DIRECTION('',(1.,0.,0.));
#8758 = ORIENTED_EDGE('',*,*,#8759,.T.);
#8759 = EDGE_CURVE('',#8752,#8760,#8762,.T.);
#8760 = VERTEX_POINT('',#8761);
#8761 = CARTESIAN_POINT('',(-55.899999,2.699999,1.55));
#8762 = CIRCLE('',#8763,0.249998959685);
#8763 = AXIS2_PLACEMENT_3D('',#8764,#8765,#8766);
#8764 = CARTESIAN_POINT('',(-56.14999795968,2.700000040317,1.55));
#8765 = DIRECTION('',(0.,0.,-1.));
#8766 = DIRECTION('',(-4.161285837066E-06,0.999999999991,0.));
#8767 = ORIENTED_EDGE('',*,*,#8768,.T.);
#8768 = EDGE_CURVE('',#8760,#8769,#8771,.T.);
#8769 = VERTEX_POINT('',#8770);
#8770 = CARTESIAN_POINT('',(-55.899999,1.799999,1.55));
#8771 = LINE('',#8772,#8773);
#8772 = CARTESIAN_POINT('',(-55.899999,2.699999,1.55));
#8773 = VECTOR('',#8774,1.);
#8774 = DIRECTION('',(0.,-1.,0.));
#8775 = ORIENTED_EDGE('',*,*,#8776,.T.);
#8776 = EDGE_CURVE('',#8769,#8777,#8779,.T.);
#8777 = VERTEX_POINT('',#8778);
#8778 = CARTESIAN_POINT('',(-56.149999,1.549999,1.55));
#8779 = CIRCLE('',#8780,0.249998959685);
#8780 = AXIS2_PLACEMENT_3D('',#8781,#8782,#8783);
#8781 = CARTESIAN_POINT('',(-56.14999795968,1.799997959683,1.55));
#8782 = DIRECTION('',(0.,0.,-1.));
#8783 = DIRECTION('',(0.999999999991,4.161285841507E-06,0.));
#8784 = ORIENTED_EDGE('',*,*,#8785,.T.);
#8785 = EDGE_CURVE('',#8777,#8577,#8786,.T.);
#8786 = LINE('',#8787,#8788);
#8787 = CARTESIAN_POINT('',(-56.149999,1.549999,1.55));
#8788 = VECTOR('',#8789,1.);
#8789 = DIRECTION('',(-1.,0.,0.));
#8790 = ORIENTED_EDGE('',*,*,#8584,.T.);
#8791 = ORIENTED_EDGE('',*,*,#8551,.T.);
#8792 = PLANE('',#8793);
#8793 = AXIS2_PLACEMENT_3D('',#8794,#8795,#8796);
#8794 = CARTESIAN_POINT('',(0.,0.,1.55));
#8795 = DIRECTION('',(0.,0.,1.));
#8796 = DIRECTION('',(1.,0.,-0.));
#8797 = ADVANCED_FACE('',(#8798),#8809,.T.);
#8798 = FACE_BOUND('',#8799,.T.);
#8799 = EDGE_LOOP('',(#8800,#8801,#8802,#8808));
#8800 = ORIENTED_EDGE('',*,*,#8735,.T.);
#8801 = ORIENTED_EDGE('',*,*,#8751,.T.);
#8802 = ORIENTED_EDGE('',*,*,#8803,.F.);
#8803 = EDGE_CURVE('',#7845,#8752,#8804,.T.);
#8804 = LINE('',#8805,#8806);
#8805 = CARTESIAN_POINT('',(-56.149999,2.949999,1.51));
#8806 = VECTOR('',#8807,1.);
#8807 = DIRECTION('',(0.,0.,1.));
#8808 = ORIENTED_EDGE('',*,*,#7853,.F.);
#8809 = PLANE('',#8810);
#8810 = AXIS2_PLACEMENT_3D('',#8811,#8812,#8813);
#8811 = CARTESIAN_POINT('',(-56.849999,2.949999,1.51));
#8812 = DIRECTION('',(0.,1.,0.));
#8813 = DIRECTION('',(1.,0.,0.));
#8814 = ADVANCED_FACE('',(#8815),#8826,.T.);
#8815 = FACE_BOUND('',#8816,.T.);
#8816 = EDGE_LOOP('',(#8817,#8818,#8819,#8825));
#8817 = ORIENTED_EDGE('',*,*,#8803,.T.);
#8818 = ORIENTED_EDGE('',*,*,#8759,.T.);
#8819 = ORIENTED_EDGE('',*,*,#8820,.F.);
#8820 = EDGE_CURVE('',#7837,#8760,#8821,.T.);
#8821 = LINE('',#8822,#8823);
#8822 = CARTESIAN_POINT('',(-55.899999,2.699999,1.51));
#8823 = VECTOR('',#8824,1.);
#8824 = DIRECTION('',(0.,0.,1.));
#8825 = ORIENTED_EDGE('',*,*,#7844,.F.);
#8826 = CYLINDRICAL_SURFACE('',#8827,0.249998959685);
#8827 = AXIS2_PLACEMENT_3D('',#8828,#8829,#8830);
#8828 = CARTESIAN_POINT('',(-56.14999795968,2.700000040317,1.51));
#8829 = DIRECTION('',(0.,0.,-1.));
#8830 = DIRECTION('',(-4.161285837066E-06,0.999999999991,0.));
#8831 = ADVANCED_FACE('',(#8832),#8843,.T.);
#8832 = FACE_BOUND('',#8833,.T.);
#8833 = EDGE_LOOP('',(#8834,#8835,#8836,#8842));
#8834 = ORIENTED_EDGE('',*,*,#8820,.T.);
#8835 = ORIENTED_EDGE('',*,*,#8768,.T.);
#8836 = ORIENTED_EDGE('',*,*,#8837,.F.);
#8837 = EDGE_CURVE('',#7828,#8769,#8838,.T.);
#8838 = LINE('',#8839,#8840);
#8839 = CARTESIAN_POINT('',(-55.899999,1.799999,1.51));
#8840 = VECTOR('',#8841,1.);
#8841 = DIRECTION('',(0.,0.,1.));
#8842 = ORIENTED_EDGE('',*,*,#7836,.F.);
#8843 = PLANE('',#8844);
#8844 = AXIS2_PLACEMENT_3D('',#8845,#8846,#8847);
#8845 = CARTESIAN_POINT('',(-55.899999,2.699999,1.51));
#8846 = DIRECTION('',(1.,0.,-0.));
#8847 = DIRECTION('',(0.,-1.,0.));
#8848 = ADVANCED_FACE('',(#8849),#8860,.T.);
#8849 = FACE_BOUND('',#8850,.T.);
#8850 = EDGE_LOOP('',(#8851,#8852,#8853,#8859));
#8851 = ORIENTED_EDGE('',*,*,#8837,.T.);
#8852 = ORIENTED_EDGE('',*,*,#8776,.T.);
#8853 = ORIENTED_EDGE('',*,*,#8854,.F.);
#8854 = EDGE_CURVE('',#7820,#8777,#8855,.T.);
#8855 = LINE('',#8856,#8857);
#8856 = CARTESIAN_POINT('',(-56.149999,1.549999,1.51));
#8857 = VECTOR('',#8858,1.);
#8858 = DIRECTION('',(0.,0.,1.));
#8859 = ORIENTED_EDGE('',*,*,#7827,.F.);
#8860 = CYLINDRICAL_SURFACE('',#8861,0.249998959685);
#8861 = AXIS2_PLACEMENT_3D('',#8862,#8863,#8864);
#8862 = CARTESIAN_POINT('',(-56.14999795968,1.799997959683,1.51));
#8863 = DIRECTION('',(0.,0.,-1.));
#8864 = DIRECTION('',(0.999999999991,4.161285841507E-06,0.));
#8865 = ADVANCED_FACE('',(#8866),#8872,.T.);
#8866 = FACE_BOUND('',#8867,.T.);
#8867 = EDGE_LOOP('',(#8868,#8869,#8870,#8871));
#8868 = ORIENTED_EDGE('',*,*,#8854,.T.);
#8869 = ORIENTED_EDGE('',*,*,#8785,.T.);
#8870 = ORIENTED_EDGE('',*,*,#8576,.F.);
#8871 = ORIENTED_EDGE('',*,*,#7819,.F.);
#8872 = PLANE('',#8873);
#8873 = AXIS2_PLACEMENT_3D('',#8874,#8875,#8876);
#8874 = CARTESIAN_POINT('',(-56.149999,1.549999,1.51));
#8875 = DIRECTION('',(0.,-1.,0.));
#8876 = DIRECTION('',(-1.,0.,0.));
#8877 = ADVANCED_FACE('',(#8878),#8896,.T.);
#8878 = FACE_BOUND('',#8879,.T.);
#8879 = EDGE_LOOP('',(#8880,#8881,#8889,#8895));
#8880 = ORIENTED_EDGE('',*,*,#8643,.T.);
#8881 = ORIENTED_EDGE('',*,*,#8882,.T.);
#8882 = EDGE_CURVE('',#8635,#8883,#8885,.T.);
#8883 = VERTEX_POINT('',#8884);
#8884 = CARTESIAN_POINT('',(-72.649999,8.449999,1.55));
#8885 = LINE('',#8886,#8887);
#8886 = CARTESIAN_POINT('',(-72.649999,7.549999,1.55));
#8887 = VECTOR('',#8888,1.);
#8888 = DIRECTION('',(0.,1.,0.));
#8889 = ORIENTED_EDGE('',*,*,#8890,.F.);
#8890 = EDGE_CURVE('',#7713,#8883,#8891,.T.);
#8891 = LINE('',#8892,#8893);
#8892 = CARTESIAN_POINT('',(-72.649999,8.449999,1.51));
#8893 = VECTOR('',#8894,1.);
#8894 = DIRECTION('',(0.,0.,1.));
#8895 = ORIENTED_EDGE('',*,*,#7721,.F.);
#8896 = PLANE('',#8897);
#8897 = AXIS2_PLACEMENT_3D('',#8898,#8899,#8900);
#8898 = CARTESIAN_POINT('',(-72.649999,7.549999,1.51));
#8899 = DIRECTION('',(-1.,0.,0.));
#8900 = DIRECTION('',(0.,1.,0.));
#8901 = ADVANCED_FACE('',(#8902),#8940,.T.);
#8902 = FACE_BOUND('',#8903,.F.);
#8903 = EDGE_LOOP('',(#8904,#8913,#8921,#8930,#8936,#8937,#8938,#8939));
#8904 = ORIENTED_EDGE('',*,*,#8905,.T.);
#8905 = EDGE_CURVE('',#8883,#8906,#8908,.T.);
#8906 = VERTEX_POINT('',#8907);
#8907 = CARTESIAN_POINT('',(-72.399999,8.699999,1.55));
#8908 = CIRCLE('',#8909,0.249998959685);
#8909 = AXIS2_PLACEMENT_3D('',#8910,#8911,#8912);
#8910 = CARTESIAN_POINT('',(-72.40000004031,8.450000040317,1.55));
#8911 = DIRECTION('',(0.,0.,-1.));
#8912 = DIRECTION('',(-0.999999999991,-4.161285837066E-06,-0.));
#8913 = ORIENTED_EDGE('',*,*,#8914,.T.);
#8914 = EDGE_CURVE('',#8906,#8915,#8917,.T.);
#8915 = VERTEX_POINT('',#8916);
#8916 = CARTESIAN_POINT('',(-71.599999,8.699999,1.55));
#8917 = LINE('',#8918,#8919);
#8918 = CARTESIAN_POINT('',(-72.399999,8.699999,1.55));
#8919 = VECTOR('',#8920,1.);
#8920 = DIRECTION('',(1.,0.,0.));
#8921 = ORIENTED_EDGE('',*,*,#8922,.T.);
#8922 = EDGE_CURVE('',#8915,#8923,#8925,.T.);
#8923 = VERTEX_POINT('',#8924);
#8924 = CARTESIAN_POINT('',(-71.349999,8.449999,1.55));
#8925 = CIRCLE('',#8926,0.249998959685);
#8926 = AXIS2_PLACEMENT_3D('',#8927,#8928,#8929);
#8927 = CARTESIAN_POINT('',(-71.59999795968,8.450000040317,1.55));
#8928 = DIRECTION('',(0.,0.,-1.));
#8929 = DIRECTION('',(-4.16128589391E-06,0.999999999991,0.));
#8930 = ORIENTED_EDGE('',*,*,#8931,.T.);
#8931 = EDGE_CURVE('',#8923,#8683,#8932,.T.);
#8932 = LINE('',#8933,#8934);
#8933 = CARTESIAN_POINT('',(-71.349999,8.449999,1.55));
#8934 = VECTOR('',#8935,1.);
#8935 = DIRECTION('',(0.,-1.,0.));
#8936 = ORIENTED_EDGE('',*,*,#8690,.T.);
#8937 = ORIENTED_EDGE('',*,*,#8667,.T.);
#8938 = ORIENTED_EDGE('',*,*,#8634,.T.);
#8939 = ORIENTED_EDGE('',*,*,#8882,.T.);
#8940 = PLANE('',#8941);
#8941 = AXIS2_PLACEMENT_3D('',#8942,#8943,#8944);
#8942 = CARTESIAN_POINT('',(0.,0.,1.55));
#8943 = DIRECTION('',(0.,0.,1.));
#8944 = DIRECTION('',(1.,0.,-0.));
#8945 = ADVANCED_FACE('',(#8946),#8957,.T.);
#8946 = FACE_BOUND('',#8947,.T.);
#8947 = EDGE_LOOP('',(#8948,#8954,#8955,#8956));
#8948 = ORIENTED_EDGE('',*,*,#8949,.T.);
#8949 = EDGE_CURVE('',#7688,#8923,#8950,.T.);
#8950 = LINE('',#8951,#8952);
#8951 = CARTESIAN_POINT('',(-71.349999,8.449999,1.51));
#8952 = VECTOR('',#8953,1.);
#8953 = DIRECTION('',(0.,0.,1.));
#8954 = ORIENTED_EDGE('',*,*,#8931,.T.);
#8955 = ORIENTED_EDGE('',*,*,#8682,.F.);
#8956 = ORIENTED_EDGE('',*,*,#7687,.F.);
#8957 = PLANE('',#8958);
#8958 = AXIS2_PLACEMENT_3D('',#8959,#8960,#8961);
#8959 = CARTESIAN_POINT('',(-71.349999,8.449999,1.51));
#8960 = DIRECTION('',(1.,0.,-0.));
#8961 = DIRECTION('',(0.,-1.,0.));
#8962 = ADVANCED_FACE('',(#8963),#8974,.T.);
#8963 = FACE_BOUND('',#8964,.T.);
#8964 = EDGE_LOOP('',(#8965,#8966,#8967,#8973));
#8965 = ORIENTED_EDGE('',*,*,#8890,.T.);
#8966 = ORIENTED_EDGE('',*,*,#8905,.T.);
#8967 = ORIENTED_EDGE('',*,*,#8968,.F.);
#8968 = EDGE_CURVE('',#7705,#8906,#8969,.T.);
#8969 = LINE('',#8970,#8971);
#8970 = CARTESIAN_POINT('',(-72.399999,8.699999,1.51));
#8971 = VECTOR('',#8972,1.);
#8972 = DIRECTION('',(0.,0.,1.));
#8973 = ORIENTED_EDGE('',*,*,#7712,.F.);
#8974 = CYLINDRICAL_SURFACE('',#8975,0.249998959685);
#8975 = AXIS2_PLACEMENT_3D('',#8976,#8977,#8978);
#8976 = CARTESIAN_POINT('',(-72.40000004031,8.450000040317,1.51));
#8977 = DIRECTION('',(0.,0.,-1.));
#8978 = DIRECTION('',(-0.999999999991,-4.161285837066E-06,-0.));
#8979 = ADVANCED_FACE('',(#8980),#8991,.T.);
#8980 = FACE_BOUND('',#8981,.T.);
#8981 = EDGE_LOOP('',(#8982,#8983,#8984,#8990));
#8982 = ORIENTED_EDGE('',*,*,#8968,.T.);
#8983 = ORIENTED_EDGE('',*,*,#8914,.T.);
#8984 = ORIENTED_EDGE('',*,*,#8985,.F.);
#8985 = EDGE_CURVE('',#7696,#8915,#8986,.T.);
#8986 = LINE('',#8987,#8988);
#8987 = CARTESIAN_POINT('',(-71.599999,8.699999,1.51));
#8988 = VECTOR('',#8989,1.);
#8989 = DIRECTION('',(0.,0.,1.));
#8990 = ORIENTED_EDGE('',*,*,#7704,.F.);
#8991 = PLANE('',#8992);
#8992 = AXIS2_PLACEMENT_3D('',#8993,#8994,#8995);
#8993 = CARTESIAN_POINT('',(-72.399999,8.699999,1.51));
#8994 = DIRECTION('',(0.,1.,0.));
#8995 = DIRECTION('',(1.,0.,0.));
#8996 = ADVANCED_FACE('',(#8997),#9003,.T.);
#8997 = FACE_BOUND('',#8998,.T.);
#8998 = EDGE_LOOP('',(#8999,#9000,#9001,#9002));
#8999 = ORIENTED_EDGE('',*,*,#8985,.T.);
#9000 = ORIENTED_EDGE('',*,*,#8922,.T.);
#9001 = ORIENTED_EDGE('',*,*,#8949,.F.);
#9002 = ORIENTED_EDGE('',*,*,#7695,.F.);
#9003 = CYLINDRICAL_SURFACE('',#9004,0.249998959685);
#9004 = AXIS2_PLACEMENT_3D('',#9005,#9006,#9007);
#9005 = CARTESIAN_POINT('',(-71.59999795968,8.450000040317,1.51));
#9006 = DIRECTION('',(0.,0.,-1.));
#9007 = DIRECTION('',(-4.16128589391E-06,0.999999999991,0.));
#9008 = MANIFOLD_SOLID_BREP('',#9009);
#9009 = CLOSED_SHELL('',(#9010,#9050,#9081,#9112,#9258,#9333,#9366,#9400
    ,#9417,#9434,#9451,#9468,#9485,#9512,#9571,#9588,#9608,#9633,#9650,
    #9672,#9684,#9701,#9713,#9738,#9758,#9778));
#9010 = ADVANCED_FACE('',(#9011),#9045,.T.);
#9011 = FACE_BOUND('',#9012,.T.);
#9012 = EDGE_LOOP('',(#9013,#9023,#9031,#9039));
#9013 = ORIENTED_EDGE('',*,*,#9014,.T.);
#9014 = EDGE_CURVE('',#9015,#9017,#9019,.T.);
#9015 = VERTEX_POINT('',#9016);
#9016 = CARTESIAN_POINT('',(57.312132,1.65,1.51));
#9017 = VERTEX_POINT('',#9018);
#9018 = CARTESIAN_POINT('',(57.312132,1.65,1.545));
#9019 = LINE('',#9020,#9021);
#9020 = CARTESIAN_POINT('',(57.312132,1.65,1.51));
#9021 = VECTOR('',#9022,1.);
#9022 = DIRECTION('',(0.,0.,1.));
#9023 = ORIENTED_EDGE('',*,*,#9024,.T.);
#9024 = EDGE_CURVE('',#9017,#9025,#9027,.T.);
#9025 = VERTEX_POINT('',#9026);
#9026 = CARTESIAN_POINT('',(68.917868,1.65,1.545));
#9027 = LINE('',#9028,#9029);
#9028 = CARTESIAN_POINT('',(57.312132,1.65,1.545));
#9029 = VECTOR('',#9030,1.);
#9030 = DIRECTION('',(1.,0.,0.));
#9031 = ORIENTED_EDGE('',*,*,#9032,.F.);
#9032 = EDGE_CURVE('',#9033,#9025,#9035,.T.);
#9033 = VERTEX_POINT('',#9034);
#9034 = CARTESIAN_POINT('',(68.917868,1.65,1.51));
#9035 = LINE('',#9036,#9037);
#9036 = CARTESIAN_POINT('',(68.917868,1.65,1.51));
#9037 = VECTOR('',#9038,1.);
#9038 = DIRECTION('',(0.,0.,1.));
#9039 = ORIENTED_EDGE('',*,*,#9040,.F.);
#9040 = EDGE_CURVE('',#9015,#9033,#9041,.T.);
#9041 = LINE('',#9042,#9043);
#9042 = CARTESIAN_POINT('',(57.312132,1.65,1.51));
#9043 = VECTOR('',#9044,1.);
#9044 = DIRECTION('',(1.,0.,0.));
#9045 = PLANE('',#9046);
#9046 = AXIS2_PLACEMENT_3D('',#9047,#9048,#9049);
#9047 = CARTESIAN_POINT('',(57.312132,1.65,1.51));
#9048 = DIRECTION('',(0.,1.,0.));
#9049 = DIRECTION('',(1.,0.,0.));
#9050 = ADVANCED_FACE('',(#9051),#9076,.T.);
#9051 = FACE_BOUND('',#9052,.T.);
#9052 = EDGE_LOOP('',(#9053,#9061,#9069,#9075));
#9053 = ORIENTED_EDGE('',*,*,#9054,.F.);
#9054 = EDGE_CURVE('',#9055,#9015,#9057,.T.);
#9055 = VERTEX_POINT('',#9056);
#9056 = CARTESIAN_POINT('',(57.100001,1.860944596732,1.51));
#9057 = LINE('',#9058,#9059);
#9058 = CARTESIAN_POINT('',(56.583336,2.37472,1.51));
#9059 = VECTOR('',#9060,1.);
#9060 = DIRECTION('',(0.709086886528,-0.70512111538,0.));
#9061 = ORIENTED_EDGE('',*,*,#9062,.F.);
#9062 = EDGE_CURVE('',#9063,#9055,#9065,.T.);
#9063 = VERTEX_POINT('',#9064);
#9064 = CARTESIAN_POINT('',(57.100001,1.860944596732,1.545));
#9065 = LINE('',#9066,#9067);
#9066 = CARTESIAN_POINT('',(57.100001,1.860944596732,1.51));
#9067 = VECTOR('',#9068,1.);
#9068 = DIRECTION('',(0.,0.,-1.));
#9069 = ORIENTED_EDGE('',*,*,#9070,.T.);
#9070 = EDGE_CURVE('',#9063,#9017,#9071,.T.);
#9071 = LINE('',#9072,#9073);
#9072 = CARTESIAN_POINT('',(56.583336,2.37472,1.545));
#9073 = VECTOR('',#9074,1.);
#9074 = DIRECTION('',(0.709086886528,-0.70512111538,0.));
#9075 = ORIENTED_EDGE('',*,*,#9014,.F.);
#9076 = PLANE('',#9077);
#9077 = AXIS2_PLACEMENT_3D('',#9078,#9079,#9080);
#9078 = CARTESIAN_POINT('',(56.583336,2.37472,1.51));
#9079 = DIRECTION('',(0.70512111538,0.709086886528,-0.));
#9080 = DIRECTION('',(0.709086886528,-0.70512111538,0.));
#9081 = ADVANCED_FACE('',(#9082),#9107,.T.);
#9082 = FACE_BOUND('',#9083,.T.);
#9083 = EDGE_LOOP('',(#9084,#9092,#9093,#9101));
#9084 = ORIENTED_EDGE('',*,*,#9085,.F.);
#9085 = EDGE_CURVE('',#9033,#9086,#9088,.T.);
#9086 = VERTEX_POINT('',#9087);
#9087 = CARTESIAN_POINT('',(71.303657100895,4.03254784641,1.51));
#9088 = LINE('',#9089,#9090);
#9089 = CARTESIAN_POINT('',(68.917868,1.65,1.51));
#9090 = VECTOR('',#9091,1.);
#9091 = DIRECTION('',(0.707587270205,0.706625965447,0.));
#9092 = ORIENTED_EDGE('',*,*,#9032,.T.);
#9093 = ORIENTED_EDGE('',*,*,#9094,.T.);
#9094 = EDGE_CURVE('',#9025,#9095,#9097,.T.);
#9095 = VERTEX_POINT('',#9096);
#9096 = CARTESIAN_POINT('',(71.303657100896,4.03254784641,1.545));
#9097 = LINE('',#9098,#9099);
#9098 = CARTESIAN_POINT('',(68.917868,1.65,1.545));
#9099 = VECTOR('',#9100,1.);
#9100 = DIRECTION('',(0.707587270205,0.706625965447,0.));
#9101 = ORIENTED_EDGE('',*,*,#9102,.T.);
#9102 = EDGE_CURVE('',#9095,#9086,#9103,.T.);
#9103 = LINE('',#9104,#9105);
#9104 = CARTESIAN_POINT('',(71.303657100895,4.03254784641,1.51));
#9105 = VECTOR('',#9106,1.);
#9106 = DIRECTION('',(-0.,-0.,-1.));
#9107 = PLANE('',#9108);
#9108 = AXIS2_PLACEMENT_3D('',#9109,#9110,#9111);
#9109 = CARTESIAN_POINT('',(68.917868,1.65,1.51));
#9110 = DIRECTION('',(-0.706625965447,0.707587270205,0.));
#9111 = DIRECTION('',(0.707587270205,0.706625965447,0.));
#9112 = ADVANCED_FACE('',(#9113,#9242),#9253,.F.);
#9113 = FACE_BOUND('',#9114,.F.);
#9114 = EDGE_LOOP('',(#9115,#9116,#9117,#9125,#9134,#9142,#9151,#9159,
    #9168,#9176,#9185,#9193,#9201,#9209,#9217,#9225,#9234,#9241));
#9115 = ORIENTED_EDGE('',*,*,#9040,.F.);
#9116 = ORIENTED_EDGE('',*,*,#9054,.F.);
#9117 = ORIENTED_EDGE('',*,*,#9118,.F.);
#9118 = EDGE_CURVE('',#9119,#9055,#9121,.T.);
#9119 = VERTEX_POINT('',#9120);
#9120 = CARTESIAN_POINT('',(57.100001,2.699999,1.51));
#9121 = LINE('',#9122,#9123);
#9122 = CARTESIAN_POINT('',(57.100001,2.699999,1.51));
#9123 = VECTOR('',#9124,1.);
#9124 = DIRECTION('',(0.,-1.,0.));
#9125 = ORIENTED_EDGE('',*,*,#9126,.F.);
#9126 = EDGE_CURVE('',#9127,#9119,#9129,.T.);
#9127 = VERTEX_POINT('',#9128);
#9128 = CARTESIAN_POINT('',(56.850001,2.949999,1.51));
#9129 = CIRCLE('',#9130,0.249998959685);
#9130 = AXIS2_PLACEMENT_3D('',#9131,#9132,#9133);
#9131 = CARTESIAN_POINT('',(56.850002040317,2.700000040317,1.51));
#9132 = DIRECTION('',(0.,0.,-1.));
#9133 = DIRECTION('',(-4.161285837066E-06,0.999999999991,0.));
#9134 = ORIENTED_EDGE('',*,*,#9135,.F.);
#9135 = EDGE_CURVE('',#9136,#9127,#9138,.T.);
#9136 = VERTEX_POINT('',#9137);
#9137 = CARTESIAN_POINT('',(56.150001,2.949999,1.51));
#9138 = LINE('',#9139,#9140);
#9139 = CARTESIAN_POINT('',(56.150001,2.949999,1.51));
#9140 = VECTOR('',#9141,1.);
#9141 = DIRECTION('',(1.,0.,0.));
#9142 = ORIENTED_EDGE('',*,*,#9143,.F.);
#9143 = EDGE_CURVE('',#9144,#9136,#9146,.T.);
#9144 = VERTEX_POINT('',#9145);
#9145 = CARTESIAN_POINT('',(55.900001,2.699999,1.51));
#9146 = CIRCLE('',#9147,0.249998959685);
#9147 = AXIS2_PLACEMENT_3D('',#9148,#9149,#9150);
#9148 = CARTESIAN_POINT('',(56.149999959683,2.700000040317,1.51));
#9149 = DIRECTION('',(0.,0.,-1.));
#9150 = DIRECTION('',(-0.999999999991,-4.161285840619E-06,-0.));
#9151 = ORIENTED_EDGE('',*,*,#9152,.F.);
#9152 = EDGE_CURVE('',#9153,#9144,#9155,.T.);
#9153 = VERTEX_POINT('',#9154);
#9154 = CARTESIAN_POINT('',(55.900001,1.799999,1.51));
#9155 = LINE('',#9156,#9157);
#9156 = CARTESIAN_POINT('',(55.900001,1.799999,1.51));
#9157 = VECTOR('',#9158,1.);
#9158 = DIRECTION('',(0.,1.,0.));
#9159 = ORIENTED_EDGE('',*,*,#9160,.F.);
#9160 = EDGE_CURVE('',#9161,#9153,#9163,.T.);
#9161 = VERTEX_POINT('',#9162);
#9162 = CARTESIAN_POINT('',(56.150001,1.549999,1.51));
#9163 = CIRCLE('',#9164,0.249998959685);
#9164 = AXIS2_PLACEMENT_3D('',#9165,#9166,#9167);
#9165 = CARTESIAN_POINT('',(56.149999959683,1.799997959683,1.51));
#9166 = DIRECTION('',(0.,0.,-1.));
#9167 = DIRECTION('',(4.161285837066E-06,-0.999999999991,0.));
#9168 = ORIENTED_EDGE('',*,*,#9169,.F.);
#9169 = EDGE_CURVE('',#9170,#9161,#9172,.T.);
#9170 = VERTEX_POINT('',#9171);
#9171 = CARTESIAN_POINT('',(56.850001,1.549999,1.51));
#9172 = LINE('',#9173,#9174);
#9173 = CARTESIAN_POINT('',(56.850001,1.549999,1.51));
#9174 = VECTOR('',#9175,1.);
#9175 = DIRECTION('',(-1.,0.,0.));
#9176 = ORIENTED_EDGE('',*,*,#9177,.F.);
#9177 = EDGE_CURVE('',#9178,#9170,#9180,.T.);
#9178 = VERTEX_POINT('',#9179);
#9179 = CARTESIAN_POINT('',(56.964291345244,1.577652654756,1.51));
#9180 = CIRCLE('',#9181,0.249998959685);
#9181 = AXIS2_PLACEMENT_3D('',#9182,#9183,#9184);
#9182 = CARTESIAN_POINT('',(56.850002040317,1.799997959683,1.51));
#9183 = DIRECTION('',(0.,0.,-1.));
#9184 = DIRECTION('',(0.999999999991,4.161285841507E-06,0.));
#9185 = ORIENTED_EDGE('',*,*,#9186,.F.);
#9186 = EDGE_CURVE('',#9187,#9178,#9189,.T.);
#9187 = VERTEX_POINT('',#9188);
#9188 = CARTESIAN_POINT('',(57.166665,1.375279,1.51));
#9189 = LINE('',#9190,#9191);
#9190 = CARTESIAN_POINT('',(57.166665,1.375279,1.51));
#9191 = VECTOR('',#9192,1.);
#9192 = DIRECTION('',(-0.707106781187,0.707106781187,0.));
#9193 = ORIENTED_EDGE('',*,*,#9194,.F.);
#9194 = EDGE_CURVE('',#9195,#9187,#9197,.T.);
#9195 = VERTEX_POINT('',#9196);
#9196 = CARTESIAN_POINT('',(57.220736,1.352882,1.51));
#9197 = LINE('',#9198,#9199);
#9198 = CARTESIAN_POINT('',(57.220736,1.352882,1.51));
#9199 = VECTOR('',#9200,1.);
#9200 = DIRECTION('',(-0.923879179303,0.382684285085,0.));
#9201 = ORIENTED_EDGE('',*,*,#9202,.F.);
#9202 = EDGE_CURVE('',#9203,#9195,#9205,.T.);
#9203 = VERTEX_POINT('',#9204);
#9204 = CARTESIAN_POINT('',(69.009264,1.352882,1.51));
#9205 = LINE('',#9206,#9207);
#9206 = CARTESIAN_POINT('',(69.009264,1.352882,1.51));
#9207 = VECTOR('',#9208,1.);
#9208 = DIRECTION('',(-1.,0.,0.));
#9209 = ORIENTED_EDGE('',*,*,#9210,.F.);
#9210 = EDGE_CURVE('',#9211,#9203,#9213,.T.);
#9211 = VERTEX_POINT('',#9212);
#9212 = CARTESIAN_POINT('',(69.063335,1.375279,1.51));
#9213 = LINE('',#9214,#9215);
#9214 = CARTESIAN_POINT('',(69.063335,1.375279,1.51));
#9215 = VECTOR('',#9216,1.);
#9216 = DIRECTION('',(-0.923879179303,-0.382684285085,0.));
#9217 = ORIENTED_EDGE('',*,*,#9218,.F.);
#9218 = EDGE_CURVE('',#9219,#9211,#9221,.T.);
#9219 = VERTEX_POINT('',#9220);
#9220 = CARTESIAN_POINT('',(71.512056445889,3.824001347872,1.51));
#9221 = LINE('',#9222,#9223);
#9222 = CARTESIAN_POINT('',(71.778156,4.090101,1.51));
#9223 = VECTOR('',#9224,1.);
#9224 = DIRECTION('',(-0.707106650956,-0.707106911417,0.));
#9225 = ORIENTED_EDGE('',*,*,#9226,.T.);
#9226 = EDGE_CURVE('',#9219,#9227,#9229,.T.);
#9227 = VERTEX_POINT('',#9228);
#9228 = CARTESIAN_POINT('',(72.849997,4.519998,1.51));
#9229 = CIRCLE('',#9230,0.849999);
#9230 = AXIS2_PLACEMENT_3D('',#9231,#9232,#9233);
#9231 = CARTESIAN_POINT('',(71.999998,4.519998,1.51));
#9232 = DIRECTION('',(0.,0.,1.));
#9233 = DIRECTION('',(1.,0.,-0.));
#9234 = ORIENTED_EDGE('',*,*,#9235,.T.);
#9235 = EDGE_CURVE('',#9227,#9086,#9236,.T.);
#9236 = CIRCLE('',#9237,0.849999);
#9237 = AXIS2_PLACEMENT_3D('',#9238,#9239,#9240);
#9238 = CARTESIAN_POINT('',(71.999998,4.519998,1.51));
#9239 = DIRECTION('',(0.,0.,1.));
#9240 = DIRECTION('',(1.,0.,-0.));
#9241 = ORIENTED_EDGE('',*,*,#9085,.F.);
#9242 = FACE_BOUND('',#9243,.F.);
#9243 = EDGE_LOOP('',(#9244));
#9244 = ORIENTED_EDGE('',*,*,#9245,.F.);
#9245 = EDGE_CURVE('',#9246,#9246,#9248,.T.);
#9246 = VERTEX_POINT('',#9247);
#9247 = CARTESIAN_POINT('',(71.999998,4.019998,1.51));
#9248 = CIRCLE('',#9249,0.5);
#9249 = AXIS2_PLACEMENT_3D('',#9250,#9251,#9252);
#9250 = CARTESIAN_POINT('',(71.999998,4.519998,1.51));
#9251 = DIRECTION('',(0.,0.,1.));
#9252 = DIRECTION('',(-0.,-1.,0.));
#9253 = PLANE('',#9254);
#9254 = AXIS2_PLACEMENT_3D('',#9255,#9256,#9257);
#9255 = CARTESIAN_POINT('',(0.,0.,1.51));
#9256 = DIRECTION('',(0.,0.,1.));
#9257 = DIRECTION('',(1.,0.,-0.));
#9258 = ADVANCED_FACE('',(#9259),#9328,.T.);
#9259 = FACE_BOUND('',#9260,.T.);
#9260 = EDGE_LOOP('',(#9261,#9262,#9263,#9271,#9280,#9288,#9296,#9304,
    #9312,#9320,#9327));
#9261 = ORIENTED_EDGE('',*,*,#9024,.F.);
#9262 = ORIENTED_EDGE('',*,*,#9070,.F.);
#9263 = ORIENTED_EDGE('',*,*,#9264,.F.);
#9264 = EDGE_CURVE('',#9265,#9063,#9267,.T.);
#9265 = VERTEX_POINT('',#9266);
#9266 = CARTESIAN_POINT('',(57.100001,1.799999,1.545));
#9267 = LINE('',#9268,#9269);
#9268 = CARTESIAN_POINT('',(57.100001,1.3499995,1.545));
#9269 = VECTOR('',#9270,1.);
#9270 = DIRECTION('',(-0.,1.,0.));
#9271 = ORIENTED_EDGE('',*,*,#9272,.T.);
#9272 = EDGE_CURVE('',#9265,#9273,#9275,.T.);
#9273 = VERTEX_POINT('',#9274);
#9274 = CARTESIAN_POINT('',(56.964291345244,1.577652654756,1.545));
#9275 = CIRCLE('',#9276,0.249998959685);
#9276 = AXIS2_PLACEMENT_3D('',#9277,#9278,#9279);
#9277 = CARTESIAN_POINT('',(56.850002040317,1.799997959683,1.545));
#9278 = DIRECTION('',(0.,0.,-1.));
#9279 = DIRECTION('',(0.999999999991,4.161285841507E-06,0.));
#9280 = ORIENTED_EDGE('',*,*,#9281,.F.);
#9281 = EDGE_CURVE('',#9282,#9273,#9284,.T.);
#9282 = VERTEX_POINT('',#9283);
#9283 = CARTESIAN_POINT('',(57.166665,1.375279,1.545));
#9284 = LINE('',#9285,#9286);
#9285 = CARTESIAN_POINT('',(57.166665,1.375279,1.545));
#9286 = VECTOR('',#9287,1.);
#9287 = DIRECTION('',(-0.707106781187,0.707106781187,0.));
#9288 = ORIENTED_EDGE('',*,*,#9289,.F.);
#9289 = EDGE_CURVE('',#9290,#9282,#9292,.T.);
#9290 = VERTEX_POINT('',#9291);
#9291 = CARTESIAN_POINT('',(57.220736,1.352882,1.545));
#9292 = LINE('',#9293,#9294);
#9293 = CARTESIAN_POINT('',(57.220736,1.352882,1.545));
#9294 = VECTOR('',#9295,1.);
#9295 = DIRECTION('',(-0.923879179303,0.382684285085,0.));
#9296 = ORIENTED_EDGE('',*,*,#9297,.F.);
#9297 = EDGE_CURVE('',#9298,#9290,#9300,.T.);
#9298 = VERTEX_POINT('',#9299);
#9299 = CARTESIAN_POINT('',(69.009264,1.352882,1.545));
#9300 = LINE('',#9301,#9302);
#9301 = CARTESIAN_POINT('',(69.009264,1.352882,1.545));
#9302 = VECTOR('',#9303,1.);
#9303 = DIRECTION('',(-1.,0.,0.));
#9304 = ORIENTED_EDGE('',*,*,#9305,.F.);
#9305 = EDGE_CURVE('',#9306,#9298,#9308,.T.);
#9306 = VERTEX_POINT('',#9307);
#9307 = CARTESIAN_POINT('',(69.063335,1.375279,1.545));
#9308 = LINE('',#9309,#9310);
#9309 = CARTESIAN_POINT('',(69.063335,1.375279,1.545));
#9310 = VECTOR('',#9311,1.);
#9311 = DIRECTION('',(-0.923879179303,-0.382684285085,0.));
#9312 = ORIENTED_EDGE('',*,*,#9313,.F.);
#9313 = EDGE_CURVE('',#9314,#9306,#9316,.T.);
#9314 = VERTEX_POINT('',#9315);
#9315 = CARTESIAN_POINT('',(71.51205644589,3.824001347873,1.545));
#9316 = LINE('',#9317,#9318);
#9317 = CARTESIAN_POINT('',(71.778156,4.090101,1.545));
#9318 = VECTOR('',#9319,1.);
#9319 = DIRECTION('',(-0.707106650956,-0.707106911417,0.));
#9320 = ORIENTED_EDGE('',*,*,#9321,.T.);
#9321 = EDGE_CURVE('',#9314,#9095,#9322,.T.);
#9322 = CIRCLE('',#9323,0.849999);
#9323 = AXIS2_PLACEMENT_3D('',#9324,#9325,#9326);
#9324 = CARTESIAN_POINT('',(71.999998,4.519998,1.545));
#9325 = DIRECTION('',(0.,-0.,-1.));
#9326 = DIRECTION('',(1.,0.,-0.));
#9327 = ORIENTED_EDGE('',*,*,#9094,.F.);
#9328 = PLANE('',#9329);
#9329 = AXIS2_PLACEMENT_3D('',#9330,#9331,#9332);
#9330 = CARTESIAN_POINT('',(0.,0.,1.545));
#9331 = DIRECTION('',(0.,0.,1.));
#9332 = DIRECTION('',(1.,0.,-0.));
#9333 = ADVANCED_FACE('',(#9334),#9361,.T.);
#9334 = FACE_BOUND('',#9335,.T.);
#9335 = EDGE_LOOP('',(#9336,#9337,#9345,#9353,#9359,#9360));
#9336 = ORIENTED_EDGE('',*,*,#9118,.F.);
#9337 = ORIENTED_EDGE('',*,*,#9338,.T.);
#9338 = EDGE_CURVE('',#9119,#9339,#9341,.T.);
#9339 = VERTEX_POINT('',#9340);
#9340 = CARTESIAN_POINT('',(57.100001,2.699999,1.55));
#9341 = LINE('',#9342,#9343);
#9342 = CARTESIAN_POINT('',(57.100001,2.699999,1.51));
#9343 = VECTOR('',#9344,1.);
#9344 = DIRECTION('',(0.,0.,1.));
#9345 = ORIENTED_EDGE('',*,*,#9346,.T.);
#9346 = EDGE_CURVE('',#9339,#9347,#9349,.T.);
#9347 = VERTEX_POINT('',#9348);
#9348 = CARTESIAN_POINT('',(57.100001,1.799999,1.55));
#9349 = LINE('',#9350,#9351);
#9350 = CARTESIAN_POINT('',(57.100001,2.699999,1.55));
#9351 = VECTOR('',#9352,1.);
#9352 = DIRECTION('',(0.,-1.,0.));
#9353 = ORIENTED_EDGE('',*,*,#9354,.F.);
#9354 = EDGE_CURVE('',#9265,#9347,#9355,.T.);
#9355 = LINE('',#9356,#9357);
#9356 = CARTESIAN_POINT('',(57.100001,1.799999,1.51));
#9357 = VECTOR('',#9358,1.);
#9358 = DIRECTION('',(0.,0.,1.));
#9359 = ORIENTED_EDGE('',*,*,#9264,.T.);
#9360 = ORIENTED_EDGE('',*,*,#9062,.T.);
#9361 = PLANE('',#9362);
#9362 = AXIS2_PLACEMENT_3D('',#9363,#9364,#9365);
#9363 = CARTESIAN_POINT('',(57.100001,2.699999,1.51));
#9364 = DIRECTION('',(1.,0.,-0.));
#9365 = DIRECTION('',(0.,-1.,0.));
#9366 = ADVANCED_FACE('',(#9367),#9395,.T.);
#9367 = FACE_BOUND('',#9368,.F.);
#9368 = EDGE_LOOP('',(#9369,#9370,#9378,#9385,#9386,#9387,#9393,#9394));
#9369 = ORIENTED_EDGE('',*,*,#9235,.F.);
#9370 = ORIENTED_EDGE('',*,*,#9371,.T.);
#9371 = EDGE_CURVE('',#9227,#9372,#9374,.T.);
#9372 = VERTEX_POINT('',#9373);
#9373 = CARTESIAN_POINT('',(72.849997,4.519998,1.55));
#9374 = LINE('',#9375,#9376);
#9375 = CARTESIAN_POINT('',(72.849997,4.519998,1.51));
#9376 = VECTOR('',#9377,1.);
#9377 = DIRECTION('',(0.,0.,1.));
#9378 = ORIENTED_EDGE('',*,*,#9379,.T.);
#9379 = EDGE_CURVE('',#9372,#9372,#9380,.T.);
#9380 = CIRCLE('',#9381,0.849999);
#9381 = AXIS2_PLACEMENT_3D('',#9382,#9383,#9384);
#9382 = CARTESIAN_POINT('',(71.999998,4.519998,1.55));
#9383 = DIRECTION('',(0.,0.,1.));
#9384 = DIRECTION('',(1.,0.,-0.));
#9385 = ORIENTED_EDGE('',*,*,#9371,.F.);
#9386 = ORIENTED_EDGE('',*,*,#9226,.F.);
#9387 = ORIENTED_EDGE('',*,*,#9388,.F.);
#9388 = EDGE_CURVE('',#9314,#9219,#9389,.T.);
#9389 = LINE('',#9390,#9391);
#9390 = CARTESIAN_POINT('',(71.512056445889,3.824001347872,1.51));
#9391 = VECTOR('',#9392,1.);
#9392 = DIRECTION('',(-0.,-0.,-1.));
#9393 = ORIENTED_EDGE('',*,*,#9321,.T.);
#9394 = ORIENTED_EDGE('',*,*,#9102,.T.);
#9395 = CYLINDRICAL_SURFACE('',#9396,0.849999);
#9396 = AXIS2_PLACEMENT_3D('',#9397,#9398,#9399);
#9397 = CARTESIAN_POINT('',(71.999998,4.519998,1.51));
#9398 = DIRECTION('',(-0.,-0.,-1.));
#9399 = DIRECTION('',(1.,0.,-0.));
#9400 = ADVANCED_FACE('',(#9401),#9412,.T.);
#9401 = FACE_BOUND('',#9402,.T.);
#9402 = EDGE_LOOP('',(#9403,#9404,#9405,#9411));
#9403 = ORIENTED_EDGE('',*,*,#9388,.F.);
#9404 = ORIENTED_EDGE('',*,*,#9313,.T.);
#9405 = ORIENTED_EDGE('',*,*,#9406,.F.);
#9406 = EDGE_CURVE('',#9211,#9306,#9407,.T.);
#9407 = LINE('',#9408,#9409);
#9408 = CARTESIAN_POINT('',(69.063335,1.375279,1.51));
#9409 = VECTOR('',#9410,1.);
#9410 = DIRECTION('',(0.,0.,1.));
#9411 = ORIENTED_EDGE('',*,*,#9218,.F.);
#9412 = PLANE('',#9413);
#9413 = AXIS2_PLACEMENT_3D('',#9414,#9415,#9416);
#9414 = CARTESIAN_POINT('',(71.778156,4.090101,1.51));
#9415 = DIRECTION('',(0.707106911417,-0.707106650956,0.));
#9416 = DIRECTION('',(-0.707106650956,-0.707106911417,0.));
#9417 = ADVANCED_FACE('',(#9418),#9429,.T.);
#9418 = FACE_BOUND('',#9419,.T.);
#9419 = EDGE_LOOP('',(#9420,#9421,#9422,#9428));
#9420 = ORIENTED_EDGE('',*,*,#9406,.T.);
#9421 = ORIENTED_EDGE('',*,*,#9305,.T.);
#9422 = ORIENTED_EDGE('',*,*,#9423,.F.);
#9423 = EDGE_CURVE('',#9203,#9298,#9424,.T.);
#9424 = LINE('',#9425,#9426);
#9425 = CARTESIAN_POINT('',(69.009264,1.352882,1.51));
#9426 = VECTOR('',#9427,1.);
#9427 = DIRECTION('',(0.,0.,1.));
#9428 = ORIENTED_EDGE('',*,*,#9210,.F.);
#9429 = PLANE('',#9430);
#9430 = AXIS2_PLACEMENT_3D('',#9431,#9432,#9433);
#9431 = CARTESIAN_POINT('',(69.063335,1.375279,1.51));
#9432 = DIRECTION('',(0.382684285085,-0.923879179303,0.));
#9433 = DIRECTION('',(-0.923879179303,-0.382684285085,0.));
#9434 = ADVANCED_FACE('',(#9435),#9446,.T.);
#9435 = FACE_BOUND('',#9436,.T.);
#9436 = EDGE_LOOP('',(#9437,#9438,#9439,#9445));
#9437 = ORIENTED_EDGE('',*,*,#9423,.T.);
#9438 = ORIENTED_EDGE('',*,*,#9297,.T.);
#9439 = ORIENTED_EDGE('',*,*,#9440,.F.);
#9440 = EDGE_CURVE('',#9195,#9290,#9441,.T.);
#9441 = LINE('',#9442,#9443);
#9442 = CARTESIAN_POINT('',(57.220736,1.352882,1.51));
#9443 = VECTOR('',#9444,1.);
#9444 = DIRECTION('',(0.,0.,1.));
#9445 = ORIENTED_EDGE('',*,*,#9202,.F.);
#9446 = PLANE('',#9447);
#9447 = AXIS2_PLACEMENT_3D('',#9448,#9449,#9450);
#9448 = CARTESIAN_POINT('',(69.009264,1.352882,1.51));
#9449 = DIRECTION('',(0.,-1.,0.));
#9450 = DIRECTION('',(-1.,0.,0.));
#9451 = ADVANCED_FACE('',(#9452),#9463,.T.);
#9452 = FACE_BOUND('',#9453,.T.);
#9453 = EDGE_LOOP('',(#9454,#9455,#9456,#9462));
#9454 = ORIENTED_EDGE('',*,*,#9440,.T.);
#9455 = ORIENTED_EDGE('',*,*,#9289,.T.);
#9456 = ORIENTED_EDGE('',*,*,#9457,.F.);
#9457 = EDGE_CURVE('',#9187,#9282,#9458,.T.);
#9458 = LINE('',#9459,#9460);
#9459 = CARTESIAN_POINT('',(57.166665,1.375279,1.51));
#9460 = VECTOR('',#9461,1.);
#9461 = DIRECTION('',(0.,0.,1.));
#9462 = ORIENTED_EDGE('',*,*,#9194,.F.);
#9463 = PLANE('',#9464);
#9464 = AXIS2_PLACEMENT_3D('',#9465,#9466,#9467);
#9465 = CARTESIAN_POINT('',(57.220736,1.352882,1.51));
#9466 = DIRECTION('',(-0.382684285085,-0.923879179303,0.));
#9467 = DIRECTION('',(-0.923879179303,0.382684285085,0.));
#9468 = ADVANCED_FACE('',(#9469),#9480,.T.);
#9469 = FACE_BOUND('',#9470,.T.);
#9470 = EDGE_LOOP('',(#9471,#9472,#9473,#9474));
#9471 = ORIENTED_EDGE('',*,*,#9186,.F.);
#9472 = ORIENTED_EDGE('',*,*,#9457,.T.);
#9473 = ORIENTED_EDGE('',*,*,#9281,.T.);
#9474 = ORIENTED_EDGE('',*,*,#9475,.T.);
#9475 = EDGE_CURVE('',#9273,#9178,#9476,.T.);
#9476 = LINE('',#9477,#9478);
#9477 = CARTESIAN_POINT('',(56.964291345244,1.577652654756,1.51));
#9478 = VECTOR('',#9479,1.);
#9479 = DIRECTION('',(0.,0.,-1.));
#9480 = PLANE('',#9481);
#9481 = AXIS2_PLACEMENT_3D('',#9482,#9483,#9484);
#9482 = CARTESIAN_POINT('',(57.166665,1.375279,1.51));
#9483 = DIRECTION('',(-0.707106781187,-0.707106781187,0.));
#9484 = DIRECTION('',(-0.707106781187,0.707106781187,0.));
#9485 = ADVANCED_FACE('',(#9486),#9507,.T.);
#9486 = FACE_BOUND('',#9487,.T.);
#9487 = EDGE_LOOP('',(#9488,#9489,#9490,#9499,#9505,#9506));
#9488 = ORIENTED_EDGE('',*,*,#9272,.F.);
#9489 = ORIENTED_EDGE('',*,*,#9354,.T.);
#9490 = ORIENTED_EDGE('',*,*,#9491,.T.);
#9491 = EDGE_CURVE('',#9347,#9492,#9494,.T.);
#9492 = VERTEX_POINT('',#9493);
#9493 = CARTESIAN_POINT('',(56.850001,1.549999,1.55));
#9494 = CIRCLE('',#9495,0.249998959685);
#9495 = AXIS2_PLACEMENT_3D('',#9496,#9497,#9498);
#9496 = CARTESIAN_POINT('',(56.850002040317,1.799997959683,1.55));
#9497 = DIRECTION('',(0.,0.,-1.));
#9498 = DIRECTION('',(0.999999999991,4.161285841507E-06,0.));
#9499 = ORIENTED_EDGE('',*,*,#9500,.F.);
#9500 = EDGE_CURVE('',#9170,#9492,#9501,.T.);
#9501 = LINE('',#9502,#9503);
#9502 = CARTESIAN_POINT('',(56.850001,1.549999,1.51));
#9503 = VECTOR('',#9504,1.);
#9504 = DIRECTION('',(0.,0.,1.));
#9505 = ORIENTED_EDGE('',*,*,#9177,.F.);
#9506 = ORIENTED_EDGE('',*,*,#9475,.F.);
#9507 = CYLINDRICAL_SURFACE('',#9508,0.249998959685);
#9508 = AXIS2_PLACEMENT_3D('',#9509,#9510,#9511);
#9509 = CARTESIAN_POINT('',(56.850002040317,1.799997959683,1.51));
#9510 = DIRECTION('',(0.,0.,-1.));
#9511 = DIRECTION('',(0.999999999991,4.161285841507E-06,0.));
#9512 = ADVANCED_FACE('',(#9513),#9566,.T.);
#9513 = FACE_BOUND('',#9514,.F.);
#9514 = EDGE_LOOP('',(#9515,#9526,#9534,#9541,#9542,#9543,#9551,#9560));
#9515 = ORIENTED_EDGE('',*,*,#9516,.T.);
#9516 = EDGE_CURVE('',#9517,#9519,#9521,.T.);
#9517 = VERTEX_POINT('',#9518);
#9518 = CARTESIAN_POINT('',(55.900001,2.699999,1.55));
#9519 = VERTEX_POINT('',#9520);
#9520 = CARTESIAN_POINT('',(56.150001,2.949999,1.55));
#9521 = CIRCLE('',#9522,0.249998959685);
#9522 = AXIS2_PLACEMENT_3D('',#9523,#9524,#9525);
#9523 = CARTESIAN_POINT('',(56.149999959683,2.700000040317,1.55));
#9524 = DIRECTION('',(0.,0.,-1.));
#9525 = DIRECTION('',(-0.999999999991,-4.161285840619E-06,-0.));
#9526 = ORIENTED_EDGE('',*,*,#9527,.T.);
#9527 = EDGE_CURVE('',#9519,#9528,#9530,.T.);
#9528 = VERTEX_POINT('',#9529);
#9529 = CARTESIAN_POINT('',(56.850001,2.949999,1.55));
#9530 = LINE('',#9531,#9532);
#9531 = CARTESIAN_POINT('',(56.150001,2.949999,1.55));
#9532 = VECTOR('',#9533,1.);
#9533 = DIRECTION('',(1.,0.,0.));
#9534 = ORIENTED_EDGE('',*,*,#9535,.T.);
#9535 = EDGE_CURVE('',#9528,#9339,#9536,.T.);
#9536 = CIRCLE('',#9537,0.249998959685);
#9537 = AXIS2_PLACEMENT_3D('',#9538,#9539,#9540);
#9538 = CARTESIAN_POINT('',(56.850002040317,2.700000040317,1.55));
#9539 = DIRECTION('',(0.,0.,-1.));
#9540 = DIRECTION('',(-4.161285837066E-06,0.999999999991,0.));
#9541 = ORIENTED_EDGE('',*,*,#9346,.T.);
#9542 = ORIENTED_EDGE('',*,*,#9491,.T.);
#9543 = ORIENTED_EDGE('',*,*,#9544,.T.);
#9544 = EDGE_CURVE('',#9492,#9545,#9547,.T.);
#9545 = VERTEX_POINT('',#9546);
#9546 = CARTESIAN_POINT('',(56.150001,1.549999,1.55));
#9547 = LINE('',#9548,#9549);
#9548 = CARTESIAN_POINT('',(56.850001,1.549999,1.55));
#9549 = VECTOR('',#9550,1.);
#9550 = DIRECTION('',(-1.,0.,0.));
#9551 = ORIENTED_EDGE('',*,*,#9552,.T.);
#9552 = EDGE_CURVE('',#9545,#9553,#9555,.T.);
#9553 = VERTEX_POINT('',#9554);
#9554 = CARTESIAN_POINT('',(55.900001,1.799999,1.55));
#9555 = CIRCLE('',#9556,0.249998959685);
#9556 = AXIS2_PLACEMENT_3D('',#9557,#9558,#9559);
#9557 = CARTESIAN_POINT('',(56.149999959683,1.799997959683,1.55));
#9558 = DIRECTION('',(0.,0.,-1.));
#9559 = DIRECTION('',(4.161285837066E-06,-0.999999999991,0.));
#9560 = ORIENTED_EDGE('',*,*,#9561,.T.);
#9561 = EDGE_CURVE('',#9553,#9517,#9562,.T.);
#9562 = LINE('',#9563,#9564);
#9563 = CARTESIAN_POINT('',(55.900001,1.799999,1.55));
#9564 = VECTOR('',#9565,1.);
#9565 = DIRECTION('',(0.,1.,0.));
#9566 = PLANE('',#9567);
#9567 = AXIS2_PLACEMENT_3D('',#9568,#9569,#9570);
#9568 = CARTESIAN_POINT('',(0.,0.,1.55));
#9569 = DIRECTION('',(0.,0.,1.));
#9570 = DIRECTION('',(1.,0.,-0.));
#9571 = ADVANCED_FACE('',(#9572),#9583,.T.);
#9572 = FACE_BOUND('',#9573,.T.);
#9573 = EDGE_LOOP('',(#9574,#9580,#9581,#9582));
#9574 = ORIENTED_EDGE('',*,*,#9575,.T.);
#9575 = EDGE_CURVE('',#9127,#9528,#9576,.T.);
#9576 = LINE('',#9577,#9578);
#9577 = CARTESIAN_POINT('',(56.850001,2.949999,1.51));
#9578 = VECTOR('',#9579,1.);
#9579 = DIRECTION('',(0.,0.,1.));
#9580 = ORIENTED_EDGE('',*,*,#9535,.T.);
#9581 = ORIENTED_EDGE('',*,*,#9338,.F.);
#9582 = ORIENTED_EDGE('',*,*,#9126,.F.);
#9583 = CYLINDRICAL_SURFACE('',#9584,0.249998959685);
#9584 = AXIS2_PLACEMENT_3D('',#9585,#9586,#9587);
#9585 = CARTESIAN_POINT('',(56.850002040317,2.700000040317,1.51));
#9586 = DIRECTION('',(0.,0.,-1.));
#9587 = DIRECTION('',(-4.161285837066E-06,0.999999999991,0.));
#9588 = ADVANCED_FACE('',(#9589,#9592),#9603,.T.);
#9589 = FACE_BOUND('',#9590,.T.);
#9590 = EDGE_LOOP('',(#9591));
#9591 = ORIENTED_EDGE('',*,*,#9379,.T.);
#9592 = FACE_BOUND('',#9593,.T.);
#9593 = EDGE_LOOP('',(#9594));
#9594 = ORIENTED_EDGE('',*,*,#9595,.T.);
#9595 = EDGE_CURVE('',#9596,#9596,#9598,.T.);
#9596 = VERTEX_POINT('',#9597);
#9597 = CARTESIAN_POINT('',(71.999998,4.044998,1.55));
#9598 = CIRCLE('',#9599,0.475);
#9599 = AXIS2_PLACEMENT_3D('',#9600,#9601,#9602);
#9600 = CARTESIAN_POINT('',(71.999998,4.519998,1.55));
#9601 = DIRECTION('',(-0.,0.,-1.));
#9602 = DIRECTION('',(-0.,-1.,0.));
#9603 = PLANE('',#9604);
#9604 = AXIS2_PLACEMENT_3D('',#9605,#9606,#9607);
#9605 = CARTESIAN_POINT('',(0.,0.,1.55));
#9606 = DIRECTION('',(0.,0.,1.));
#9607 = DIRECTION('',(1.,0.,-0.));
#9608 = ADVANCED_FACE('',(#9609),#9628,.T.);
#9609 = FACE_BOUND('',#9610,.F.);
#9610 = EDGE_LOOP('',(#9611,#9619,#9626,#9627));
#9611 = ORIENTED_EDGE('',*,*,#9612,.F.);
#9612 = EDGE_CURVE('',#9613,#9246,#9615,.T.);
#9613 = VERTEX_POINT('',#9614);
#9614 = CARTESIAN_POINT('',(71.999998,4.019998,0.));
#9615 = LINE('',#9616,#9617);
#9616 = CARTESIAN_POINT('',(71.999998,4.019998,-4.E-02));
#9617 = VECTOR('',#9618,1.);
#9618 = DIRECTION('',(0.,0.,1.));
#9619 = ORIENTED_EDGE('',*,*,#9620,.T.);
#9620 = EDGE_CURVE('',#9613,#9613,#9621,.T.);
#9621 = CIRCLE('',#9622,0.5);
#9622 = AXIS2_PLACEMENT_3D('',#9623,#9624,#9625);
#9623 = CARTESIAN_POINT('',(71.999998,4.519998,0.));
#9624 = DIRECTION('',(-0.,0.,-1.));
#9625 = DIRECTION('',(-0.,-1.,0.));
#9626 = ORIENTED_EDGE('',*,*,#9612,.T.);
#9627 = ORIENTED_EDGE('',*,*,#9245,.T.);
#9628 = CYLINDRICAL_SURFACE('',#9629,0.5);
#9629 = AXIS2_PLACEMENT_3D('',#9630,#9631,#9632);
#9630 = CARTESIAN_POINT('',(71.999998,4.519998,-4.E-02));
#9631 = DIRECTION('',(-0.,-0.,-1.));
#9632 = DIRECTION('',(-0.,-1.,0.));
#9633 = ADVANCED_FACE('',(#9634),#9645,.T.);
#9634 = FACE_BOUND('',#9635,.T.);
#9635 = EDGE_LOOP('',(#9636,#9637,#9638,#9644));
#9636 = ORIENTED_EDGE('',*,*,#9500,.T.);
#9637 = ORIENTED_EDGE('',*,*,#9544,.T.);
#9638 = ORIENTED_EDGE('',*,*,#9639,.F.);
#9639 = EDGE_CURVE('',#9161,#9545,#9640,.T.);
#9640 = LINE('',#9641,#9642);
#9641 = CARTESIAN_POINT('',(56.150001,1.549999,1.51));
#9642 = VECTOR('',#9643,1.);
#9643 = DIRECTION('',(0.,0.,1.));
#9644 = ORIENTED_EDGE('',*,*,#9169,.F.);
#9645 = PLANE('',#9646);
#9646 = AXIS2_PLACEMENT_3D('',#9647,#9648,#9649);
#9647 = CARTESIAN_POINT('',(56.850001,1.549999,1.51));
#9648 = DIRECTION('',(0.,-1.,0.));
#9649 = DIRECTION('',(-1.,0.,0.));
#9650 = ADVANCED_FACE('',(#9651),#9667,.T.);
#9651 = FACE_BOUND('',#9652,.T.);
#9652 = EDGE_LOOP('',(#9653,#9659,#9660,#9666));
#9653 = ORIENTED_EDGE('',*,*,#9654,.T.);
#9654 = EDGE_CURVE('',#9144,#9517,#9655,.T.);
#9655 = LINE('',#9656,#9657);
#9656 = CARTESIAN_POINT('',(55.900001,2.699999,1.51));
#9657 = VECTOR('',#9658,1.);
#9658 = DIRECTION('',(0.,0.,1.));
#9659 = ORIENTED_EDGE('',*,*,#9516,.T.);
#9660 = ORIENTED_EDGE('',*,*,#9661,.F.);
#9661 = EDGE_CURVE('',#9136,#9519,#9662,.T.);
#9662 = LINE('',#9663,#9664);
#9663 = CARTESIAN_POINT('',(56.150001,2.949999,1.51));
#9664 = VECTOR('',#9665,1.);
#9665 = DIRECTION('',(0.,0.,1.));
#9666 = ORIENTED_EDGE('',*,*,#9143,.F.);
#9667 = CYLINDRICAL_SURFACE('',#9668,0.249998959685);
#9668 = AXIS2_PLACEMENT_3D('',#9669,#9670,#9671);
#9669 = CARTESIAN_POINT('',(56.149999959683,2.700000040317,1.51));
#9670 = DIRECTION('',(0.,0.,-1.));
#9671 = DIRECTION('',(-0.999999999991,-4.161285840619E-06,-0.));
#9672 = ADVANCED_FACE('',(#9673),#9679,.T.);
#9673 = FACE_BOUND('',#9674,.T.);
#9674 = EDGE_LOOP('',(#9675,#9676,#9677,#9678));
#9675 = ORIENTED_EDGE('',*,*,#9661,.T.);
#9676 = ORIENTED_EDGE('',*,*,#9527,.T.);
#9677 = ORIENTED_EDGE('',*,*,#9575,.F.);
#9678 = ORIENTED_EDGE('',*,*,#9135,.F.);
#9679 = PLANE('',#9680);
#9680 = AXIS2_PLACEMENT_3D('',#9681,#9682,#9683);
#9681 = CARTESIAN_POINT('',(56.150001,2.949999,1.51));
#9682 = DIRECTION('',(0.,1.,0.));
#9683 = DIRECTION('',(1.,0.,0.));
#9684 = ADVANCED_FACE('',(#9685),#9696,.T.);
#9685 = FACE_BOUND('',#9686,.T.);
#9686 = EDGE_LOOP('',(#9687,#9688,#9689,#9695));
#9687 = ORIENTED_EDGE('',*,*,#9639,.T.);
#9688 = ORIENTED_EDGE('',*,*,#9552,.T.);
#9689 = ORIENTED_EDGE('',*,*,#9690,.F.);
#9690 = EDGE_CURVE('',#9153,#9553,#9691,.T.);
#9691 = LINE('',#9692,#9693);
#9692 = CARTESIAN_POINT('',(55.900001,1.799999,1.51));
#9693 = VECTOR('',#9694,1.);
#9694 = DIRECTION('',(0.,0.,1.));
#9695 = ORIENTED_EDGE('',*,*,#9160,.F.);
#9696 = CYLINDRICAL_SURFACE('',#9697,0.249998959685);
#9697 = AXIS2_PLACEMENT_3D('',#9698,#9699,#9700);
#9698 = CARTESIAN_POINT('',(56.149999959683,1.799997959683,1.51));
#9699 = DIRECTION('',(0.,0.,-1.));
#9700 = DIRECTION('',(4.161285837066E-06,-0.999999999991,0.));
#9701 = ADVANCED_FACE('',(#9702),#9708,.T.);
#9702 = FACE_BOUND('',#9703,.T.);
#9703 = EDGE_LOOP('',(#9704,#9705,#9706,#9707));
#9704 = ORIENTED_EDGE('',*,*,#9690,.T.);
#9705 = ORIENTED_EDGE('',*,*,#9561,.T.);
#9706 = ORIENTED_EDGE('',*,*,#9654,.F.);
#9707 = ORIENTED_EDGE('',*,*,#9152,.F.);
#9708 = PLANE('',#9709);
#9709 = AXIS2_PLACEMENT_3D('',#9710,#9711,#9712);
#9710 = CARTESIAN_POINT('',(55.900001,1.799999,1.51));
#9711 = DIRECTION('',(-1.,0.,0.));
#9712 = DIRECTION('',(0.,1.,0.));
#9713 = ADVANCED_FACE('',(#9714),#9733,.F.);
#9714 = FACE_BOUND('',#9715,.T.);
#9715 = EDGE_LOOP('',(#9716,#9725,#9731,#9732));
#9716 = ORIENTED_EDGE('',*,*,#9717,.T.);
#9717 = EDGE_CURVE('',#9718,#9718,#9720,.T.);
#9718 = VERTEX_POINT('',#9719);
#9719 = CARTESIAN_POINT('',(71.999998,4.044998,-4.E-02));
#9720 = CIRCLE('',#9721,0.475);
#9721 = AXIS2_PLACEMENT_3D('',#9722,#9723,#9724);
#9722 = CARTESIAN_POINT('',(71.999998,4.519998,-4.E-02));
#9723 = DIRECTION('',(-0.,0.,-1.));
#9724 = DIRECTION('',(-0.,-1.,0.));
#9725 = ORIENTED_EDGE('',*,*,#9726,.T.);
#9726 = EDGE_CURVE('',#9718,#9596,#9727,.T.);
#9727 = LINE('',#9728,#9729);
#9728 = CARTESIAN_POINT('',(71.999998,4.044998,-4.6E-02));
#9729 = VECTOR('',#9730,1.);
#9730 = DIRECTION('',(0.,0.,1.));
#9731 = ORIENTED_EDGE('',*,*,#9595,.F.);
#9732 = ORIENTED_EDGE('',*,*,#9726,.F.);
#9733 = CYLINDRICAL_SURFACE('',#9734,0.475);
#9734 = AXIS2_PLACEMENT_3D('',#9735,#9736,#9737);
#9735 = CARTESIAN_POINT('',(71.999998,4.519998,-4.6E-02));
#9736 = DIRECTION('',(-0.,-0.,-1.));
#9737 = DIRECTION('',(-0.,-1.,0.));
#9738 = ADVANCED_FACE('',(#9739,#9750),#9753,.F.);
#9739 = FACE_BOUND('',#9740,.F.);
#9740 = EDGE_LOOP('',(#9741));
#9741 = ORIENTED_EDGE('',*,*,#9742,.F.);
#9742 = EDGE_CURVE('',#9743,#9743,#9745,.T.);
#9743 = VERTEX_POINT('',#9744);
#9744 = CARTESIAN_POINT('',(72.849997,4.519998,0.));
#9745 = CIRCLE('',#9746,0.849999);
#9746 = AXIS2_PLACEMENT_3D('',#9747,#9748,#9749);
#9747 = CARTESIAN_POINT('',(71.999998,4.519998,0.));
#9748 = DIRECTION('',(0.,0.,1.));
#9749 = DIRECTION('',(1.,0.,-0.));
#9750 = FACE_BOUND('',#9751,.F.);
#9751 = EDGE_LOOP('',(#9752));
#9752 = ORIENTED_EDGE('',*,*,#9620,.F.);
#9753 = PLANE('',#9754);
#9754 = AXIS2_PLACEMENT_3D('',#9755,#9756,#9757);
#9755 = CARTESIAN_POINT('',(0.,0.,0.));
#9756 = DIRECTION('',(-0.,-0.,-1.));
#9757 = DIRECTION('',(-1.,0.,0.));
#9758 = ADVANCED_FACE('',(#9759,#9770),#9773,.T.);
#9759 = FACE_BOUND('',#9760,.T.);
#9760 = EDGE_LOOP('',(#9761));
#9761 = ORIENTED_EDGE('',*,*,#9762,.F.);
#9762 = EDGE_CURVE('',#9763,#9763,#9765,.T.);
#9763 = VERTEX_POINT('',#9764);
#9764 = CARTESIAN_POINT('',(72.849997,4.519998,-4.E-02));
#9765 = CIRCLE('',#9766,0.849999);
#9766 = AXIS2_PLACEMENT_3D('',#9767,#9768,#9769);
#9767 = CARTESIAN_POINT('',(71.999998,4.519998,-4.E-02));
#9768 = DIRECTION('',(0.,0.,1.));
#9769 = DIRECTION('',(1.,0.,-0.));
#9770 = FACE_BOUND('',#9771,.T.);
#9771 = EDGE_LOOP('',(#9772));
#9772 = ORIENTED_EDGE('',*,*,#9717,.F.);
#9773 = PLANE('',#9774);
#9774 = AXIS2_PLACEMENT_3D('',#9775,#9776,#9777);
#9775 = CARTESIAN_POINT('',(0.,0.,-4.E-02));
#9776 = DIRECTION('',(-0.,-0.,-1.));
#9777 = DIRECTION('',(-1.,0.,0.));
#9778 = ADVANCED_FACE('',(#9779),#9790,.T.);
#9779 = FACE_BOUND('',#9780,.T.);
#9780 = EDGE_LOOP('',(#9781,#9787,#9788,#9789));
#9781 = ORIENTED_EDGE('',*,*,#9782,.T.);
#9782 = EDGE_CURVE('',#9743,#9763,#9783,.T.);
#9783 = LINE('',#9784,#9785);
#9784 = CARTESIAN_POINT('',(72.849997,4.519998,0.));
#9785 = VECTOR('',#9786,1.);
#9786 = DIRECTION('',(0.,0.,-1.));
#9787 = ORIENTED_EDGE('',*,*,#9762,.T.);
#9788 = ORIENTED_EDGE('',*,*,#9782,.F.);
#9789 = ORIENTED_EDGE('',*,*,#9742,.F.);
#9790 = CYLINDRICAL_SURFACE('',#9791,0.849999);
#9791 = AXIS2_PLACEMENT_3D('',#9792,#9793,#9794);
#9792 = CARTESIAN_POINT('',(71.999998,4.519998,0.));
#9793 = DIRECTION('',(0.,0.,1.));
#9794 = DIRECTION('',(1.,0.,-0.));
#9795 = MANIFOLD_SOLID_BREP('',#9796);
#9796 = CLOSED_SHELL('',(#9797,#9837,#9868,#9899,#10102,#10265,#10282,
    #10299,#10316,#10333,#10350,#10372,#10389,#10406,#10423,#10440,
    #10457,#10474,#10491,#10508,#10525,#10542,#10559,#10588,#10617,
    #10642,#10667,#10687,#10707,#10727,#10747,#10772,#10797,#10822,
    #10847,#10859));
#9797 = ADVANCED_FACE('',(#9798),#9832,.T.);
#9798 = FACE_BOUND('',#9799,.T.);
#9799 = EDGE_LOOP('',(#9800,#9810,#9818,#9826));
#9800 = ORIENTED_EDGE('',*,*,#9801,.T.);
#9801 = EDGE_CURVE('',#9802,#9804,#9806,.T.);
#9802 = VERTEX_POINT('',#9803);
#9803 = CARTESIAN_POINT('',(-57.436638,4.771419,1.51));
#9804 = VERTEX_POINT('',#9805);
#9805 = CARTESIAN_POINT('',(-57.436638,4.771419,1.545));
#9806 = LINE('',#9807,#9808);
#9807 = CARTESIAN_POINT('',(-57.436638,4.771419,1.51));
#9808 = VECTOR('',#9809,1.);
#9809 = DIRECTION('',(0.,0.,1.));
#9810 = ORIENTED_EDGE('',*,*,#9811,.T.);
#9811 = EDGE_CURVE('',#9804,#9812,#9814,.T.);
#9812 = VERTEX_POINT('',#9813);
#9813 = CARTESIAN_POINT('',(-57.382566,4.793816,1.545));
#9814 = LINE('',#9815,#9816);
#9815 = CARTESIAN_POINT('',(-57.436638,4.771419,1.545));
#9816 = VECTOR('',#9817,1.);
#9817 = DIRECTION('',(0.923881681501,0.382678244204,0.));
#9818 = ORIENTED_EDGE('',*,*,#9819,.F.);
#9819 = EDGE_CURVE('',#9820,#9812,#9822,.T.);
#9820 = VERTEX_POINT('',#9821);
#9821 = CARTESIAN_POINT('',(-57.382566,4.793816,1.51));
#9822 = LINE('',#9823,#9824);
#9823 = CARTESIAN_POINT('',(-57.382566,4.793816,1.51));
#9824 = VECTOR('',#9825,1.);
#9825 = DIRECTION('',(0.,0.,1.));
#9826 = ORIENTED_EDGE('',*,*,#9827,.F.);
#9827 = EDGE_CURVE('',#9802,#9820,#9828,.T.);
#9828 = LINE('',#9829,#9830);
#9829 = CARTESIAN_POINT('',(-57.436638,4.771419,1.51));
#9830 = VECTOR('',#9831,1.);
#9831 = DIRECTION('',(0.923881681501,0.382678244204,0.));
#9832 = PLANE('',#9833);
#9833 = AXIS2_PLACEMENT_3D('',#9834,#9835,#9836);
#9834 = CARTESIAN_POINT('',(-57.436638,4.771419,1.51));
#9835 = DIRECTION('',(-0.382678244204,0.923881681501,0.));
#9836 = DIRECTION('',(0.923881681501,0.382678244204,0.));
#9837 = ADVANCED_FACE('',(#9838),#9863,.T.);
#9838 = FACE_BOUND('',#9839,.T.);
#9839 = EDGE_LOOP('',(#9840,#9850,#9856,#9857));
#9840 = ORIENTED_EDGE('',*,*,#9841,.T.);
#9841 = EDGE_CURVE('',#9842,#9844,#9846,.T.);
#9842 = VERTEX_POINT('',#9843);
#9843 = CARTESIAN_POINT('',(-59.853134,2.358998,1.51));
#9844 = VERTEX_POINT('',#9845);
#9845 = CARTESIAN_POINT('',(-59.853134,2.358998,1.545));
#9846 = LINE('',#9847,#9848);
#9847 = CARTESIAN_POINT('',(-59.853134,2.358998,1.51));
#9848 = VECTOR('',#9849,1.);
#9849 = DIRECTION('',(0.,0.,1.));
#9850 = ORIENTED_EDGE('',*,*,#9851,.T.);
#9851 = EDGE_CURVE('',#9844,#9804,#9852,.T.);
#9852 = LINE('',#9853,#9854);
#9853 = CARTESIAN_POINT('',(-59.853134,2.358998,1.545));
#9854 = VECTOR('',#9855,1.);
#9855 = DIRECTION('',(0.707703238594,0.706509820232,0.));
#9856 = ORIENTED_EDGE('',*,*,#9801,.F.);
#9857 = ORIENTED_EDGE('',*,*,#9858,.F.);
#9858 = EDGE_CURVE('',#9842,#9802,#9859,.T.);
#9859 = LINE('',#9860,#9861);
#9860 = CARTESIAN_POINT('',(-59.853134,2.358998,1.51));
#9861 = VECTOR('',#9862,1.);
#9862 = DIRECTION('',(0.707703238594,0.706509820232,0.));
#9863 = PLANE('',#9864);
#9864 = AXIS2_PLACEMENT_3D('',#9865,#9866,#9867);
#9865 = CARTESIAN_POINT('',(-59.853134,2.358998,1.51));
#9866 = DIRECTION('',(-0.706509820232,0.707703238594,0.));
#9867 = DIRECTION('',(0.707703238594,0.706509820232,0.));
#9868 = ADVANCED_FACE('',(#9869),#9894,.T.);
#9869 = FACE_BOUND('',#9870,.T.);
#9870 = EDGE_LOOP('',(#9871,#9872,#9880,#9888));
#9871 = ORIENTED_EDGE('',*,*,#9819,.T.);
#9872 = ORIENTED_EDGE('',*,*,#9873,.T.);
#9873 = EDGE_CURVE('',#9812,#9874,#9876,.T.);
#9874 = VERTEX_POINT('',#9875);
#9875 = CARTESIAN_POINT('',(57.382566,4.793816,1.545));
#9876 = LINE('',#9877,#9878);
#9877 = CARTESIAN_POINT('',(-57.382566,4.793816,1.545));
#9878 = VECTOR('',#9879,1.);
#9879 = DIRECTION('',(1.,0.,0.));
#9880 = ORIENTED_EDGE('',*,*,#9881,.F.);
#9881 = EDGE_CURVE('',#9882,#9874,#9884,.T.);
#9882 = VERTEX_POINT('',#9883);
#9883 = CARTESIAN_POINT('',(57.382566,4.793816,1.51));
#9884 = LINE('',#9885,#9886);
#9885 = CARTESIAN_POINT('',(57.382566,4.793816,1.51));
#9886 = VECTOR('',#9887,1.);
#9887 = DIRECTION('',(0.,0.,1.));
#9888 = ORIENTED_EDGE('',*,*,#9889,.F.);
#9889 = EDGE_CURVE('',#9820,#9882,#9890,.T.);
#9890 = LINE('',#9891,#9892);
#9891 = CARTESIAN_POINT('',(-57.382566,4.793816,1.51));
#9892 = VECTOR('',#9893,1.);
#9893 = DIRECTION('',(1.,0.,0.));
#9894 = PLANE('',#9895);
#9895 = AXIS2_PLACEMENT_3D('',#9896,#9897,#9898);
#9896 = CARTESIAN_POINT('',(-57.382566,4.793816,1.51));
#9897 = DIRECTION('',(0.,1.,0.));
#9898 = DIRECTION('',(1.,0.,0.));
#9899 = ADVANCED_FACE('',(#9900,#10075,#10086),#10097,.F.);
#9900 = FACE_BOUND('',#9901,.F.);
#9901 = EDGE_LOOP('',(#9902,#9903,#9904,#9912,#9920,#9929,#9938,#9946,
    #9954,#9962,#9970,#9978,#9986,#9994,#10002,#10010,#10018,#10026,
    #10035,#10044,#10052,#10060,#10068,#10074));
#9902 = ORIENTED_EDGE('',*,*,#9827,.F.);
#9903 = ORIENTED_EDGE('',*,*,#9858,.F.);
#9904 = ORIENTED_EDGE('',*,*,#9905,.F.);
#9905 = EDGE_CURVE('',#9906,#9842,#9908,.T.);
#9906 = VERTEX_POINT('',#9907);
#9907 = CARTESIAN_POINT('',(-67.086868,2.358998,1.51));
#9908 = LINE('',#9909,#9910);
#9909 = CARTESIAN_POINT('',(-67.086868,2.358998,1.51));
#9910 = VECTOR('',#9911,1.);
#9911 = DIRECTION('',(1.,0.,0.));
#9912 = ORIENTED_EDGE('',*,*,#9913,.F.);
#9913 = EDGE_CURVE('',#9914,#9906,#9916,.T.);
#9914 = VERTEX_POINT('',#9915);
#9915 = CARTESIAN_POINT('',(-68.76355354854,4.032698666679,1.51));
#9916 = LINE('',#9917,#9918);
#9917 = CARTESIAN_POINT('',(-69.029878,4.298549,1.51));
#9918 = VECTOR('',#9919,1.);
#9919 = DIRECTION('',(0.707736466556,-0.706476534576,0.));
#9920 = ORIENTED_EDGE('',*,*,#9921,.T.);
#9921 = EDGE_CURVE('',#9914,#9922,#9924,.T.);
#9922 = VERTEX_POINT('',#9923);
#9923 = CARTESIAN_POINT('',(-68.610001,4.519998,1.51));
#9924 = CIRCLE('',#9925,0.849999);
#9925 = AXIS2_PLACEMENT_3D('',#9926,#9927,#9928);
#9926 = CARTESIAN_POINT('',(-69.46,4.519998,1.51));
#9927 = DIRECTION('',(0.,0.,1.));
#9928 = DIRECTION('',(1.,0.,-0.));
#9929 = ORIENTED_EDGE('',*,*,#9930,.T.);
#9930 = EDGE_CURVE('',#9922,#9931,#9933,.T.);
#9931 = VERTEX_POINT('',#9932);
#9932 = CARTESIAN_POINT('',(-68.97205897613,3.824000976134,1.51));
#9933 = CIRCLE('',#9934,0.849999);
#9934 = AXIS2_PLACEMENT_3D('',#9935,#9936,#9937);
#9935 = CARTESIAN_POINT('',(-69.46,4.519998,1.51));
#9936 = DIRECTION('',(0.,0.,1.));
#9937 = DIRECTION('',(1.,0.,-0.));
#9938 = ORIENTED_EDGE('',*,*,#9939,.F.);
#9939 = EDGE_CURVE('',#9940,#9931,#9942,.T.);
#9940 = VERTEX_POINT('',#9941);
#9941 = CARTESIAN_POINT('',(-67.232335,2.084277,1.51));
#9942 = LINE('',#9943,#9944);
#9943 = CARTESIAN_POINT('',(-67.232335,2.084277,1.51));
#9944 = VECTOR('',#9945,1.);
#9945 = DIRECTION('',(-0.707106781187,0.707106781187,0.));
#9946 = ORIENTED_EDGE('',*,*,#9947,.F.);
#9947 = EDGE_CURVE('',#9948,#9940,#9950,.T.);
#9948 = VERTEX_POINT('',#9949);
#9949 = CARTESIAN_POINT('',(-67.178264,2.06188,1.51));
#9950 = LINE('',#9951,#9952);
#9951 = CARTESIAN_POINT('',(-67.178264,2.06188,1.51));
#9952 = VECTOR('',#9953,1.);
#9953 = DIRECTION('',(-0.923879179303,0.382684285085,0.));
#9954 = ORIENTED_EDGE('',*,*,#9955,.F.);
#9955 = EDGE_CURVE('',#9956,#9948,#9958,.T.);
#9956 = VERTEX_POINT('',#9957);
#9957 = CARTESIAN_POINT('',(-59.761738,2.06188,1.51));
#9958 = LINE('',#9959,#9960);
#9959 = CARTESIAN_POINT('',(-59.761738,2.06188,1.51));
#9960 = VECTOR('',#9961,1.);
#9961 = DIRECTION('',(-1.,0.,0.));
#9962 = ORIENTED_EDGE('',*,*,#9963,.F.);
#9963 = EDGE_CURVE('',#9964,#9956,#9966,.T.);
#9964 = VERTEX_POINT('',#9965);
#9965 = CARTESIAN_POINT('',(-59.707667,2.084277,1.51));
#9966 = LINE('',#9967,#9968);
#9967 = CARTESIAN_POINT('',(-59.707667,2.084277,1.51));
#9968 = VECTOR('',#9969,1.);
#9969 = DIRECTION('',(-0.923879179303,-0.382684285085,0.));
#9970 = ORIENTED_EDGE('',*,*,#9971,.F.);
#9971 = EDGE_CURVE('',#9972,#9964,#9974,.T.);
#9972 = VERTEX_POINT('',#9973);
#9973 = CARTESIAN_POINT('',(-57.29117,4.496698,1.51));
#9974 = LINE('',#9975,#9976);
#9975 = CARTESIAN_POINT('',(-57.29117,4.496698,1.51));
#9976 = VECTOR('',#9977,1.);
#9977 = DIRECTION('',(-0.707703384778,-0.7065096738,0.));
#9978 = ORIENTED_EDGE('',*,*,#9979,.F.);
#9979 = EDGE_CURVE('',#9980,#9972,#9982,.T.);
#9980 = VERTEX_POINT('',#9981);
#9981 = CARTESIAN_POINT('',(57.29117,4.496698,1.51));
#9982 = LINE('',#9983,#9984);
#9983 = CARTESIAN_POINT('',(57.29117,4.496698,1.51));
#9984 = VECTOR('',#9985,1.);
#9985 = DIRECTION('',(-1.,0.,0.));
#9986 = ORIENTED_EDGE('',*,*,#9987,.F.);
#9987 = EDGE_CURVE('',#9988,#9980,#9990,.T.);
#9988 = VERTEX_POINT('',#9989);
#9989 = CARTESIAN_POINT('',(59.707666,2.084277,1.51));
#9990 = LINE('',#9991,#9992);
#9991 = CARTESIAN_POINT('',(59.707666,2.084277,1.51));
#9992 = VECTOR('',#9993,1.);
#9993 = DIRECTION('',(-0.707703238594,0.706509820232,0.));
#9994 = ORIENTED_EDGE('',*,*,#9995,.F.);
#9995 = EDGE_CURVE('',#9996,#9988,#9998,.T.);
#9996 = VERTEX_POINT('',#9997);
#9997 = CARTESIAN_POINT('',(59.761738,2.06188,1.51));
#9998 = LINE('',#9999,#10000);
#9999 = CARTESIAN_POINT('',(59.761738,2.06188,1.51));
#10000 = VECTOR('',#10001,1.);
#10001 = DIRECTION('',(-0.923881681501,0.382678244204,0.));
#10002 = ORIENTED_EDGE('',*,*,#10003,.F.);
#10003 = EDGE_CURVE('',#10004,#9996,#10006,.T.);
#10004 = VERTEX_POINT('',#10005);
#10005 = CARTESIAN_POINT('',(67.178262,2.06188,1.51));
#10006 = LINE('',#10007,#10008);
#10007 = CARTESIAN_POINT('',(67.178262,2.06188,1.51));
#10008 = VECTOR('',#10009,1.);
#10009 = DIRECTION('',(-1.,0.,0.));
#10010 = ORIENTED_EDGE('',*,*,#10011,.F.);
#10011 = EDGE_CURVE('',#10012,#10004,#10014,.T.);
#10012 = VERTEX_POINT('',#10013);
#10013 = CARTESIAN_POINT('',(67.232333,2.084277,1.51));
#10014 = LINE('',#10015,#10016);
#10015 = CARTESIAN_POINT('',(67.232333,2.084277,1.51));
#10016 = VECTOR('',#10017,1.);
#10017 = DIRECTION('',(-0.923879179303,-0.382684285085,0.));
#10018 = ORIENTED_EDGE('',*,*,#10019,.F.);
#10019 = EDGE_CURVE('',#10020,#10012,#10022,.T.);
#10020 = VERTEX_POINT('',#10021);
#10021 = CARTESIAN_POINT('',(68.972056466257,3.824001333593,1.51));
#10022 = LINE('',#10023,#10024);
#10023 = CARTESIAN_POINT('',(69.238156,4.090101,1.51));
#10024 = VECTOR('',#10025,1.);
#10025 = DIRECTION('',(-0.707106604923,-0.70710695745,0.));
#10026 = ORIENTED_EDGE('',*,*,#10027,.T.);
#10027 = EDGE_CURVE('',#10020,#10028,#10030,.T.);
#10028 = VERTEX_POINT('',#10029);
#10029 = CARTESIAN_POINT('',(70.309997,4.519998,1.51));
#10030 = CIRCLE('',#10031,0.849999);
#10031 = AXIS2_PLACEMENT_3D('',#10032,#10033,#10034);
#10032 = CARTESIAN_POINT('',(69.459998,4.519998,1.51));
#10033 = DIRECTION('',(0.,0.,1.));
#10034 = DIRECTION('',(1.,0.,-0.));
#10035 = ORIENTED_EDGE('',*,*,#10036,.T.);
#10036 = EDGE_CURVE('',#10028,#10037,#10039,.T.);
#10037 = VERTEX_POINT('',#10038);
#10038 = CARTESIAN_POINT('',(68.763551194315,4.032699172941,1.51));
#10039 = CIRCLE('',#10040,0.849999);
#10040 = AXIS2_PLACEMENT_3D('',#10041,#10042,#10043);
#10041 = CARTESIAN_POINT('',(69.459998,4.519998,1.51));
#10042 = DIRECTION('',(0.,0.,1.));
#10043 = DIRECTION('',(1.,0.,-0.));
#10044 = ORIENTED_EDGE('',*,*,#10045,.F.);
#10045 = EDGE_CURVE('',#10046,#10037,#10048,.T.);
#10046 = VERTEX_POINT('',#10047);
#10047 = CARTESIAN_POINT('',(67.086866,2.358998,1.51));
#10048 = LINE('',#10049,#10050);
#10049 = CARTESIAN_POINT('',(67.086866,2.358998,1.51));
#10050 = VECTOR('',#10051,1.);
#10051 = DIRECTION('',(0.707736285081,0.706476716375,0.));
#10052 = ORIENTED_EDGE('',*,*,#10053,.F.);
#10053 = EDGE_CURVE('',#10054,#10046,#10056,.T.);
#10054 = VERTEX_POINT('',#10055);
#10055 = CARTESIAN_POINT('',(59.853134,2.358998,1.51));
#10056 = LINE('',#10057,#10058);
#10057 = CARTESIAN_POINT('',(59.853134,2.358998,1.51));
#10058 = VECTOR('',#10059,1.);
#10059 = DIRECTION('',(1.,0.,0.));
#10060 = ORIENTED_EDGE('',*,*,#10061,.F.);
#10061 = EDGE_CURVE('',#10062,#10054,#10064,.T.);
#10062 = VERTEX_POINT('',#10063);
#10063 = CARTESIAN_POINT('',(57.436637,4.771419,1.51));
#10064 = LINE('',#10065,#10066);
#10065 = CARTESIAN_POINT('',(57.436637,4.771419,1.51));
#10066 = VECTOR('',#10067,1.);
#10067 = DIRECTION('',(0.707703384778,-0.7065096738,0.));
#10068 = ORIENTED_EDGE('',*,*,#10069,.F.);
#10069 = EDGE_CURVE('',#9882,#10062,#10070,.T.);
#10070 = LINE('',#10071,#10072);
#10071 = CARTESIAN_POINT('',(57.382566,4.793816,1.51));
#10072 = VECTOR('',#10073,1.);
#10073 = DIRECTION('',(0.923879179303,-0.382684285085,0.));
#10074 = ORIENTED_EDGE('',*,*,#9889,.F.);
#10075 = FACE_BOUND('',#10076,.F.);
#10076 = EDGE_LOOP('',(#10077));
#10077 = ORIENTED_EDGE('',*,*,#10078,.F.);
#10078 = EDGE_CURVE('',#10079,#10079,#10081,.T.);
#10079 = VERTEX_POINT('',#10080);
#10080 = CARTESIAN_POINT('',(69.459998,4.019998,1.51));
#10081 = CIRCLE('',#10082,0.5);
#10082 = AXIS2_PLACEMENT_3D('',#10083,#10084,#10085);
#10083 = CARTESIAN_POINT('',(69.459998,4.519998,1.51));
#10084 = DIRECTION('',(0.,0.,1.));
#10085 = DIRECTION('',(-0.,-1.,0.));
#10086 = FACE_BOUND('',#10087,.F.);
#10087 = EDGE_LOOP('',(#10088));
#10088 = ORIENTED_EDGE('',*,*,#10089,.F.);
#10089 = EDGE_CURVE('',#10090,#10090,#10092,.T.);
#10090 = VERTEX_POINT('',#10091);
#10091 = CARTESIAN_POINT('',(-69.46,4.019998,1.51));
#10092 = CIRCLE('',#10093,0.5);
#10093 = AXIS2_PLACEMENT_3D('',#10094,#10095,#10096);
#10094 = CARTESIAN_POINT('',(-69.46,4.519998,1.51));
#10095 = DIRECTION('',(0.,0.,1.));
#10096 = DIRECTION('',(0.,-1.,0.));
#10097 = PLANE('',#10098);
#10098 = AXIS2_PLACEMENT_3D('',#10099,#10100,#10101);
#10099 = CARTESIAN_POINT('',(0.,0.,1.51));
#10100 = DIRECTION('',(0.,0.,1.));
#10101 = DIRECTION('',(1.,0.,-0.));
#10102 = ADVANCED_FACE('',(#10103),#10260,.T.);
#10103 = FACE_BOUND('',#10104,.T.);
#10104 = EDGE_LOOP('',(#10105,#10106,#10107,#10115,#10123,#10132,#10140,
    #10148,#10156,#10164,#10172,#10180,#10188,#10196,#10204,#10212,
    #10220,#10229,#10237,#10245,#10253,#10259));
#10105 = ORIENTED_EDGE('',*,*,#9811,.F.);
#10106 = ORIENTED_EDGE('',*,*,#9851,.F.);
#10107 = ORIENTED_EDGE('',*,*,#10108,.F.);
#10108 = EDGE_CURVE('',#10109,#9844,#10111,.T.);
#10109 = VERTEX_POINT('',#10110);
#10110 = CARTESIAN_POINT('',(-67.086868,2.358998,1.545));
#10111 = LINE('',#10112,#10113);
#10112 = CARTESIAN_POINT('',(-67.086868,2.358998,1.545));
#10113 = VECTOR('',#10114,1.);
#10114 = DIRECTION('',(1.,0.,0.));
#10115 = ORIENTED_EDGE('',*,*,#10116,.F.);
#10116 = EDGE_CURVE('',#10117,#10109,#10119,.T.);
#10117 = VERTEX_POINT('',#10118);
#10118 = CARTESIAN_POINT('',(-68.76355354854,4.032698666679,1.545));
#10119 = LINE('',#10120,#10121);
#10120 = CARTESIAN_POINT('',(-69.029878,4.298549,1.545));
#10121 = VECTOR('',#10122,1.);
#10122 = DIRECTION('',(0.707736466556,-0.706476534576,0.));
#10123 = ORIENTED_EDGE('',*,*,#10124,.T.);
#10124 = EDGE_CURVE('',#10117,#10125,#10127,.T.);
#10125 = VERTEX_POINT('',#10126);
#10126 = CARTESIAN_POINT('',(-68.97205897613,3.824000976134,1.545));
#10127 = CIRCLE('',#10128,0.849999);
#10128 = AXIS2_PLACEMENT_3D('',#10129,#10130,#10131);
#10129 = CARTESIAN_POINT('',(-69.46,4.519998,1.545));
#10130 = DIRECTION('',(0.,-0.,-1.));
#10131 = DIRECTION('',(1.,0.,-0.));
#10132 = ORIENTED_EDGE('',*,*,#10133,.F.);
#10133 = EDGE_CURVE('',#10134,#10125,#10136,.T.);
#10134 = VERTEX_POINT('',#10135);
#10135 = CARTESIAN_POINT('',(-67.232335,2.084277,1.545));
#10136 = LINE('',#10137,#10138);
#10137 = CARTESIAN_POINT('',(-67.232335,2.084277,1.545));
#10138 = VECTOR('',#10139,1.);
#10139 = DIRECTION('',(-0.707106781187,0.707106781187,0.));
#10140 = ORIENTED_EDGE('',*,*,#10141,.F.);
#10141 = EDGE_CURVE('',#10142,#10134,#10144,.T.);
#10142 = VERTEX_POINT('',#10143);
#10143 = CARTESIAN_POINT('',(-67.178264,2.06188,1.545));
#10144 = LINE('',#10145,#10146);
#10145 = CARTESIAN_POINT('',(-67.178264,2.06188,1.545));
#10146 = VECTOR('',#10147,1.);
#10147 = DIRECTION('',(-0.923879179303,0.382684285085,0.));
#10148 = ORIENTED_EDGE('',*,*,#10149,.F.);
#10149 = EDGE_CURVE('',#10150,#10142,#10152,.T.);
#10150 = VERTEX_POINT('',#10151);
#10151 = CARTESIAN_POINT('',(-59.761738,2.06188,1.545));
#10152 = LINE('',#10153,#10154);
#10153 = CARTESIAN_POINT('',(-59.761738,2.06188,1.545));
#10154 = VECTOR('',#10155,1.);
#10155 = DIRECTION('',(-1.,0.,0.));
#10156 = ORIENTED_EDGE('',*,*,#10157,.F.);
#10157 = EDGE_CURVE('',#10158,#10150,#10160,.T.);
#10158 = VERTEX_POINT('',#10159);
#10159 = CARTESIAN_POINT('',(-59.707667,2.084277,1.545));
#10160 = LINE('',#10161,#10162);
#10161 = CARTESIAN_POINT('',(-59.707667,2.084277,1.545));
#10162 = VECTOR('',#10163,1.);
#10163 = DIRECTION('',(-0.923879179303,-0.382684285085,0.));
#10164 = ORIENTED_EDGE('',*,*,#10165,.F.);
#10165 = EDGE_CURVE('',#10166,#10158,#10168,.T.);
#10166 = VERTEX_POINT('',#10167);
#10167 = CARTESIAN_POINT('',(-57.29117,4.496698,1.545));
#10168 = LINE('',#10169,#10170);
#10169 = CARTESIAN_POINT('',(-57.29117,4.496698,1.545));
#10170 = VECTOR('',#10171,1.);
#10171 = DIRECTION('',(-0.707703384778,-0.7065096738,0.));
#10172 = ORIENTED_EDGE('',*,*,#10173,.F.);
#10173 = EDGE_CURVE('',#10174,#10166,#10176,.T.);
#10174 = VERTEX_POINT('',#10175);
#10175 = CARTESIAN_POINT('',(57.29117,4.496698,1.545));
#10176 = LINE('',#10177,#10178);
#10177 = CARTESIAN_POINT('',(57.29117,4.496698,1.545));
#10178 = VECTOR('',#10179,1.);
#10179 = DIRECTION('',(-1.,0.,0.));
#10180 = ORIENTED_EDGE('',*,*,#10181,.F.);
#10181 = EDGE_CURVE('',#10182,#10174,#10184,.T.);
#10182 = VERTEX_POINT('',#10183);
#10183 = CARTESIAN_POINT('',(59.707666,2.084277,1.545));
#10184 = LINE('',#10185,#10186);
#10185 = CARTESIAN_POINT('',(59.707666,2.084277,1.545));
#10186 = VECTOR('',#10187,1.);
#10187 = DIRECTION('',(-0.707703238594,0.706509820232,0.));
#10188 = ORIENTED_EDGE('',*,*,#10189,.F.);
#10189 = EDGE_CURVE('',#10190,#10182,#10192,.T.);
#10190 = VERTEX_POINT('',#10191);
#10191 = CARTESIAN_POINT('',(59.761738,2.06188,1.545));
#10192 = LINE('',#10193,#10194);
#10193 = CARTESIAN_POINT('',(59.761738,2.06188,1.545));
#10194 = VECTOR('',#10195,1.);
#10195 = DIRECTION('',(-0.923881681501,0.382678244204,0.));
#10196 = ORIENTED_EDGE('',*,*,#10197,.F.);
#10197 = EDGE_CURVE('',#10198,#10190,#10200,.T.);
#10198 = VERTEX_POINT('',#10199);
#10199 = CARTESIAN_POINT('',(67.178262,2.06188,1.545));
#10200 = LINE('',#10201,#10202);
#10201 = CARTESIAN_POINT('',(67.178262,2.06188,1.545));
#10202 = VECTOR('',#10203,1.);
#10203 = DIRECTION('',(-1.,0.,0.));
#10204 = ORIENTED_EDGE('',*,*,#10205,.F.);
#10205 = EDGE_CURVE('',#10206,#10198,#10208,.T.);
#10206 = VERTEX_POINT('',#10207);
#10207 = CARTESIAN_POINT('',(67.232333,2.084277,1.545));
#10208 = LINE('',#10209,#10210);
#10209 = CARTESIAN_POINT('',(67.232333,2.084277,1.545));
#10210 = VECTOR('',#10211,1.);
#10211 = DIRECTION('',(-0.923879179303,-0.382684285085,0.));
#10212 = ORIENTED_EDGE('',*,*,#10213,.F.);
#10213 = EDGE_CURVE('',#10214,#10206,#10216,.T.);
#10214 = VERTEX_POINT('',#10215);
#10215 = CARTESIAN_POINT('',(68.972056466257,3.824001333594,1.545));
#10216 = LINE('',#10217,#10218);
#10217 = CARTESIAN_POINT('',(69.238156,4.090101,1.545));
#10218 = VECTOR('',#10219,1.);
#10219 = DIRECTION('',(-0.707106604923,-0.70710695745,0.));
#10220 = ORIENTED_EDGE('',*,*,#10221,.T.);
#10221 = EDGE_CURVE('',#10214,#10222,#10224,.T.);
#10222 = VERTEX_POINT('',#10223);
#10223 = CARTESIAN_POINT('',(68.763551194315,4.032699172941,1.545));
#10224 = CIRCLE('',#10225,0.849999);
#10225 = AXIS2_PLACEMENT_3D('',#10226,#10227,#10228);
#10226 = CARTESIAN_POINT('',(69.459998,4.519998,1.545));
#10227 = DIRECTION('',(0.,-0.,-1.));
#10228 = DIRECTION('',(1.,0.,-0.));
#10229 = ORIENTED_EDGE('',*,*,#10230,.F.);
#10230 = EDGE_CURVE('',#10231,#10222,#10233,.T.);
#10231 = VERTEX_POINT('',#10232);
#10232 = CARTESIAN_POINT('',(67.086866,2.358998,1.545));
#10233 = LINE('',#10234,#10235);
#10234 = CARTESIAN_POINT('',(67.086866,2.358998,1.545));
#10235 = VECTOR('',#10236,1.);
#10236 = DIRECTION('',(0.707736285081,0.706476716375,0.));
#10237 = ORIENTED_EDGE('',*,*,#10238,.F.);
#10238 = EDGE_CURVE('',#10239,#10231,#10241,.T.);
#10239 = VERTEX_POINT('',#10240);
#10240 = CARTESIAN_POINT('',(59.853134,2.358998,1.545));
#10241 = LINE('',#10242,#10243);
#10242 = CARTESIAN_POINT('',(59.853134,2.358998,1.545));
#10243 = VECTOR('',#10244,1.);
#10244 = DIRECTION('',(1.,0.,0.));
#10245 = ORIENTED_EDGE('',*,*,#10246,.F.);
#10246 = EDGE_CURVE('',#10247,#10239,#10249,.T.);
#10247 = VERTEX_POINT('',#10248);
#10248 = CARTESIAN_POINT('',(57.436637,4.771419,1.545));
#10249 = LINE('',#10250,#10251);
#10250 = CARTESIAN_POINT('',(57.436637,4.771419,1.545));
#10251 = VECTOR('',#10252,1.);
#10252 = DIRECTION('',(0.707703384778,-0.7065096738,0.));
#10253 = ORIENTED_EDGE('',*,*,#10254,.F.);
#10254 = EDGE_CURVE('',#9874,#10247,#10255,.T.);
#10255 = LINE('',#10256,#10257);
#10256 = CARTESIAN_POINT('',(57.382566,4.793816,1.545));
#10257 = VECTOR('',#10258,1.);
#10258 = DIRECTION('',(0.923879179303,-0.382684285085,0.));
#10259 = ORIENTED_EDGE('',*,*,#9873,.F.);
#10260 = PLANE('',#10261);
#10261 = AXIS2_PLACEMENT_3D('',#10262,#10263,#10264);
#10262 = CARTESIAN_POINT('',(0.,0.,1.545));
#10263 = DIRECTION('',(0.,0.,1.));
#10264 = DIRECTION('',(1.,0.,-0.));
#10265 = ADVANCED_FACE('',(#10266),#10277,.T.);
#10266 = FACE_BOUND('',#10267,.T.);
#10267 = EDGE_LOOP('',(#10268,#10274,#10275,#10276));
#10268 = ORIENTED_EDGE('',*,*,#10269,.T.);
#10269 = EDGE_CURVE('',#9906,#10109,#10270,.T.);
#10270 = LINE('',#10271,#10272);
#10271 = CARTESIAN_POINT('',(-67.086868,2.358998,1.51));
#10272 = VECTOR('',#10273,1.);
#10273 = DIRECTION('',(0.,0.,1.));
#10274 = ORIENTED_EDGE('',*,*,#10108,.T.);
#10275 = ORIENTED_EDGE('',*,*,#9841,.F.);
#10276 = ORIENTED_EDGE('',*,*,#9905,.F.);
#10277 = PLANE('',#10278);
#10278 = AXIS2_PLACEMENT_3D('',#10279,#10280,#10281);
#10279 = CARTESIAN_POINT('',(-67.086868,2.358998,1.51));
#10280 = DIRECTION('',(0.,1.,0.));
#10281 = DIRECTION('',(1.,0.,0.));
#10282 = ADVANCED_FACE('',(#10283),#10294,.T.);
#10283 = FACE_BOUND('',#10284,.T.);
#10284 = EDGE_LOOP('',(#10285,#10286,#10287,#10293));
#10285 = ORIENTED_EDGE('',*,*,#9881,.T.);
#10286 = ORIENTED_EDGE('',*,*,#10254,.T.);
#10287 = ORIENTED_EDGE('',*,*,#10288,.F.);
#10288 = EDGE_CURVE('',#10062,#10247,#10289,.T.);
#10289 = LINE('',#10290,#10291);
#10290 = CARTESIAN_POINT('',(57.436637,4.771419,1.51));
#10291 = VECTOR('',#10292,1.);
#10292 = DIRECTION('',(0.,0.,1.));
#10293 = ORIENTED_EDGE('',*,*,#10069,.F.);
#10294 = PLANE('',#10295);
#10295 = AXIS2_PLACEMENT_3D('',#10296,#10297,#10298);
#10296 = CARTESIAN_POINT('',(57.382566,4.793816,1.51));
#10297 = DIRECTION('',(0.382684285085,0.923879179303,-0.));
#10298 = DIRECTION('',(0.923879179303,-0.382684285085,0.));
#10299 = ADVANCED_FACE('',(#10300),#10311,.T.);
#10300 = FACE_BOUND('',#10301,.T.);
#10301 = EDGE_LOOP('',(#10302,#10303,#10304,#10310));
#10302 = ORIENTED_EDGE('',*,*,#10288,.T.);
#10303 = ORIENTED_EDGE('',*,*,#10246,.T.);
#10304 = ORIENTED_EDGE('',*,*,#10305,.F.);
#10305 = EDGE_CURVE('',#10054,#10239,#10306,.T.);
#10306 = LINE('',#10307,#10308);
#10307 = CARTESIAN_POINT('',(59.853134,2.358998,1.51));
#10308 = VECTOR('',#10309,1.);
#10309 = DIRECTION('',(0.,0.,1.));
#10310 = ORIENTED_EDGE('',*,*,#10061,.F.);
#10311 = PLANE('',#10312);
#10312 = AXIS2_PLACEMENT_3D('',#10313,#10314,#10315);
#10313 = CARTESIAN_POINT('',(57.436637,4.771419,1.51));
#10314 = DIRECTION('',(0.7065096738,0.707703384778,-0.));
#10315 = DIRECTION('',(0.707703384778,-0.7065096738,0.));
#10316 = ADVANCED_FACE('',(#10317),#10328,.T.);
#10317 = FACE_BOUND('',#10318,.T.);
#10318 = EDGE_LOOP('',(#10319,#10320,#10321,#10327));
#10319 = ORIENTED_EDGE('',*,*,#10305,.T.);
#10320 = ORIENTED_EDGE('',*,*,#10238,.T.);
#10321 = ORIENTED_EDGE('',*,*,#10322,.F.);
#10322 = EDGE_CURVE('',#10046,#10231,#10323,.T.);
#10323 = LINE('',#10324,#10325);
#10324 = CARTESIAN_POINT('',(67.086866,2.358998,1.51));
#10325 = VECTOR('',#10326,1.);
#10326 = DIRECTION('',(0.,0.,1.));
#10327 = ORIENTED_EDGE('',*,*,#10053,.F.);
#10328 = PLANE('',#10329);
#10329 = AXIS2_PLACEMENT_3D('',#10330,#10331,#10332);
#10330 = CARTESIAN_POINT('',(59.853134,2.358998,1.51));
#10331 = DIRECTION('',(0.,1.,0.));
#10332 = DIRECTION('',(1.,0.,0.));
#10333 = ADVANCED_FACE('',(#10334),#10345,.T.);
#10334 = FACE_BOUND('',#10335,.T.);
#10335 = EDGE_LOOP('',(#10336,#10337,#10338,#10339));
#10336 = ORIENTED_EDGE('',*,*,#10045,.F.);
#10337 = ORIENTED_EDGE('',*,*,#10322,.T.);
#10338 = ORIENTED_EDGE('',*,*,#10230,.T.);
#10339 = ORIENTED_EDGE('',*,*,#10340,.T.);
#10340 = EDGE_CURVE('',#10222,#10037,#10341,.T.);
#10341 = LINE('',#10342,#10343);
#10342 = CARTESIAN_POINT('',(68.763551194315,4.032699172941,1.51));
#10343 = VECTOR('',#10344,1.);
#10344 = DIRECTION('',(-0.,-0.,-1.));
#10345 = PLANE('',#10346);
#10346 = AXIS2_PLACEMENT_3D('',#10347,#10348,#10349);
#10347 = CARTESIAN_POINT('',(67.086866,2.358998,1.51));
#10348 = DIRECTION('',(-0.706476716375,0.707736285081,0.));
#10349 = DIRECTION('',(0.707736285081,0.706476716375,0.));
#10350 = ADVANCED_FACE('',(#10351),#10367,.T.);
#10351 = FACE_BOUND('',#10352,.T.);
#10352 = EDGE_LOOP('',(#10353,#10359,#10360,#10366));
#10353 = ORIENTED_EDGE('',*,*,#10354,.F.);
#10354 = EDGE_CURVE('',#10214,#10020,#10355,.T.);
#10355 = LINE('',#10356,#10357);
#10356 = CARTESIAN_POINT('',(68.972056466257,3.824001333593,1.51));
#10357 = VECTOR('',#10358,1.);
#10358 = DIRECTION('',(-0.,-0.,-1.));
#10359 = ORIENTED_EDGE('',*,*,#10213,.T.);
#10360 = ORIENTED_EDGE('',*,*,#10361,.F.);
#10361 = EDGE_CURVE('',#10012,#10206,#10362,.T.);
#10362 = LINE('',#10363,#10364);
#10363 = CARTESIAN_POINT('',(67.232333,2.084277,1.51));
#10364 = VECTOR('',#10365,1.);
#10365 = DIRECTION('',(0.,0.,1.));
#10366 = ORIENTED_EDGE('',*,*,#10019,.F.);
#10367 = PLANE('',#10368);
#10368 = AXIS2_PLACEMENT_3D('',#10369,#10370,#10371);
#10369 = CARTESIAN_POINT('',(69.238156,4.090101,1.51));
#10370 = DIRECTION('',(0.70710695745,-0.707106604923,0.));
#10371 = DIRECTION('',(-0.707106604923,-0.70710695745,0.));
#10372 = ADVANCED_FACE('',(#10373),#10384,.T.);
#10373 = FACE_BOUND('',#10374,.T.);
#10374 = EDGE_LOOP('',(#10375,#10376,#10377,#10383));
#10375 = ORIENTED_EDGE('',*,*,#10361,.T.);
#10376 = ORIENTED_EDGE('',*,*,#10205,.T.);
#10377 = ORIENTED_EDGE('',*,*,#10378,.F.);
#10378 = EDGE_CURVE('',#10004,#10198,#10379,.T.);
#10379 = LINE('',#10380,#10381);
#10380 = CARTESIAN_POINT('',(67.178262,2.06188,1.51));
#10381 = VECTOR('',#10382,1.);
#10382 = DIRECTION('',(0.,0.,1.));
#10383 = ORIENTED_EDGE('',*,*,#10011,.F.);
#10384 = PLANE('',#10385);
#10385 = AXIS2_PLACEMENT_3D('',#10386,#10387,#10388);
#10386 = CARTESIAN_POINT('',(67.232333,2.084277,1.51));
#10387 = DIRECTION('',(0.382684285085,-0.923879179303,0.));
#10388 = DIRECTION('',(-0.923879179303,-0.382684285085,0.));
#10389 = ADVANCED_FACE('',(#10390),#10401,.T.);
#10390 = FACE_BOUND('',#10391,.T.);
#10391 = EDGE_LOOP('',(#10392,#10393,#10394,#10400));
#10392 = ORIENTED_EDGE('',*,*,#10378,.T.);
#10393 = ORIENTED_EDGE('',*,*,#10197,.T.);
#10394 = ORIENTED_EDGE('',*,*,#10395,.F.);
#10395 = EDGE_CURVE('',#9996,#10190,#10396,.T.);
#10396 = LINE('',#10397,#10398);
#10397 = CARTESIAN_POINT('',(59.761738,2.06188,1.51));
#10398 = VECTOR('',#10399,1.);
#10399 = DIRECTION('',(0.,0.,1.));
#10400 = ORIENTED_EDGE('',*,*,#10003,.F.);
#10401 = PLANE('',#10402);
#10402 = AXIS2_PLACEMENT_3D('',#10403,#10404,#10405);
#10403 = CARTESIAN_POINT('',(67.178262,2.06188,1.51));
#10404 = DIRECTION('',(0.,-1.,0.));
#10405 = DIRECTION('',(-1.,0.,0.));
#10406 = ADVANCED_FACE('',(#10407),#10418,.T.);
#10407 = FACE_BOUND('',#10408,.T.);
#10408 = EDGE_LOOP('',(#10409,#10410,#10411,#10417));
#10409 = ORIENTED_EDGE('',*,*,#10395,.T.);
#10410 = ORIENTED_EDGE('',*,*,#10189,.T.);
#10411 = ORIENTED_EDGE('',*,*,#10412,.F.);
#10412 = EDGE_CURVE('',#9988,#10182,#10413,.T.);
#10413 = LINE('',#10414,#10415);
#10414 = CARTESIAN_POINT('',(59.707666,2.084277,1.51));
#10415 = VECTOR('',#10416,1.);
#10416 = DIRECTION('',(0.,0.,1.));
#10417 = ORIENTED_EDGE('',*,*,#9995,.F.);
#10418 = PLANE('',#10419);
#10419 = AXIS2_PLACEMENT_3D('',#10420,#10421,#10422);
#10420 = CARTESIAN_POINT('',(59.761738,2.06188,1.51));
#10421 = DIRECTION('',(-0.382678244204,-0.923881681501,0.));
#10422 = DIRECTION('',(-0.923881681501,0.382678244204,0.));
#10423 = ADVANCED_FACE('',(#10424),#10435,.T.);
#10424 = FACE_BOUND('',#10425,.T.);
#10425 = EDGE_LOOP('',(#10426,#10427,#10428,#10434));
#10426 = ORIENTED_EDGE('',*,*,#10412,.T.);
#10427 = ORIENTED_EDGE('',*,*,#10181,.T.);
#10428 = ORIENTED_EDGE('',*,*,#10429,.F.);
#10429 = EDGE_CURVE('',#9980,#10174,#10430,.T.);
#10430 = LINE('',#10431,#10432);
#10431 = CARTESIAN_POINT('',(57.29117,4.496698,1.51));
#10432 = VECTOR('',#10433,1.);
#10433 = DIRECTION('',(0.,0.,1.));
#10434 = ORIENTED_EDGE('',*,*,#9987,.F.);
#10435 = PLANE('',#10436);
#10436 = AXIS2_PLACEMENT_3D('',#10437,#10438,#10439);
#10437 = CARTESIAN_POINT('',(59.707666,2.084277,1.51));
#10438 = DIRECTION('',(-0.706509820232,-0.707703238594,0.));
#10439 = DIRECTION('',(-0.707703238594,0.706509820232,0.));
#10440 = ADVANCED_FACE('',(#10441),#10452,.T.);
#10441 = FACE_BOUND('',#10442,.T.);
#10442 = EDGE_LOOP('',(#10443,#10444,#10445,#10451));
#10443 = ORIENTED_EDGE('',*,*,#10429,.T.);
#10444 = ORIENTED_EDGE('',*,*,#10173,.T.);
#10445 = ORIENTED_EDGE('',*,*,#10446,.F.);
#10446 = EDGE_CURVE('',#9972,#10166,#10447,.T.);
#10447 = LINE('',#10448,#10449);
#10448 = CARTESIAN_POINT('',(-57.29117,4.496698,1.51));
#10449 = VECTOR('',#10450,1.);
#10450 = DIRECTION('',(0.,0.,1.));
#10451 = ORIENTED_EDGE('',*,*,#9979,.F.);
#10452 = PLANE('',#10453);
#10453 = AXIS2_PLACEMENT_3D('',#10454,#10455,#10456);
#10454 = CARTESIAN_POINT('',(57.29117,4.496698,1.51));
#10455 = DIRECTION('',(0.,-1.,0.));
#10456 = DIRECTION('',(-1.,0.,0.));
#10457 = ADVANCED_FACE('',(#10458),#10469,.T.);
#10458 = FACE_BOUND('',#10459,.T.);
#10459 = EDGE_LOOP('',(#10460,#10461,#10462,#10468));
#10460 = ORIENTED_EDGE('',*,*,#10446,.T.);
#10461 = ORIENTED_EDGE('',*,*,#10165,.T.);
#10462 = ORIENTED_EDGE('',*,*,#10463,.F.);
#10463 = EDGE_CURVE('',#9964,#10158,#10464,.T.);
#10464 = LINE('',#10465,#10466);
#10465 = CARTESIAN_POINT('',(-59.707667,2.084277,1.51));
#10466 = VECTOR('',#10467,1.);
#10467 = DIRECTION('',(0.,0.,1.));
#10468 = ORIENTED_EDGE('',*,*,#9971,.F.);
#10469 = PLANE('',#10470);
#10470 = AXIS2_PLACEMENT_3D('',#10471,#10472,#10473);
#10471 = CARTESIAN_POINT('',(-57.29117,4.496698,1.51));
#10472 = DIRECTION('',(0.7065096738,-0.707703384778,0.));
#10473 = DIRECTION('',(-0.707703384778,-0.7065096738,0.));
#10474 = ADVANCED_FACE('',(#10475),#10486,.T.);
#10475 = FACE_BOUND('',#10476,.T.);
#10476 = EDGE_LOOP('',(#10477,#10478,#10479,#10485));
#10477 = ORIENTED_EDGE('',*,*,#10463,.T.);
#10478 = ORIENTED_EDGE('',*,*,#10157,.T.);
#10479 = ORIENTED_EDGE('',*,*,#10480,.F.);
#10480 = EDGE_CURVE('',#9956,#10150,#10481,.T.);
#10481 = LINE('',#10482,#10483);
#10482 = CARTESIAN_POINT('',(-59.761738,2.06188,1.51));
#10483 = VECTOR('',#10484,1.);
#10484 = DIRECTION('',(0.,0.,1.));
#10485 = ORIENTED_EDGE('',*,*,#9963,.F.);
#10486 = PLANE('',#10487);
#10487 = AXIS2_PLACEMENT_3D('',#10488,#10489,#10490);
#10488 = CARTESIAN_POINT('',(-59.707667,2.084277,1.51));
#10489 = DIRECTION('',(0.382684285085,-0.923879179303,0.));
#10490 = DIRECTION('',(-0.923879179303,-0.382684285085,0.));
#10491 = ADVANCED_FACE('',(#10492),#10503,.T.);
#10492 = FACE_BOUND('',#10493,.T.);
#10493 = EDGE_LOOP('',(#10494,#10495,#10496,#10502));
#10494 = ORIENTED_EDGE('',*,*,#10480,.T.);
#10495 = ORIENTED_EDGE('',*,*,#10149,.T.);
#10496 = ORIENTED_EDGE('',*,*,#10497,.F.);
#10497 = EDGE_CURVE('',#9948,#10142,#10498,.T.);
#10498 = LINE('',#10499,#10500);
#10499 = CARTESIAN_POINT('',(-67.178264,2.06188,1.51));
#10500 = VECTOR('',#10501,1.);
#10501 = DIRECTION('',(0.,0.,1.));
#10502 = ORIENTED_EDGE('',*,*,#9955,.F.);
#10503 = PLANE('',#10504);
#10504 = AXIS2_PLACEMENT_3D('',#10505,#10506,#10507);
#10505 = CARTESIAN_POINT('',(-59.761738,2.06188,1.51));
#10506 = DIRECTION('',(0.,-1.,0.));
#10507 = DIRECTION('',(-1.,0.,0.));
#10508 = ADVANCED_FACE('',(#10509),#10520,.T.);
#10509 = FACE_BOUND('',#10510,.T.);
#10510 = EDGE_LOOP('',(#10511,#10512,#10513,#10519));
#10511 = ORIENTED_EDGE('',*,*,#10497,.T.);
#10512 = ORIENTED_EDGE('',*,*,#10141,.T.);
#10513 = ORIENTED_EDGE('',*,*,#10514,.F.);
#10514 = EDGE_CURVE('',#9940,#10134,#10515,.T.);
#10515 = LINE('',#10516,#10517);
#10516 = CARTESIAN_POINT('',(-67.232335,2.084277,1.51));
#10517 = VECTOR('',#10518,1.);
#10518 = DIRECTION('',(0.,0.,1.));
#10519 = ORIENTED_EDGE('',*,*,#9947,.F.);
#10520 = PLANE('',#10521);
#10521 = AXIS2_PLACEMENT_3D('',#10522,#10523,#10524);
#10522 = CARTESIAN_POINT('',(-67.178264,2.06188,1.51));
#10523 = DIRECTION('',(-0.382684285085,-0.923879179303,0.));
#10524 = DIRECTION('',(-0.923879179303,0.382684285085,0.));
#10525 = ADVANCED_FACE('',(#10526),#10537,.T.);
#10526 = FACE_BOUND('',#10527,.T.);
#10527 = EDGE_LOOP('',(#10528,#10529,#10530,#10531));
#10528 = ORIENTED_EDGE('',*,*,#9939,.F.);
#10529 = ORIENTED_EDGE('',*,*,#10514,.T.);
#10530 = ORIENTED_EDGE('',*,*,#10133,.T.);
#10531 = ORIENTED_EDGE('',*,*,#10532,.T.);
#10532 = EDGE_CURVE('',#10125,#9931,#10533,.T.);
#10533 = LINE('',#10534,#10535);
#10534 = CARTESIAN_POINT('',(-68.97205897613,3.824000976134,1.51));
#10535 = VECTOR('',#10536,1.);
#10536 = DIRECTION('',(-0.,-0.,-1.));
#10537 = PLANE('',#10538);
#10538 = AXIS2_PLACEMENT_3D('',#10539,#10540,#10541);
#10539 = CARTESIAN_POINT('',(-67.232335,2.084277,1.51));
#10540 = DIRECTION('',(-0.707106781187,-0.707106781187,0.));
#10541 = DIRECTION('',(-0.707106781187,0.707106781187,0.));
#10542 = ADVANCED_FACE('',(#10543),#10554,.T.);
#10543 = FACE_BOUND('',#10544,.T.);
#10544 = EDGE_LOOP('',(#10545,#10551,#10552,#10553));
#10545 = ORIENTED_EDGE('',*,*,#10546,.F.);
#10546 = EDGE_CURVE('',#10117,#9914,#10547,.T.);
#10547 = LINE('',#10548,#10549);
#10548 = CARTESIAN_POINT('',(-68.76355354854,4.032698666679,1.51));
#10549 = VECTOR('',#10550,1.);
#10550 = DIRECTION('',(-0.,-0.,-1.));
#10551 = ORIENTED_EDGE('',*,*,#10116,.T.);
#10552 = ORIENTED_EDGE('',*,*,#10269,.F.);
#10553 = ORIENTED_EDGE('',*,*,#9913,.F.);
#10554 = PLANE('',#10555);
#10555 = AXIS2_PLACEMENT_3D('',#10556,#10557,#10558);
#10556 = CARTESIAN_POINT('',(-69.029878,4.298549,1.51));
#10557 = DIRECTION('',(0.706476534576,0.707736466556,-0.));
#10558 = DIRECTION('',(0.707736466556,-0.706476534576,0.));
#10559 = ADVANCED_FACE('',(#10560),#10583,.T.);
#10560 = FACE_BOUND('',#10561,.F.);
#10561 = EDGE_LOOP('',(#10562,#10563,#10571,#10578,#10579,#10580,#10581,
    #10582));
#10562 = ORIENTED_EDGE('',*,*,#10036,.F.);
#10563 = ORIENTED_EDGE('',*,*,#10564,.T.);
#10564 = EDGE_CURVE('',#10028,#10565,#10567,.T.);
#10565 = VERTEX_POINT('',#10566);
#10566 = CARTESIAN_POINT('',(70.309997,4.519998,1.55));
#10567 = LINE('',#10568,#10569);
#10568 = CARTESIAN_POINT('',(70.309997,4.519998,1.51));
#10569 = VECTOR('',#10570,1.);
#10570 = DIRECTION('',(0.,0.,1.));
#10571 = ORIENTED_EDGE('',*,*,#10572,.T.);
#10572 = EDGE_CURVE('',#10565,#10565,#10573,.T.);
#10573 = CIRCLE('',#10574,0.849999);
#10574 = AXIS2_PLACEMENT_3D('',#10575,#10576,#10577);
#10575 = CARTESIAN_POINT('',(69.459998,4.519998,1.55));
#10576 = DIRECTION('',(0.,0.,1.));
#10577 = DIRECTION('',(1.,0.,-0.));
#10578 = ORIENTED_EDGE('',*,*,#10564,.F.);
#10579 = ORIENTED_EDGE('',*,*,#10027,.F.);
#10580 = ORIENTED_EDGE('',*,*,#10354,.F.);
#10581 = ORIENTED_EDGE('',*,*,#10221,.T.);
#10582 = ORIENTED_EDGE('',*,*,#10340,.T.);
#10583 = CYLINDRICAL_SURFACE('',#10584,0.849999);
#10584 = AXIS2_PLACEMENT_3D('',#10585,#10586,#10587);
#10585 = CARTESIAN_POINT('',(69.459998,4.519998,1.51));
#10586 = DIRECTION('',(-0.,-0.,-1.));
#10587 = DIRECTION('',(1.,0.,-0.));
#10588 = ADVANCED_FACE('',(#10589),#10612,.T.);
#10589 = FACE_BOUND('',#10590,.F.);
#10590 = EDGE_LOOP('',(#10591,#10592,#10600,#10607,#10608,#10609,#10610,
    #10611));
#10591 = ORIENTED_EDGE('',*,*,#9930,.F.);
#10592 = ORIENTED_EDGE('',*,*,#10593,.T.);
#10593 = EDGE_CURVE('',#9922,#10594,#10596,.T.);
#10594 = VERTEX_POINT('',#10595);
#10595 = CARTESIAN_POINT('',(-68.610001,4.519998,1.55));
#10596 = LINE('',#10597,#10598);
#10597 = CARTESIAN_POINT('',(-68.610001,4.519998,1.51));
#10598 = VECTOR('',#10599,1.);
#10599 = DIRECTION('',(0.,0.,1.));
#10600 = ORIENTED_EDGE('',*,*,#10601,.T.);
#10601 = EDGE_CURVE('',#10594,#10594,#10602,.T.);
#10602 = CIRCLE('',#10603,0.849999);
#10603 = AXIS2_PLACEMENT_3D('',#10604,#10605,#10606);
#10604 = CARTESIAN_POINT('',(-69.46,4.519998,1.55));
#10605 = DIRECTION('',(0.,0.,1.));
#10606 = DIRECTION('',(1.,0.,-0.));
#10607 = ORIENTED_EDGE('',*,*,#10593,.F.);
#10608 = ORIENTED_EDGE('',*,*,#9921,.F.);
#10609 = ORIENTED_EDGE('',*,*,#10546,.F.);
#10610 = ORIENTED_EDGE('',*,*,#10124,.T.);
#10611 = ORIENTED_EDGE('',*,*,#10532,.T.);
#10612 = CYLINDRICAL_SURFACE('',#10613,0.849999);
#10613 = AXIS2_PLACEMENT_3D('',#10614,#10615,#10616);
#10614 = CARTESIAN_POINT('',(-69.46,4.519998,1.51));
#10615 = DIRECTION('',(-0.,-0.,-1.));
#10616 = DIRECTION('',(1.,0.,-0.));
#10617 = ADVANCED_FACE('',(#10618),#10637,.T.);
#10618 = FACE_BOUND('',#10619,.F.);
#10619 = EDGE_LOOP('',(#10620,#10628,#10635,#10636));
#10620 = ORIENTED_EDGE('',*,*,#10621,.F.);
#10621 = EDGE_CURVE('',#10622,#10079,#10624,.T.);
#10622 = VERTEX_POINT('',#10623);
#10623 = CARTESIAN_POINT('',(69.459998,4.019998,0.));
#10624 = LINE('',#10625,#10626);
#10625 = CARTESIAN_POINT('',(69.459998,4.019998,-4.E-02));
#10626 = VECTOR('',#10627,1.);
#10627 = DIRECTION('',(0.,0.,1.));
#10628 = ORIENTED_EDGE('',*,*,#10629,.T.);
#10629 = EDGE_CURVE('',#10622,#10622,#10630,.T.);
#10630 = CIRCLE('',#10631,0.5);
#10631 = AXIS2_PLACEMENT_3D('',#10632,#10633,#10634);
#10632 = CARTESIAN_POINT('',(69.459998,4.519998,0.));
#10633 = DIRECTION('',(-0.,0.,-1.));
#10634 = DIRECTION('',(-0.,-1.,0.));
#10635 = ORIENTED_EDGE('',*,*,#10621,.T.);
#10636 = ORIENTED_EDGE('',*,*,#10078,.T.);
#10637 = CYLINDRICAL_SURFACE('',#10638,0.5);
#10638 = AXIS2_PLACEMENT_3D('',#10639,#10640,#10641);
#10639 = CARTESIAN_POINT('',(69.459998,4.519998,-4.E-02));
#10640 = DIRECTION('',(-0.,-0.,-1.));
#10641 = DIRECTION('',(-0.,-1.,0.));
#10642 = ADVANCED_FACE('',(#10643),#10662,.T.);
#10643 = FACE_BOUND('',#10644,.F.);
#10644 = EDGE_LOOP('',(#10645,#10653,#10660,#10661));
#10645 = ORIENTED_EDGE('',*,*,#10646,.F.);
#10646 = EDGE_CURVE('',#10647,#10090,#10649,.T.);
#10647 = VERTEX_POINT('',#10648);
#10648 = CARTESIAN_POINT('',(-69.46,4.019998,0.));
#10649 = LINE('',#10650,#10651);
#10650 = CARTESIAN_POINT('',(-69.46,4.019998,-4.E-02));
#10651 = VECTOR('',#10652,1.);
#10652 = DIRECTION('',(0.,0.,1.));
#10653 = ORIENTED_EDGE('',*,*,#10654,.T.);
#10654 = EDGE_CURVE('',#10647,#10647,#10655,.T.);
#10655 = CIRCLE('',#10656,0.5);
#10656 = AXIS2_PLACEMENT_3D('',#10657,#10658,#10659);
#10657 = CARTESIAN_POINT('',(-69.46,4.519998,0.));
#10658 = DIRECTION('',(-0.,0.,-1.));
#10659 = DIRECTION('',(-0.,-1.,0.));
#10660 = ORIENTED_EDGE('',*,*,#10646,.T.);
#10661 = ORIENTED_EDGE('',*,*,#10089,.T.);
#10662 = CYLINDRICAL_SURFACE('',#10663,0.5);
#10663 = AXIS2_PLACEMENT_3D('',#10664,#10665,#10666);
#10664 = CARTESIAN_POINT('',(-69.46,4.519998,-4.E-02));
#10665 = DIRECTION('',(-0.,-0.,-1.));
#10666 = DIRECTION('',(-0.,-1.,0.));
#10667 = ADVANCED_FACE('',(#10668,#10671),#10682,.T.);
#10668 = FACE_BOUND('',#10669,.T.);
#10669 = EDGE_LOOP('',(#10670));
#10670 = ORIENTED_EDGE('',*,*,#10572,.T.);
#10671 = FACE_BOUND('',#10672,.T.);
#10672 = EDGE_LOOP('',(#10673));
#10673 = ORIENTED_EDGE('',*,*,#10674,.T.);
#10674 = EDGE_CURVE('',#10675,#10675,#10677,.T.);
#10675 = VERTEX_POINT('',#10676);
#10676 = CARTESIAN_POINT('',(69.459998,4.044998,1.55));
#10677 = CIRCLE('',#10678,0.475);
#10678 = AXIS2_PLACEMENT_3D('',#10679,#10680,#10681);
#10679 = CARTESIAN_POINT('',(69.459998,4.519998,1.55));
#10680 = DIRECTION('',(-0.,0.,-1.));
#10681 = DIRECTION('',(-0.,-1.,0.));
#10682 = PLANE('',#10683);
#10683 = AXIS2_PLACEMENT_3D('',#10684,#10685,#10686);
#10684 = CARTESIAN_POINT('',(0.,0.,1.55));
#10685 = DIRECTION('',(0.,0.,1.));
#10686 = DIRECTION('',(1.,0.,-0.));
#10687 = ADVANCED_FACE('',(#10688,#10691),#10702,.T.);
#10688 = FACE_BOUND('',#10689,.T.);
#10689 = EDGE_LOOP('',(#10690));
#10690 = ORIENTED_EDGE('',*,*,#10601,.T.);
#10691 = FACE_BOUND('',#10692,.T.);
#10692 = EDGE_LOOP('',(#10693));
#10693 = ORIENTED_EDGE('',*,*,#10694,.T.);
#10694 = EDGE_CURVE('',#10695,#10695,#10697,.T.);
#10695 = VERTEX_POINT('',#10696);
#10696 = CARTESIAN_POINT('',(-69.46,4.044998,1.55));
#10697 = CIRCLE('',#10698,0.475);
#10698 = AXIS2_PLACEMENT_3D('',#10699,#10700,#10701);
#10699 = CARTESIAN_POINT('',(-69.46,4.519998,1.55));
#10700 = DIRECTION('',(-0.,0.,-1.));
#10701 = DIRECTION('',(2.991758887411E-14,-1.,-0.));
#10702 = PLANE('',#10703);
#10703 = AXIS2_PLACEMENT_3D('',#10704,#10705,#10706);
#10704 = CARTESIAN_POINT('',(0.,0.,1.55));
#10705 = DIRECTION('',(0.,0.,1.));
#10706 = DIRECTION('',(1.,0.,-0.));
#10707 = ADVANCED_FACE('',(#10708,#10719),#10722,.F.);
#10708 = FACE_BOUND('',#10709,.F.);
#10709 = EDGE_LOOP('',(#10710));
#10710 = ORIENTED_EDGE('',*,*,#10711,.F.);
#10711 = EDGE_CURVE('',#10712,#10712,#10714,.T.);
#10712 = VERTEX_POINT('',#10713);
#10713 = CARTESIAN_POINT('',(70.309997,4.519998,0.));
#10714 = CIRCLE('',#10715,0.849999);
#10715 = AXIS2_PLACEMENT_3D('',#10716,#10717,#10718);
#10716 = CARTESIAN_POINT('',(69.459998,4.519998,0.));
#10717 = DIRECTION('',(0.,0.,1.));
#10718 = DIRECTION('',(1.,0.,-0.));
#10719 = FACE_BOUND('',#10720,.F.);
#10720 = EDGE_LOOP('',(#10721));
#10721 = ORIENTED_EDGE('',*,*,#10629,.F.);
#10722 = PLANE('',#10723);
#10723 = AXIS2_PLACEMENT_3D('',#10724,#10725,#10726);
#10724 = CARTESIAN_POINT('',(0.,0.,0.));
#10725 = DIRECTION('',(-0.,-0.,-1.));
#10726 = DIRECTION('',(-1.,0.,0.));
#10727 = ADVANCED_FACE('',(#10728,#10739),#10742,.F.);
#10728 = FACE_BOUND('',#10729,.F.);
#10729 = EDGE_LOOP('',(#10730));
#10730 = ORIENTED_EDGE('',*,*,#10731,.F.);
#10731 = EDGE_CURVE('',#10732,#10732,#10734,.T.);
#10732 = VERTEX_POINT('',#10733);
#10733 = CARTESIAN_POINT('',(-68.610001,4.519998,0.));
#10734 = CIRCLE('',#10735,0.849999);
#10735 = AXIS2_PLACEMENT_3D('',#10736,#10737,#10738);
#10736 = CARTESIAN_POINT('',(-69.46,4.519998,0.));
#10737 = DIRECTION('',(0.,0.,1.));
#10738 = DIRECTION('',(1.,0.,-0.));
#10739 = FACE_BOUND('',#10740,.F.);
#10740 = EDGE_LOOP('',(#10741));
#10741 = ORIENTED_EDGE('',*,*,#10654,.F.);
#10742 = PLANE('',#10743);
#10743 = AXIS2_PLACEMENT_3D('',#10744,#10745,#10746);
#10744 = CARTESIAN_POINT('',(0.,0.,0.));
#10745 = DIRECTION('',(-0.,-0.,-1.));
#10746 = DIRECTION('',(-1.,0.,0.));
#10747 = ADVANCED_FACE('',(#10748),#10767,.F.);
#10748 = FACE_BOUND('',#10749,.T.);
#10749 = EDGE_LOOP('',(#10750,#10759,#10765,#10766));
#10750 = ORIENTED_EDGE('',*,*,#10751,.T.);
#10751 = EDGE_CURVE('',#10752,#10752,#10754,.T.);
#10752 = VERTEX_POINT('',#10753);
#10753 = CARTESIAN_POINT('',(69.459998,4.044998,-4.E-02));
#10754 = CIRCLE('',#10755,0.475);
#10755 = AXIS2_PLACEMENT_3D('',#10756,#10757,#10758);
#10756 = CARTESIAN_POINT('',(69.459998,4.519998,-4.E-02));
#10757 = DIRECTION('',(-0.,0.,-1.));
#10758 = DIRECTION('',(-0.,-1.,0.));
#10759 = ORIENTED_EDGE('',*,*,#10760,.T.);
#10760 = EDGE_CURVE('',#10752,#10675,#10761,.T.);
#10761 = LINE('',#10762,#10763);
#10762 = CARTESIAN_POINT('',(69.459998,4.044998,-4.6E-02));
#10763 = VECTOR('',#10764,1.);
#10764 = DIRECTION('',(0.,0.,1.));
#10765 = ORIENTED_EDGE('',*,*,#10674,.F.);
#10766 = ORIENTED_EDGE('',*,*,#10760,.F.);
#10767 = CYLINDRICAL_SURFACE('',#10768,0.475);
#10768 = AXIS2_PLACEMENT_3D('',#10769,#10770,#10771);
#10769 = CARTESIAN_POINT('',(69.459998,4.519998,-4.6E-02));
#10770 = DIRECTION('',(-0.,-0.,-1.));
#10771 = DIRECTION('',(-0.,-1.,0.));
#10772 = ADVANCED_FACE('',(#10773),#10792,.F.);
#10773 = FACE_BOUND('',#10774,.T.);
#10774 = EDGE_LOOP('',(#10775,#10784,#10790,#10791));
#10775 = ORIENTED_EDGE('',*,*,#10776,.T.);
#10776 = EDGE_CURVE('',#10777,#10777,#10779,.T.);
#10777 = VERTEX_POINT('',#10778);
#10778 = CARTESIAN_POINT('',(-69.46,4.044998,-4.E-02));
#10779 = CIRCLE('',#10780,0.475);
#10780 = AXIS2_PLACEMENT_3D('',#10781,#10782,#10783);
#10781 = CARTESIAN_POINT('',(-69.46,4.519998,-4.E-02));
#10782 = DIRECTION('',(-0.,0.,-1.));
#10783 = DIRECTION('',(2.991758887411E-14,-1.,-0.));
#10784 = ORIENTED_EDGE('',*,*,#10785,.T.);
#10785 = EDGE_CURVE('',#10777,#10695,#10786,.T.);
#10786 = LINE('',#10787,#10788);
#10787 = CARTESIAN_POINT('',(-69.46,4.044998,-4.6E-02));
#10788 = VECTOR('',#10789,1.);
#10789 = DIRECTION('',(0.,0.,1.));
#10790 = ORIENTED_EDGE('',*,*,#10694,.F.);
#10791 = ORIENTED_EDGE('',*,*,#10785,.F.);
#10792 = CYLINDRICAL_SURFACE('',#10793,0.475);
#10793 = AXIS2_PLACEMENT_3D('',#10794,#10795,#10796);
#10794 = CARTESIAN_POINT('',(-69.46,4.519998,-4.6E-02));
#10795 = DIRECTION('',(-0.,0.,-1.));
#10796 = DIRECTION('',(2.991758887411E-14,-1.,-0.));
#10797 = ADVANCED_FACE('',(#10798),#10817,.T.);
#10798 = FACE_BOUND('',#10799,.T.);
#10799 = EDGE_LOOP('',(#10800,#10808,#10815,#10816));
#10800 = ORIENTED_EDGE('',*,*,#10801,.T.);
#10801 = EDGE_CURVE('',#10712,#10802,#10804,.T.);
#10802 = VERTEX_POINT('',#10803);
#10803 = CARTESIAN_POINT('',(70.309997,4.519998,-4.E-02));
#10804 = LINE('',#10805,#10806);
#10805 = CARTESIAN_POINT('',(70.309997,4.519998,0.));
#10806 = VECTOR('',#10807,1.);
#10807 = DIRECTION('',(0.,0.,-1.));
#10808 = ORIENTED_EDGE('',*,*,#10809,.T.);
#10809 = EDGE_CURVE('',#10802,#10802,#10810,.T.);
#10810 = CIRCLE('',#10811,0.849999);
#10811 = AXIS2_PLACEMENT_3D('',#10812,#10813,#10814);
#10812 = CARTESIAN_POINT('',(69.459998,4.519998,-4.E-02));
#10813 = DIRECTION('',(0.,0.,1.));
#10814 = DIRECTION('',(1.,0.,-0.));
#10815 = ORIENTED_EDGE('',*,*,#10801,.F.);
#10816 = ORIENTED_EDGE('',*,*,#10711,.F.);
#10817 = CYLINDRICAL_SURFACE('',#10818,0.849999);
#10818 = AXIS2_PLACEMENT_3D('',#10819,#10820,#10821);
#10819 = CARTESIAN_POINT('',(69.459998,4.519998,0.));
#10820 = DIRECTION('',(0.,0.,1.));
#10821 = DIRECTION('',(1.,0.,-0.));
#10822 = ADVANCED_FACE('',(#10823),#10842,.T.);
#10823 = FACE_BOUND('',#10824,.T.);
#10824 = EDGE_LOOP('',(#10825,#10833,#10840,#10841));
#10825 = ORIENTED_EDGE('',*,*,#10826,.T.);
#10826 = EDGE_CURVE('',#10732,#10827,#10829,.T.);
#10827 = VERTEX_POINT('',#10828);
#10828 = CARTESIAN_POINT('',(-68.610001,4.519998,-4.E-02));
#10829 = LINE('',#10830,#10831);
#10830 = CARTESIAN_POINT('',(-68.610001,4.519998,0.));
#10831 = VECTOR('',#10832,1.);
#10832 = DIRECTION('',(0.,0.,-1.));
#10833 = ORIENTED_EDGE('',*,*,#10834,.T.);
#10834 = EDGE_CURVE('',#10827,#10827,#10835,.T.);
#10835 = CIRCLE('',#10836,0.849999);
#10836 = AXIS2_PLACEMENT_3D('',#10837,#10838,#10839);
#10837 = CARTESIAN_POINT('',(-69.46,4.519998,-4.E-02));
#10838 = DIRECTION('',(0.,0.,1.));
#10839 = DIRECTION('',(1.,0.,-0.));
#10840 = ORIENTED_EDGE('',*,*,#10826,.F.);
#10841 = ORIENTED_EDGE('',*,*,#10731,.F.);
#10842 = CYLINDRICAL_SURFACE('',#10843,0.849999);
#10843 = AXIS2_PLACEMENT_3D('',#10844,#10845,#10846);
#10844 = CARTESIAN_POINT('',(-69.46,4.519998,0.));
#10845 = DIRECTION('',(0.,0.,1.));
#10846 = DIRECTION('',(1.,0.,-0.));
#10847 = ADVANCED_FACE('',(#10848,#10851),#10854,.T.);
#10848 = FACE_BOUND('',#10849,.T.);
#10849 = EDGE_LOOP('',(#10850));
#10850 = ORIENTED_EDGE('',*,*,#10809,.F.);
#10851 = FACE_BOUND('',#10852,.T.);
#10852 = EDGE_LOOP('',(#10853));
#10853 = ORIENTED_EDGE('',*,*,#10751,.F.);
#10854 = PLANE('',#10855);
#10855 = AXIS2_PLACEMENT_3D('',#10856,#10857,#10858);
#10856 = CARTESIAN_POINT('',(0.,0.,-4.E-02));
#10857 = DIRECTION('',(-0.,-0.,-1.));
#10858 = DIRECTION('',(-1.,0.,0.));
#10859 = ADVANCED_FACE('',(#10860,#10863),#10866,.T.);
#10860 = FACE_BOUND('',#10861,.T.);
#10861 = EDGE_LOOP('',(#10862));
#10862 = ORIENTED_EDGE('',*,*,#10834,.F.);
#10863 = FACE_BOUND('',#10864,.T.);
#10864 = EDGE_LOOP('',(#10865));
#10865 = ORIENTED_EDGE('',*,*,#10776,.F.);
#10866 = PLANE('',#10867);
#10867 = AXIS2_PLACEMENT_3D('',#10868,#10869,#10870);
#10868 = CARTESIAN_POINT('',(0.,0.,-4.E-02));
#10869 = DIRECTION('',(-0.,-0.,-1.));
#10870 = DIRECTION('',(-1.,0.,0.));
#10871 = MANIFOLD_SOLID_BREP('',#10872);
#10872 = CLOSED_SHELL('',(#10873,#10915,#10946,#10977,#11296,#11581,
    #11598,#11615,#11632,#11649,#11666,#11683,#11700,#11722,#11739,
    #11756,#11773,#11790,#11807,#11824,#11841,#11858,#11880,#11897,
    #11909,#11934,#11959,#11984,#12009,#12034,#12059,#12084,#12109,
    #12142,#12168,#12201,#12227,#13474,#13498,#13516,#13528,#13553,
    #13570,#13582,#13614,#13638,#13662,#13687,#13712,#13736,#13760,
    #13785,#13810,#13834,#13858,#13883,#13908,#13932,#13956,#13974,
    #14005,#14029,#14053,#14077,#14108,#14132,#14157,#14181,#14205,
    #14229,#14260,#14285,#14309,#14334,#14358,#14383,#14407,#14432,
    #14456,#14481,#14505,#14530,#14554,#14579,#14603,#14628,#14652,
    #14677,#14701,#14726,#14750,#14774,#14798,#14822,#14853,#14877,
    #14902,#14926,#14950,#14981,#15005,#15029,#15053,#15078,#15102,
    #15126,#15150,#15175,#15199,#15223,#15247,#15272,#15296,#15320,
    #15344,#15362,#15393,#15418,#15442,#15467,#15491,#15516,#15540,
    #15565,#15589,#15614,#15638,#15663,#15687,#15711,#15742,#15766,
    #15791,#15815,#15840,#15864,#15889,#15913,#15938,#15962,#15987,
    #16011,#16035,#16066,#16090,#16115,#16139,#16164,#16188,#16213,
    #16237,#16262,#16286,#16311,#16335,#16360,#16384,#16409,#16433,
    #16457,#16481,#16506,#16530,#16554,#16578,#16603,#16627,#16651,
    #16675,#16693,#16718,#16743,#16768,#16793,#16818,#16843,#16868,
    #16893,#16918,#16943,#17169,#17210,#17243,#17272,#17410,#17530,
    #17550,#17575,#17595,#17615,#17647,#17671,#17702,#17727,#17751,
    #17769,#17801,#17825,#17856,#17873,#17898,#17918,#17943,#17968,
    #17999,#18034,#18063,#18098,#18115,#18132,#18152,#18169,#18181,
    #18206,#18265,#18282,#18299,#18316,#18333,#18350,#18362,#18387,
    #18446,#18463,#18485,#18497,#18514,#18531));
#10873 = ADVANCED_FACE('',(#10874),#10910,.T.);
#10874 = FACE_BOUND('',#10875,.T.);
#10875 = EDGE_LOOP('',(#10876,#10886,#10895,#10903));
#10876 = ORIENTED_EDGE('',*,*,#10877,.T.);
#10877 = EDGE_CURVE('',#10878,#10880,#10882,.T.);
#10878 = VERTEX_POINT('',#10879);
#10879 = CARTESIAN_POINT('',(-49.4995,3.872199,1.51));
#10880 = VERTEX_POINT('',#10881);
#10881 = CARTESIAN_POINT('',(-49.4995,3.872199,1.545));
#10882 = LINE('',#10883,#10884);
#10883 = CARTESIAN_POINT('',(-49.4995,3.872199,1.51));
#10884 = VECTOR('',#10885,1.);
#10885 = DIRECTION('',(0.,0.,1.));
#10886 = ORIENTED_EDGE('',*,*,#10887,.T.);
#10887 = EDGE_CURVE('',#10880,#10888,#10890,.T.);
#10888 = VERTEX_POINT('',#10889);
#10889 = CARTESIAN_POINT('',(-49.3755,3.996198,1.545));
#10890 = CIRCLE('',#10891,0.124001618222);
#10891 = AXIS2_PLACEMENT_3D('',#10892,#10893,#10894);
#10892 = CARTESIAN_POINT('',(-49.3754983818,3.872196381789,1.545));
#10893 = DIRECTION('',(0.,0.,-1.));
#10894 = DIRECTION('',(-0.999999999777,2.111433232281E-05,0.));
#10895 = ORIENTED_EDGE('',*,*,#10896,.F.);
#10896 = EDGE_CURVE('',#10897,#10888,#10899,.T.);
#10897 = VERTEX_POINT('',#10898);
#10898 = CARTESIAN_POINT('',(-49.3755,3.996198,1.51));
#10899 = LINE('',#10900,#10901);
#10900 = CARTESIAN_POINT('',(-49.3755,3.996198,1.51));
#10901 = VECTOR('',#10902,1.);
#10902 = DIRECTION('',(0.,0.,1.));
#10903 = ORIENTED_EDGE('',*,*,#10904,.F.);
#10904 = EDGE_CURVE('',#10878,#10897,#10905,.T.);
#10905 = CIRCLE('',#10906,0.124001618222);
#10906 = AXIS2_PLACEMENT_3D('',#10907,#10908,#10909);
#10907 = CARTESIAN_POINT('',(-49.3754983818,3.872196381789,1.51));
#10908 = DIRECTION('',(0.,0.,-1.));
#10909 = DIRECTION('',(-0.999999999777,2.111433232281E-05,0.));
#10910 = CYLINDRICAL_SURFACE('',#10911,0.124001618222);
#10911 = AXIS2_PLACEMENT_3D('',#10912,#10913,#10914);
#10912 = CARTESIAN_POINT('',(-49.3754983818,3.872196381789,1.51));
#10913 = DIRECTION('',(0.,0.,-1.));
#10914 = DIRECTION('',(-0.999999999777,2.111433232281E-05,0.));
#10915 = ADVANCED_FACE('',(#10916),#10941,.T.);
#10916 = FACE_BOUND('',#10917,.T.);
#10917 = EDGE_LOOP('',(#10918,#10928,#10934,#10935));
#10918 = ORIENTED_EDGE('',*,*,#10919,.T.);
#10919 = EDGE_CURVE('',#10920,#10922,#10924,.T.);
#10920 = VERTEX_POINT('',#10921);
#10921 = CARTESIAN_POINT('',(-49.499499,2.452126,1.51));
#10922 = VERTEX_POINT('',#10923);
#10923 = CARTESIAN_POINT('',(-49.499499,2.452126,1.545));
#10924 = LINE('',#10925,#10926);
#10925 = CARTESIAN_POINT('',(-49.499499,2.452126,1.51));
#10926 = VECTOR('',#10927,1.);
#10927 = DIRECTION('',(0.,0.,1.));
#10928 = ORIENTED_EDGE('',*,*,#10929,.T.);
#10929 = EDGE_CURVE('',#10922,#10880,#10930,.T.);
#10930 = LINE('',#10931,#10932);
#10931 = CARTESIAN_POINT('',(-49.499499,2.452126,1.545));
#10932 = VECTOR('',#10933,1.);
#10933 = DIRECTION('',(-7.041891490613E-07,1.,0.));
#10934 = ORIENTED_EDGE('',*,*,#10877,.F.);
#10935 = ORIENTED_EDGE('',*,*,#10936,.F.);
#10936 = EDGE_CURVE('',#10920,#10878,#10937,.T.);
#10937 = LINE('',#10938,#10939);
#10938 = CARTESIAN_POINT('',(-49.499499,2.452126,1.51));
#10939 = VECTOR('',#10940,1.);
#10940 = DIRECTION('',(-7.041891490613E-07,1.,0.));
#10941 = PLANE('',#10942);
#10942 = AXIS2_PLACEMENT_3D('',#10943,#10944,#10945);
#10943 = CARTESIAN_POINT('',(-49.499499,2.452126,1.51));
#10944 = DIRECTION('',(-1.,-7.041891490613E-07,0.));
#10945 = DIRECTION('',(-7.041891490613E-07,1.,0.));
#10946 = ADVANCED_FACE('',(#10947),#10972,.T.);
#10947 = FACE_BOUND('',#10948,.T.);
#10948 = EDGE_LOOP('',(#10949,#10950,#10958,#10966));
#10949 = ORIENTED_EDGE('',*,*,#10896,.T.);
#10950 = ORIENTED_EDGE('',*,*,#10951,.T.);
#10951 = EDGE_CURVE('',#10888,#10952,#10954,.T.);
#10952 = VERTEX_POINT('',#10953);
#10953 = CARTESIAN_POINT('',(49.375501,3.996198,1.545));
#10954 = LINE('',#10955,#10956);
#10955 = CARTESIAN_POINT('',(-49.3755,3.996198,1.545));
#10956 = VECTOR('',#10957,1.);
#10957 = DIRECTION('',(1.,0.,0.));
#10958 = ORIENTED_EDGE('',*,*,#10959,.F.);
#10959 = EDGE_CURVE('',#10960,#10952,#10962,.T.);
#10960 = VERTEX_POINT('',#10961);
#10961 = CARTESIAN_POINT('',(49.375501,3.996198,1.51));
#10962 = LINE('',#10963,#10964);
#10963 = CARTESIAN_POINT('',(49.375501,3.996198,1.51));
#10964 = VECTOR('',#10965,1.);
#10965 = DIRECTION('',(0.,0.,1.));
#10966 = ORIENTED_EDGE('',*,*,#10967,.F.);
#10967 = EDGE_CURVE('',#10897,#10960,#10968,.T.);
#10968 = LINE('',#10969,#10970);
#10969 = CARTESIAN_POINT('',(-49.3755,3.996198,1.51));
#10970 = VECTOR('',#10971,1.);
#10971 = DIRECTION('',(1.,0.,0.));
#10972 = PLANE('',#10973);
#10973 = AXIS2_PLACEMENT_3D('',#10974,#10975,#10976);
#10974 = CARTESIAN_POINT('',(-49.3755,3.996198,1.51));
#10975 = DIRECTION('',(0.,1.,0.));
#10976 = DIRECTION('',(1.,0.,0.));
#10977 = ADVANCED_FACE('',(#10978,#11203,#11214,#11225,#11236,#11247,
    #11258,#11269,#11280),#11291,.F.);
#10978 = FACE_BOUND('',#10979,.F.);
#10979 = EDGE_LOOP('',(#10980,#10981,#10982,#10990,#10999,#11007,#11015,
    #11023,#11031,#11040,#11048,#11056,#11064,#11072,#11080,#11088,
    #11096,#11104,#11112,#11121,#11129,#11138,#11146,#11154,#11162,
    #11170,#11179,#11187,#11195,#11202));
#10980 = ORIENTED_EDGE('',*,*,#10904,.F.);
#10981 = ORIENTED_EDGE('',*,*,#10936,.F.);
#10982 = ORIENTED_EDGE('',*,*,#10983,.F.);
#10983 = EDGE_CURVE('',#10984,#10920,#10986,.T.);
#10984 = VERTEX_POINT('',#10985);
#10985 = CARTESIAN_POINT('',(-49.505908,2.392516,1.51));
#10986 = LINE('',#10987,#10988);
#10987 = CARTESIAN_POINT('',(-49.505908,2.392516,1.51));
#10988 = VECTOR('',#10989,1.);
#10989 = DIRECTION('',(0.106899436186,0.994269837893,0.));
#10990 = ORIENTED_EDGE('',*,*,#10991,.F.);
#10991 = EDGE_CURVE('',#10992,#10984,#10994,.T.);
#10992 = VERTEX_POINT('',#10993);
#10993 = CARTESIAN_POINT('',(-49.892516,2.005908,1.51));
#10994 = CIRCLE('',#10995,0.505647818467);
#10995 = AXIS2_PLACEMENT_3D('',#10996,#10997,#10998);
#10996 = CARTESIAN_POINT('',(-50.00000000133,2.50000000133,1.51));
#10997 = DIRECTION('',(0.,0.,1.));
#10998 = DIRECTION('',(0.212566923864,-0.977146510447,0.));
#10999 = ORIENTED_EDGE('',*,*,#11000,.F.);
#11000 = EDGE_CURVE('',#11001,#10992,#11003,.T.);
#11001 = VERTEX_POINT('',#11002);
#11002 = CARTESIAN_POINT('',(-49.952127,1.9995,1.51));
#11003 = LINE('',#11004,#11005);
#11004 = CARTESIAN_POINT('',(-49.952127,1.9995,1.51));
#11005 = VECTOR('',#11006,1.);
#11006 = DIRECTION('',(0.994271801122,0.106881174642,0.));
#11007 = ORIENTED_EDGE('',*,*,#11008,.F.);
#11008 = EDGE_CURVE('',#11009,#11001,#11011,.T.);
#11009 = VERTEX_POINT('',#11010);
#11010 = CARTESIAN_POINT('',(-49.999999,1.9995,1.51));
#11011 = LINE('',#11012,#11013);
#11012 = CARTESIAN_POINT('',(-50.126001,1.9995,1.51));
#11013 = VECTOR('',#11014,1.);
#11014 = DIRECTION('',(1.,0.,0.));
#11015 = ORIENTED_EDGE('',*,*,#11016,.F.);
#11016 = EDGE_CURVE('',#11017,#11009,#11019,.T.);
#11017 = VERTEX_POINT('',#11018);
#11018 = CARTESIAN_POINT('',(-49.999999,2.,1.51));
#11019 = LINE('',#11020,#11021);
#11020 = CARTESIAN_POINT('',(-49.999999,2.,1.51));
#11021 = VECTOR('',#11022,1.);
#11022 = DIRECTION('',(0.,-1.,0.));
#11023 = ORIENTED_EDGE('',*,*,#11024,.F.);
#11024 = EDGE_CURVE('',#11025,#11017,#11027,.T.);
#11025 = VERTEX_POINT('',#11026);
#11026 = CARTESIAN_POINT('',(-51.749999,2.,1.51));
#11027 = LINE('',#11028,#11029);
#11028 = CARTESIAN_POINT('',(-51.749999,2.,1.51));
#11029 = VECTOR('',#11030,1.);
#11030 = DIRECTION('',(1.,0.,0.));
#11031 = ORIENTED_EDGE('',*,*,#11032,.F.);
#11032 = EDGE_CURVE('',#11033,#11025,#11035,.T.);
#11033 = VERTEX_POINT('',#11034);
#11034 = CARTESIAN_POINT('',(-51.749999,0.5,1.51));
#11035 = CIRCLE('',#11036,0.75);
#11036 = AXIS2_PLACEMENT_3D('',#11037,#11038,#11039);
#11037 = CARTESIAN_POINT('',(-51.749999,1.25,1.51));
#11038 = DIRECTION('',(0.,0.,-1.));
#11039 = DIRECTION('',(0.,-1.,0.));
#11040 = ORIENTED_EDGE('',*,*,#11041,.F.);
#11041 = EDGE_CURVE('',#11042,#11033,#11044,.T.);
#11042 = VERTEX_POINT('',#11043);
#11043 = CARTESIAN_POINT('',(-50.11047630269,0.5,1.51));
#11044 = LINE('',#11045,#11046);
#11045 = CARTESIAN_POINT('',(-49.999999,0.5,1.51));
#11046 = VECTOR('',#11047,1.);
#11047 = DIRECTION('',(-1.,0.,0.));
#11048 = ORIENTED_EDGE('',*,*,#11049,.F.);
#11049 = EDGE_CURVE('',#11050,#11042,#11052,.T.);
#11050 = VERTEX_POINT('',#11051);
#11051 = CARTESIAN_POINT('',(-50.087228,0.455203,1.51));
#11052 = LINE('',#11053,#11054);
#11053 = CARTESIAN_POINT('',(-50.087228,0.455203,1.51));
#11054 = VECTOR('',#11055,1.);
#11055 = DIRECTION('',(-0.460633010824,0.887590687952,0.));
#11056 = ORIENTED_EDGE('',*,*,#11057,.F.);
#11057 = EDGE_CURVE('',#11058,#11050,#11060,.T.);
#11058 = VERTEX_POINT('',#11059);
#11059 = CARTESIAN_POINT('',(-50.000555,0.345836,1.51));
#11060 = LINE('',#11061,#11062);
#11061 = CARTESIAN_POINT('',(-50.000555,0.345836,1.51));
#11062 = VECTOR('',#11063,1.);
#11063 = DIRECTION('',(-0.621102816231,0.78372909329,0.));
#11064 = ORIENTED_EDGE('',*,*,#11065,.F.);
#11065 = EDGE_CURVE('',#11066,#11058,#11068,.T.);
#11066 = VERTEX_POINT('',#11067);
#11067 = CARTESIAN_POINT('',(-49.97451,0.322018,1.51));
#11068 = LINE('',#11069,#11070);
#11069 = CARTESIAN_POINT('',(-49.97451,0.322018,1.51));
#11070 = VECTOR('',#11071,1.);
#11071 = DIRECTION('',(-0.737952209147,0.67485297437,0.));
#11072 = ORIENTED_EDGE('',*,*,#11073,.F.);
#11073 = EDGE_CURVE('',#11074,#11066,#11076,.T.);
#11074 = VERTEX_POINT('',#11075);
#11075 = CARTESIAN_POINT('',(-49.908021,0.300545,1.51));
#11076 = LINE('',#11077,#11078);
#11077 = CARTESIAN_POINT('',(-49.908021,0.300545,1.51));
#11078 = VECTOR('',#11079,1.);
#11079 = DIRECTION('',(-0.951604290146,0.307326007645,0.));
#11080 = ORIENTED_EDGE('',*,*,#11081,.F.);
#11081 = EDGE_CURVE('',#11082,#11074,#11084,.T.);
#11082 = VERTEX_POINT('',#11083);
#11083 = CARTESIAN_POINT('',(49.904702,0.300501,1.51));
#11084 = LINE('',#11085,#11086);
#11085 = CARTESIAN_POINT('',(49.904702,0.300501,1.51));
#11086 = VECTOR('',#11087,1.);
#11087 = DIRECTION('',(-1.,4.40825564893E-07,0.));
#11088 = ORIENTED_EDGE('',*,*,#11089,.F.);
#11089 = EDGE_CURVE('',#11090,#11082,#11092,.T.);
#11090 = VERTEX_POINT('',#11091);
#11091 = CARTESIAN_POINT('',(49.942811,0.306502,1.51));
#11092 = LINE('',#11093,#11094);
#11093 = CARTESIAN_POINT('',(49.942811,0.306502,1.51));
#11094 = VECTOR('',#11095,1.);
#11095 = DIRECTION('',(-0.987827612969,-0.155552586146,0.));
#11096 = ORIENTED_EDGE('',*,*,#11097,.F.);
#11097 = EDGE_CURVE('',#11098,#11090,#11100,.T.);
#11098 = VERTEX_POINT('',#11099);
#11099 = CARTESIAN_POINT('',(50.000556,0.345837,1.51));
#11100 = LINE('',#11101,#11102);
#11101 = CARTESIAN_POINT('',(50.000556,0.345837,1.51));
#11102 = VECTOR('',#11103,1.);
#11103 = DIRECTION('',(-0.826471020807,-0.562979264065,0.));
#11104 = ORIENTED_EDGE('',*,*,#11105,.F.);
#11105 = EDGE_CURVE('',#11106,#11098,#11108,.T.);
#11106 = VERTEX_POINT('',#11107);
#11107 = CARTESIAN_POINT('',(50.073723,0.434993,1.51));
#11108 = LINE('',#11109,#11110);
#11109 = CARTESIAN_POINT('',(50.073723,0.434993,1.51));
#11110 = VECTOR('',#11111,1.);
#11111 = DIRECTION('',(-0.63438583251,-0.773016568717,0.));
#11112 = ORIENTED_EDGE('',*,*,#11113,.F.);
#11113 = EDGE_CURVE('',#11114,#11106,#11116,.T.);
#11114 = VERTEX_POINT('',#11115);
#11115 = CARTESIAN_POINT('',(50.114597974735,0.499999,1.51));
#11116 = CIRCLE('',#11117,1.00797756528);
#11117 = AXIS2_PLACEMENT_3D('',#11118,#11119,#11120);
#11118 = CARTESIAN_POINT('',(49.241472261494,1.003655888154,1.51));
#11119 = DIRECTION('',(0.,0.,-1.));
#11120 = DIRECTION('',(0.999953543833,-9.638992462688E-03,0.));
#11121 = ORIENTED_EDGE('',*,*,#11122,.F.);
#11122 = EDGE_CURVE('',#11123,#11114,#11125,.T.);
#11123 = VERTEX_POINT('',#11124);
#11124 = CARTESIAN_POINT('',(51.750001,0.499999,1.51));
#11125 = LINE('',#11126,#11127);
#11126 = CARTESIAN_POINT('',(51.750001,0.499999,1.51));
#11127 = VECTOR('',#11128,1.);
#11128 = DIRECTION('',(-1.,0.,0.));
#11129 = ORIENTED_EDGE('',*,*,#11130,.F.);
#11130 = EDGE_CURVE('',#11131,#11123,#11133,.T.);
#11131 = VERTEX_POINT('',#11132);
#11132 = CARTESIAN_POINT('',(51.750001,1.999999,1.51));
#11133 = CIRCLE('',#11134,0.75);
#11134 = AXIS2_PLACEMENT_3D('',#11135,#11136,#11137);
#11135 = CARTESIAN_POINT('',(51.750001,1.249999,1.51));
#11136 = DIRECTION('',(0.,0.,-1.));
#11137 = DIRECTION('',(0.,1.,0.));
#11138 = ORIENTED_EDGE('',*,*,#11139,.F.);
#11139 = EDGE_CURVE('',#11140,#11131,#11142,.T.);
#11140 = VERTEX_POINT('',#11141);
#11141 = CARTESIAN_POINT('',(50.000001,1.999999,1.51));
#11142 = LINE('',#11143,#11144);
#11143 = CARTESIAN_POINT('',(50.000001,1.999999,1.51));
#11144 = VECTOR('',#11145,1.);
#11145 = DIRECTION('',(1.,0.,0.));
#11146 = ORIENTED_EDGE('',*,*,#11147,.F.);
#11147 = EDGE_CURVE('',#11148,#11140,#11150,.T.);
#11148 = VERTEX_POINT('',#11149);
#11149 = CARTESIAN_POINT('',(50.000001,1.999499275332,1.51));
#11150 = LINE('',#11151,#11152);
#11151 = CARTESIAN_POINT('',(50.000001,0.499999,1.51));
#11152 = VECTOR('',#11153,1.);
#11153 = DIRECTION('',(0.,1.,0.));
#11154 = ORIENTED_EDGE('',*,*,#11155,.F.);
#11155 = EDGE_CURVE('',#11156,#11148,#11158,.T.);
#11156 = VERTEX_POINT('',#11157);
#11157 = CARTESIAN_POINT('',(49.952128,1.999499,1.51));
#11158 = LINE('',#11159,#11160);
#11159 = CARTESIAN_POINT('',(49.952128,1.999499,1.51));
#11160 = VECTOR('',#11161,1.);
#11161 = DIRECTION('',(0.999999999983,5.751291165575E-06,0.));
#11162 = ORIENTED_EDGE('',*,*,#11163,.F.);
#11163 = EDGE_CURVE('',#11164,#11156,#11166,.T.);
#11164 = VERTEX_POINT('',#11165);
#11165 = CARTESIAN_POINT('',(49.892518,2.005908,1.51));
#11166 = LINE('',#11167,#11168);
#11167 = CARTESIAN_POINT('',(49.892518,2.005908,1.51));
#11168 = VECTOR('',#11169,1.);
#11169 = DIRECTION('',(0.994269837893,-0.106899436186,0.));
#11170 = ORIENTED_EDGE('',*,*,#11171,.F.);
#11171 = EDGE_CURVE('',#11172,#11164,#11174,.T.);
#11172 = VERTEX_POINT('',#11173);
#11173 = CARTESIAN_POINT('',(49.505909,2.392516,1.51));
#11174 = CIRCLE('',#11175,0.505650896169);
#11175 = AXIS2_PLACEMENT_3D('',#11176,#11177,#11178);
#11176 = CARTESIAN_POINT('',(50.000003538579,2.500002816602,1.51));
#11177 = DIRECTION('',(0.,0.,1.));
#11178 = DIRECTION('',(-0.97714558072,-0.212571197671,0.));
#11179 = ORIENTED_EDGE('',*,*,#11180,.F.);
#11180 = EDGE_CURVE('',#11181,#11172,#11183,.T.);
#11181 = VERTEX_POINT('',#11182);
#11182 = CARTESIAN_POINT('',(49.499501,2.452129,1.51));
#11183 = LINE('',#11184,#11185);
#11184 = CARTESIAN_POINT('',(49.499501,2.452129,1.51));
#11185 = VECTOR('',#11186,1.);
#11186 = DIRECTION('',(0.106877629769,-0.994272182179,0.));
#11187 = ORIENTED_EDGE('',*,*,#11188,.F.);
#11188 = EDGE_CURVE('',#11189,#11181,#11191,.T.);
#11189 = VERTEX_POINT('',#11190);
#11190 = CARTESIAN_POINT('',(49.499501,3.872198,1.51));
#11191 = LINE('',#11192,#11193);
#11192 = CARTESIAN_POINT('',(49.499501,3.872198,1.51));
#11193 = VECTOR('',#11194,1.);
#11194 = DIRECTION('',(0.,-1.,0.));
#11195 = ORIENTED_EDGE('',*,*,#11196,.F.);
#11196 = EDGE_CURVE('',#10960,#11189,#11197,.T.);
#11197 = CIRCLE('',#11198,0.124001618184);
#11198 = AXIS2_PLACEMENT_3D('',#11199,#11200,#11201);
#11199 = CARTESIAN_POINT('',(49.375499381826,3.872196381826,1.51));
#11200 = DIRECTION('',(0.,0.,-1.));
#11201 = DIRECTION('',(1.304961810814E-05,0.999999999915,0.));
#11202 = ORIENTED_EDGE('',*,*,#10967,.F.);
#11203 = FACE_BOUND('',#11204,.F.);
#11204 = EDGE_LOOP('',(#11205));
#11205 = ORIENTED_EDGE('',*,*,#11206,.T.);
#11206 = EDGE_CURVE('',#11207,#11207,#11209,.T.);
#11207 = VERTEX_POINT('',#11208);
#11208 = CARTESIAN_POINT('',(-47.749999,3.040998,1.51));
#11209 = CIRCLE('',#11210,0.2);
#11210 = AXIS2_PLACEMENT_3D('',#11211,#11212,#11213);
#11211 = CARTESIAN_POINT('',(-47.749999,3.240998,1.51));
#11212 = DIRECTION('',(-0.,0.,-1.));
#11213 = DIRECTION('',(-0.,-1.,0.));
#11214 = FACE_BOUND('',#11215,.F.);
#11215 = EDGE_LOOP('',(#11216));
#11216 = ORIENTED_EDGE('',*,*,#11217,.T.);
#11217 = EDGE_CURVE('',#11218,#11218,#11220,.T.);
#11218 = VERTEX_POINT('',#11219);
#11219 = CARTESIAN_POINT('',(-46.749999,3.040998,1.51));
#11220 = CIRCLE('',#11221,0.2);
#11221 = AXIS2_PLACEMENT_3D('',#11222,#11223,#11224);
#11222 = CARTESIAN_POINT('',(-46.749999,3.240998,1.51));
#11223 = DIRECTION('',(-0.,0.,-1.));
#11224 = DIRECTION('',(-0.,-1.,0.));
#11225 = FACE_BOUND('',#11226,.F.);
#11226 = EDGE_LOOP('',(#11227));
#11227 = ORIENTED_EDGE('',*,*,#11228,.T.);
#11228 = EDGE_CURVE('',#11229,#11229,#11231,.T.);
#11229 = VERTEX_POINT('',#11230);
#11230 = CARTESIAN_POINT('',(-45.749999,3.040998,1.51));
#11231 = CIRCLE('',#11232,0.2);
#11232 = AXIS2_PLACEMENT_3D('',#11233,#11234,#11235);
#11233 = CARTESIAN_POINT('',(-45.749999,3.240998,1.51));
#11234 = DIRECTION('',(-0.,0.,-1.));
#11235 = DIRECTION('',(-0.,-1.,0.));
#11236 = FACE_BOUND('',#11237,.F.);
#11237 = EDGE_LOOP('',(#11238));
#11238 = ORIENTED_EDGE('',*,*,#11239,.T.);
#11239 = EDGE_CURVE('',#11240,#11240,#11242,.T.);
#11240 = VERTEX_POINT('',#11241);
#11241 = CARTESIAN_POINT('',(-44.749999,3.040998,1.51));
#11242 = CIRCLE('',#11243,0.2);
#11243 = AXIS2_PLACEMENT_3D('',#11244,#11245,#11246);
#11244 = CARTESIAN_POINT('',(-44.749999,3.240998,1.51));
#11245 = DIRECTION('',(-0.,0.,-1.));
#11246 = DIRECTION('',(-0.,-1.,0.));
#11247 = FACE_BOUND('',#11248,.F.);
#11248 = EDGE_LOOP('',(#11249));
#11249 = ORIENTED_EDGE('',*,*,#11250,.T.);
#11250 = EDGE_CURVE('',#11251,#11251,#11253,.T.);
#11251 = VERTEX_POINT('',#11252);
#11252 = CARTESIAN_POINT('',(45.250001,3.040998,1.51));
#11253 = CIRCLE('',#11254,0.2);
#11254 = AXIS2_PLACEMENT_3D('',#11255,#11256,#11257);
#11255 = CARTESIAN_POINT('',(45.250001,3.240998,1.51));
#11256 = DIRECTION('',(-0.,0.,-1.));
#11257 = DIRECTION('',(-0.,-1.,0.));
#11258 = FACE_BOUND('',#11259,.F.);
#11259 = EDGE_LOOP('',(#11260));
#11260 = ORIENTED_EDGE('',*,*,#11261,.T.);
#11261 = EDGE_CURVE('',#11262,#11262,#11264,.T.);
#11262 = VERTEX_POINT('',#11263);
#11263 = CARTESIAN_POINT('',(46.250001,3.040998,1.51));
#11264 = CIRCLE('',#11265,0.2);
#11265 = AXIS2_PLACEMENT_3D('',#11266,#11267,#11268);
#11266 = CARTESIAN_POINT('',(46.250001,3.240998,1.51));
#11267 = DIRECTION('',(-0.,0.,-1.));
#11268 = DIRECTION('',(-0.,-1.,0.));
#11269 = FACE_BOUND('',#11270,.F.);
#11270 = EDGE_LOOP('',(#11271));
#11271 = ORIENTED_EDGE('',*,*,#11272,.T.);
#11272 = EDGE_CURVE('',#11273,#11273,#11275,.T.);
#11273 = VERTEX_POINT('',#11274);
#11274 = CARTESIAN_POINT('',(47.250001,3.040998,1.51));
#11275 = CIRCLE('',#11276,0.2);
#11276 = AXIS2_PLACEMENT_3D('',#11277,#11278,#11279);
#11277 = CARTESIAN_POINT('',(47.250001,3.240998,1.51));
#11278 = DIRECTION('',(-0.,0.,-1.));
#11279 = DIRECTION('',(-0.,-1.,0.));
#11280 = FACE_BOUND('',#11281,.F.);
#11281 = EDGE_LOOP('',(#11282));
#11282 = ORIENTED_EDGE('',*,*,#11283,.T.);
#11283 = EDGE_CURVE('',#11284,#11284,#11286,.T.);
#11284 = VERTEX_POINT('',#11285);
#11285 = CARTESIAN_POINT('',(48.250001,3.040998,1.51));
#11286 = CIRCLE('',#11287,0.2);
#11287 = AXIS2_PLACEMENT_3D('',#11288,#11289,#11290);
#11288 = CARTESIAN_POINT('',(48.250001,3.240998,1.51));
#11289 = DIRECTION('',(-0.,0.,-1.));
#11290 = DIRECTION('',(-0.,-1.,0.));
#11291 = PLANE('',#11292);
#11292 = AXIS2_PLACEMENT_3D('',#11293,#11294,#11295);
#11293 = CARTESIAN_POINT('',(0.,0.,1.51));
#11294 = DIRECTION('',(0.,0.,1.));
#11295 = DIRECTION('',(1.,0.,-0.));
#11296 = ADVANCED_FACE('',(#11297,#11488,#11499,#11510,#11521,#11532,
    #11543,#11554,#11565),#11576,.T.);
#11297 = FACE_BOUND('',#11298,.T.);
#11298 = EDGE_LOOP('',(#11299,#11300,#11301,#11309,#11318,#11326,#11334,
    #11342,#11350,#11358,#11366,#11374,#11382,#11390,#11398,#11406,
    #11414,#11423,#11431,#11439,#11447,#11455,#11464,#11472,#11480,
    #11487));
#11299 = ORIENTED_EDGE('',*,*,#10887,.F.);
#11300 = ORIENTED_EDGE('',*,*,#10929,.F.);
#11301 = ORIENTED_EDGE('',*,*,#11302,.F.);
#11302 = EDGE_CURVE('',#11303,#10922,#11305,.T.);
#11303 = VERTEX_POINT('',#11304);
#11304 = CARTESIAN_POINT('',(-49.505908,2.392516,1.545));
#11305 = LINE('',#11306,#11307);
#11306 = CARTESIAN_POINT('',(-49.505908,2.392516,1.545));
#11307 = VECTOR('',#11308,1.);
#11308 = DIRECTION('',(0.106899436186,0.994269837893,0.));
#11309 = ORIENTED_EDGE('',*,*,#11310,.F.);
#11310 = EDGE_CURVE('',#11311,#11303,#11313,.T.);
#11311 = VERTEX_POINT('',#11312);
#11312 = CARTESIAN_POINT('',(-49.892516,2.005908,1.545));
#11313 = CIRCLE('',#11314,0.505647818467);
#11314 = AXIS2_PLACEMENT_3D('',#11315,#11316,#11317);
#11315 = CARTESIAN_POINT('',(-50.00000000133,2.50000000133,1.545));
#11316 = DIRECTION('',(0.,0.,1.));
#11317 = DIRECTION('',(0.212566923864,-0.977146510447,0.));
#11318 = ORIENTED_EDGE('',*,*,#11319,.F.);
#11319 = EDGE_CURVE('',#11320,#11311,#11322,.T.);
#11320 = VERTEX_POINT('',#11321);
#11321 = CARTESIAN_POINT('',(-49.952127,1.9995,1.545));
#11322 = LINE('',#11323,#11324);
#11323 = CARTESIAN_POINT('',(-49.952127,1.9995,1.545));
#11324 = VECTOR('',#11325,1.);
#11325 = DIRECTION('',(0.994271801122,0.106881174642,0.));
#11326 = ORIENTED_EDGE('',*,*,#11327,.F.);
#11327 = EDGE_CURVE('',#11328,#11320,#11330,.T.);
#11328 = VERTEX_POINT('',#11329);
#11329 = CARTESIAN_POINT('',(-49.999999,1.9995,1.545));
#11330 = LINE('',#11331,#11332);
#11331 = CARTESIAN_POINT('',(-50.126001,1.9995,1.545));
#11332 = VECTOR('',#11333,1.);
#11333 = DIRECTION('',(1.,0.,0.));
#11334 = ORIENTED_EDGE('',*,*,#11335,.F.);
#11335 = EDGE_CURVE('',#11336,#11328,#11338,.T.);
#11336 = VERTEX_POINT('',#11337);
#11337 = CARTESIAN_POINT('',(-49.999999,0.5,1.545));
#11338 = LINE('',#11339,#11340);
#11339 = CARTESIAN_POINT('',(-49.999999,1.,1.545));
#11340 = VECTOR('',#11341,1.);
#11341 = DIRECTION('',(-0.,1.,0.));
#11342 = ORIENTED_EDGE('',*,*,#11343,.F.);
#11343 = EDGE_CURVE('',#11344,#11336,#11346,.T.);
#11344 = VERTEX_POINT('',#11345);
#11345 = CARTESIAN_POINT('',(-50.11047630269,0.5,1.545));
#11346 = LINE('',#11347,#11348);
#11347 = CARTESIAN_POINT('',(-24.9999995,0.5,1.545));
#11348 = VECTOR('',#11349,1.);
#11349 = DIRECTION('',(1.,0.,-0.));
#11350 = ORIENTED_EDGE('',*,*,#11351,.F.);
#11351 = EDGE_CURVE('',#11352,#11344,#11354,.T.);
#11352 = VERTEX_POINT('',#11353);
#11353 = CARTESIAN_POINT('',(-50.087228,0.455203,1.545));
#11354 = LINE('',#11355,#11356);
#11355 = CARTESIAN_POINT('',(-50.087228,0.455203,1.545));
#11356 = VECTOR('',#11357,1.);
#11357 = DIRECTION('',(-0.460633010824,0.887590687952,0.));
#11358 = ORIENTED_EDGE('',*,*,#11359,.F.);
#11359 = EDGE_CURVE('',#11360,#11352,#11362,.T.);
#11360 = VERTEX_POINT('',#11361);
#11361 = CARTESIAN_POINT('',(-50.000555,0.345836,1.545));
#11362 = LINE('',#11363,#11364);
#11363 = CARTESIAN_POINT('',(-50.000555,0.345836,1.545));
#11364 = VECTOR('',#11365,1.);
#11365 = DIRECTION('',(-0.621102816231,0.78372909329,0.));
#11366 = ORIENTED_EDGE('',*,*,#11367,.F.);
#11367 = EDGE_CURVE('',#11368,#11360,#11370,.T.);
#11368 = VERTEX_POINT('',#11369);
#11369 = CARTESIAN_POINT('',(-49.97451,0.322018,1.545));
#11370 = LINE('',#11371,#11372);
#11371 = CARTESIAN_POINT('',(-49.97451,0.322018,1.545));
#11372 = VECTOR('',#11373,1.);
#11373 = DIRECTION('',(-0.737952209147,0.67485297437,0.));
#11374 = ORIENTED_EDGE('',*,*,#11375,.F.);
#11375 = EDGE_CURVE('',#11376,#11368,#11378,.T.);
#11376 = VERTEX_POINT('',#11377);
#11377 = CARTESIAN_POINT('',(-49.908021,0.300545,1.545));
#11378 = LINE('',#11379,#11380);
#11379 = CARTESIAN_POINT('',(-49.908021,0.300545,1.545));
#11380 = VECTOR('',#11381,1.);
#11381 = DIRECTION('',(-0.951604290146,0.307326007645,0.));
#11382 = ORIENTED_EDGE('',*,*,#11383,.F.);
#11383 = EDGE_CURVE('',#11384,#11376,#11386,.T.);
#11384 = VERTEX_POINT('',#11385);
#11385 = CARTESIAN_POINT('',(49.904702,0.300501,1.545));
#11386 = LINE('',#11387,#11388);
#11387 = CARTESIAN_POINT('',(49.904702,0.300501,1.545));
#11388 = VECTOR('',#11389,1.);
#11389 = DIRECTION('',(-1.,4.40825564893E-07,0.));
#11390 = ORIENTED_EDGE('',*,*,#11391,.F.);
#11391 = EDGE_CURVE('',#11392,#11384,#11394,.T.);
#11392 = VERTEX_POINT('',#11393);
#11393 = CARTESIAN_POINT('',(49.942811,0.306502,1.545));
#11394 = LINE('',#11395,#11396);
#11395 = CARTESIAN_POINT('',(49.942811,0.306502,1.545));
#11396 = VECTOR('',#11397,1.);
#11397 = DIRECTION('',(-0.987827612969,-0.155552586146,0.));
#11398 = ORIENTED_EDGE('',*,*,#11399,.F.);
#11399 = EDGE_CURVE('',#11400,#11392,#11402,.T.);
#11400 = VERTEX_POINT('',#11401);
#11401 = CARTESIAN_POINT('',(50.000556,0.345837,1.545));
#11402 = LINE('',#11403,#11404);
#11403 = CARTESIAN_POINT('',(50.000556,0.345837,1.545));
#11404 = VECTOR('',#11405,1.);
#11405 = DIRECTION('',(-0.826471020807,-0.562979264065,0.));
#11406 = ORIENTED_EDGE('',*,*,#11407,.F.);
#11407 = EDGE_CURVE('',#11408,#11400,#11410,.T.);
#11408 = VERTEX_POINT('',#11409);
#11409 = CARTESIAN_POINT('',(50.073723,0.434993,1.545));
#11410 = LINE('',#11411,#11412);
#11411 = CARTESIAN_POINT('',(50.073723,0.434993,1.545));
#11412 = VECTOR('',#11413,1.);
#11413 = DIRECTION('',(-0.63438583251,-0.773016568717,0.));
#11414 = ORIENTED_EDGE('',*,*,#11415,.F.);
#11415 = EDGE_CURVE('',#11416,#11408,#11418,.T.);
#11416 = VERTEX_POINT('',#11417);
#11417 = CARTESIAN_POINT('',(50.114597974735,0.499999,1.545));
#11418 = CIRCLE('',#11419,1.00797756528);
#11419 = AXIS2_PLACEMENT_3D('',#11420,#11421,#11422);
#11420 = CARTESIAN_POINT('',(49.241472261494,1.003655888154,1.545));
#11421 = DIRECTION('',(0.,0.,-1.));
#11422 = DIRECTION('',(0.999953543833,-9.638992462688E-03,0.));
#11423 = ORIENTED_EDGE('',*,*,#11424,.F.);
#11424 = EDGE_CURVE('',#11425,#11416,#11427,.T.);
#11425 = VERTEX_POINT('',#11426);
#11426 = CARTESIAN_POINT('',(50.000001,0.499999,1.545));
#11427 = LINE('',#11428,#11429);
#11428 = CARTESIAN_POINT('',(25.8750005,0.499999,1.545));
#11429 = VECTOR('',#11430,1.);
#11430 = DIRECTION('',(1.,0.,-0.));
#11431 = ORIENTED_EDGE('',*,*,#11432,.F.);
#11432 = EDGE_CURVE('',#11433,#11425,#11435,.T.);
#11433 = VERTEX_POINT('',#11434);
#11434 = CARTESIAN_POINT('',(50.000001,1.999499275332,1.545));
#11435 = LINE('',#11436,#11437);
#11436 = CARTESIAN_POINT('',(50.000001,0.2499995,1.545));
#11437 = VECTOR('',#11438,1.);
#11438 = DIRECTION('',(0.,-1.,0.));
#11439 = ORIENTED_EDGE('',*,*,#11440,.F.);
#11440 = EDGE_CURVE('',#11441,#11433,#11443,.T.);
#11441 = VERTEX_POINT('',#11442);
#11442 = CARTESIAN_POINT('',(49.952128,1.999499,1.545));
#11443 = LINE('',#11444,#11445);
#11444 = CARTESIAN_POINT('',(49.952128,1.999499,1.545));
#11445 = VECTOR('',#11446,1.);
#11446 = DIRECTION('',(0.999999999983,5.751291165575E-06,0.));
#11447 = ORIENTED_EDGE('',*,*,#11448,.F.);
#11448 = EDGE_CURVE('',#11449,#11441,#11451,.T.);
#11449 = VERTEX_POINT('',#11450);
#11450 = CARTESIAN_POINT('',(49.892518,2.005908,1.545));
#11451 = LINE('',#11452,#11453);
#11452 = CARTESIAN_POINT('',(49.892518,2.005908,1.545));
#11453 = VECTOR('',#11454,1.);
#11454 = DIRECTION('',(0.994269837893,-0.106899436186,0.));
#11455 = ORIENTED_EDGE('',*,*,#11456,.F.);
#11456 = EDGE_CURVE('',#11457,#11449,#11459,.T.);
#11457 = VERTEX_POINT('',#11458);
#11458 = CARTESIAN_POINT('',(49.505909,2.392516,1.545));
#11459 = CIRCLE('',#11460,0.505650896169);
#11460 = AXIS2_PLACEMENT_3D('',#11461,#11462,#11463);
#11461 = CARTESIAN_POINT('',(50.000003538579,2.500002816602,1.545));
#11462 = DIRECTION('',(0.,0.,1.));
#11463 = DIRECTION('',(-0.97714558072,-0.212571197671,0.));
#11464 = ORIENTED_EDGE('',*,*,#11465,.F.);
#11465 = EDGE_CURVE('',#11466,#11457,#11468,.T.);
#11466 = VERTEX_POINT('',#11467);
#11467 = CARTESIAN_POINT('',(49.499501,2.452129,1.545));
#11468 = LINE('',#11469,#11470);
#11469 = CARTESIAN_POINT('',(49.499501,2.452129,1.545));
#11470 = VECTOR('',#11471,1.);
#11471 = DIRECTION('',(0.106877629769,-0.994272182179,0.));
#11472 = ORIENTED_EDGE('',*,*,#11473,.F.);
#11473 = EDGE_CURVE('',#11474,#11466,#11476,.T.);
#11474 = VERTEX_POINT('',#11475);
#11475 = CARTESIAN_POINT('',(49.499501,3.872198,1.545));
#11476 = LINE('',#11477,#11478);
#11477 = CARTESIAN_POINT('',(49.499501,3.872198,1.545));
#11478 = VECTOR('',#11479,1.);
#11479 = DIRECTION('',(0.,-1.,0.));
#11480 = ORIENTED_EDGE('',*,*,#11481,.F.);
#11481 = EDGE_CURVE('',#10952,#11474,#11482,.T.);
#11482 = CIRCLE('',#11483,0.124001618184);
#11483 = AXIS2_PLACEMENT_3D('',#11484,#11485,#11486);
#11484 = CARTESIAN_POINT('',(49.375499381826,3.872196381826,1.545));
#11485 = DIRECTION('',(0.,0.,-1.));
#11486 = DIRECTION('',(1.304961810814E-05,0.999999999915,0.));
#11487 = ORIENTED_EDGE('',*,*,#10951,.F.);
#11488 = FACE_BOUND('',#11489,.T.);
#11489 = EDGE_LOOP('',(#11490));
#11490 = ORIENTED_EDGE('',*,*,#11491,.T.);
#11491 = EDGE_CURVE('',#11492,#11492,#11494,.T.);
#11492 = VERTEX_POINT('',#11493);
#11493 = CARTESIAN_POINT('',(-47.749999,3.065998,1.545));
#11494 = CIRCLE('',#11495,0.175);
#11495 = AXIS2_PLACEMENT_3D('',#11496,#11497,#11498);
#11496 = CARTESIAN_POINT('',(-47.749999,3.240998,1.545));
#11497 = DIRECTION('',(-0.,0.,-1.));
#11498 = DIRECTION('',(-0.,-1.,0.));
#11499 = FACE_BOUND('',#11500,.T.);
#11500 = EDGE_LOOP('',(#11501));
#11501 = ORIENTED_EDGE('',*,*,#11502,.T.);
#11502 = EDGE_CURVE('',#11503,#11503,#11505,.T.);
#11503 = VERTEX_POINT('',#11504);
#11504 = CARTESIAN_POINT('',(-46.749999,3.065998,1.545));
#11505 = CIRCLE('',#11506,0.175);
#11506 = AXIS2_PLACEMENT_3D('',#11507,#11508,#11509);
#11507 = CARTESIAN_POINT('',(-46.749999,3.240998,1.545));
#11508 = DIRECTION('',(-0.,0.,-1.));
#11509 = DIRECTION('',(-0.,-1.,0.));
#11510 = FACE_BOUND('',#11511,.T.);
#11511 = EDGE_LOOP('',(#11512));
#11512 = ORIENTED_EDGE('',*,*,#11513,.T.);
#11513 = EDGE_CURVE('',#11514,#11514,#11516,.T.);
#11514 = VERTEX_POINT('',#11515);
#11515 = CARTESIAN_POINT('',(-45.749999,3.065998,1.545));
#11516 = CIRCLE('',#11517,0.175);
#11517 = AXIS2_PLACEMENT_3D('',#11518,#11519,#11520);
#11518 = CARTESIAN_POINT('',(-45.749999,3.240998,1.545));
#11519 = DIRECTION('',(-0.,0.,-1.));
#11520 = DIRECTION('',(-0.,-1.,0.));
#11521 = FACE_BOUND('',#11522,.T.);
#11522 = EDGE_LOOP('',(#11523));
#11523 = ORIENTED_EDGE('',*,*,#11524,.T.);
#11524 = EDGE_CURVE('',#11525,#11525,#11527,.T.);
#11525 = VERTEX_POINT('',#11526);
#11526 = CARTESIAN_POINT('',(-44.749999,3.065998,1.545));
#11527 = CIRCLE('',#11528,0.175);
#11528 = AXIS2_PLACEMENT_3D('',#11529,#11530,#11531);
#11529 = CARTESIAN_POINT('',(-44.749999,3.240998,1.545));
#11530 = DIRECTION('',(-0.,0.,-1.));
#11531 = DIRECTION('',(-0.,-1.,0.));
#11532 = FACE_BOUND('',#11533,.T.);
#11533 = EDGE_LOOP('',(#11534));
#11534 = ORIENTED_EDGE('',*,*,#11535,.T.);
#11535 = EDGE_CURVE('',#11536,#11536,#11538,.T.);
#11536 = VERTEX_POINT('',#11537);
#11537 = CARTESIAN_POINT('',(45.250001,3.065998,1.545));
#11538 = CIRCLE('',#11539,0.175);
#11539 = AXIS2_PLACEMENT_3D('',#11540,#11541,#11542);
#11540 = CARTESIAN_POINT('',(45.250001,3.240998,1.545));
#11541 = DIRECTION('',(-0.,0.,-1.));
#11542 = DIRECTION('',(-0.,-1.,0.));
#11543 = FACE_BOUND('',#11544,.T.);
#11544 = EDGE_LOOP('',(#11545));
#11545 = ORIENTED_EDGE('',*,*,#11546,.T.);
#11546 = EDGE_CURVE('',#11547,#11547,#11549,.T.);
#11547 = VERTEX_POINT('',#11548);
#11548 = CARTESIAN_POINT('',(46.250001,3.065998,1.545));
#11549 = CIRCLE('',#11550,0.175);
#11550 = AXIS2_PLACEMENT_3D('',#11551,#11552,#11553);
#11551 = CARTESIAN_POINT('',(46.250001,3.240998,1.545));
#11552 = DIRECTION('',(-0.,0.,-1.));
#11553 = DIRECTION('',(-0.,-1.,0.));
#11554 = FACE_BOUND('',#11555,.T.);
#11555 = EDGE_LOOP('',(#11556));
#11556 = ORIENTED_EDGE('',*,*,#11557,.T.);
#11557 = EDGE_CURVE('',#11558,#11558,#11560,.T.);
#11558 = VERTEX_POINT('',#11559);
#11559 = CARTESIAN_POINT('',(47.250001,3.065998,1.545));
#11560 = CIRCLE('',#11561,0.175);
#11561 = AXIS2_PLACEMENT_3D('',#11562,#11563,#11564);
#11562 = CARTESIAN_POINT('',(47.250001,3.240998,1.545));
#11563 = DIRECTION('',(-0.,0.,-1.));
#11564 = DIRECTION('',(-0.,-1.,0.));
#11565 = FACE_BOUND('',#11566,.T.);
#11566 = EDGE_LOOP('',(#11567));
#11567 = ORIENTED_EDGE('',*,*,#11568,.T.);
#11568 = EDGE_CURVE('',#11569,#11569,#11571,.T.);
#11569 = VERTEX_POINT('',#11570);
#11570 = CARTESIAN_POINT('',(48.250001,3.065998,1.545));
#11571 = CIRCLE('',#11572,0.175);
#11572 = AXIS2_PLACEMENT_3D('',#11573,#11574,#11575);
#11573 = CARTESIAN_POINT('',(48.250001,3.240998,1.545));
#11574 = DIRECTION('',(-0.,0.,-1.));
#11575 = DIRECTION('',(-0.,-1.,0.));
#11576 = PLANE('',#11577);
#11577 = AXIS2_PLACEMENT_3D('',#11578,#11579,#11580);
#11578 = CARTESIAN_POINT('',(0.,0.,1.545));
#11579 = DIRECTION('',(0.,0.,1.));
#11580 = DIRECTION('',(1.,0.,-0.));
#11581 = ADVANCED_FACE('',(#11582),#11593,.T.);
#11582 = FACE_BOUND('',#11583,.T.);
#11583 = EDGE_LOOP('',(#11584,#11590,#11591,#11592));
#11584 = ORIENTED_EDGE('',*,*,#11585,.T.);
#11585 = EDGE_CURVE('',#10984,#11303,#11586,.T.);
#11586 = LINE('',#11587,#11588);
#11587 = CARTESIAN_POINT('',(-49.505908,2.392516,1.51));
#11588 = VECTOR('',#11589,1.);
#11589 = DIRECTION('',(0.,0.,1.));
#11590 = ORIENTED_EDGE('',*,*,#11302,.T.);
#11591 = ORIENTED_EDGE('',*,*,#10919,.F.);
#11592 = ORIENTED_EDGE('',*,*,#10983,.F.);
#11593 = PLANE('',#11594);
#11594 = AXIS2_PLACEMENT_3D('',#11595,#11596,#11597);
#11595 = CARTESIAN_POINT('',(-49.505908,2.392516,1.51));
#11596 = DIRECTION('',(-0.994269837893,0.106899436186,0.));
#11597 = DIRECTION('',(0.106899436186,0.994269837893,0.));
#11598 = ADVANCED_FACE('',(#11599),#11610,.T.);
#11599 = FACE_BOUND('',#11600,.T.);
#11600 = EDGE_LOOP('',(#11601,#11602,#11603,#11609));
#11601 = ORIENTED_EDGE('',*,*,#10959,.T.);
#11602 = ORIENTED_EDGE('',*,*,#11481,.T.);
#11603 = ORIENTED_EDGE('',*,*,#11604,.F.);
#11604 = EDGE_CURVE('',#11189,#11474,#11605,.T.);
#11605 = LINE('',#11606,#11607);
#11606 = CARTESIAN_POINT('',(49.499501,3.872198,1.51));
#11607 = VECTOR('',#11608,1.);
#11608 = DIRECTION('',(0.,0.,1.));
#11609 = ORIENTED_EDGE('',*,*,#11196,.F.);
#11610 = CYLINDRICAL_SURFACE('',#11611,0.124001618184);
#11611 = AXIS2_PLACEMENT_3D('',#11612,#11613,#11614);
#11612 = CARTESIAN_POINT('',(49.375499381826,3.872196381826,1.51));
#11613 = DIRECTION('',(0.,0.,-1.));
#11614 = DIRECTION('',(1.304961810814E-05,0.999999999915,0.));
#11615 = ADVANCED_FACE('',(#11616),#11627,.T.);
#11616 = FACE_BOUND('',#11617,.T.);
#11617 = EDGE_LOOP('',(#11618,#11619,#11620,#11626));
#11618 = ORIENTED_EDGE('',*,*,#11604,.T.);
#11619 = ORIENTED_EDGE('',*,*,#11473,.T.);
#11620 = ORIENTED_EDGE('',*,*,#11621,.F.);
#11621 = EDGE_CURVE('',#11181,#11466,#11622,.T.);
#11622 = LINE('',#11623,#11624);
#11623 = CARTESIAN_POINT('',(49.499501,2.452129,1.51));
#11624 = VECTOR('',#11625,1.);
#11625 = DIRECTION('',(0.,0.,1.));
#11626 = ORIENTED_EDGE('',*,*,#11188,.F.);
#11627 = PLANE('',#11628);
#11628 = AXIS2_PLACEMENT_3D('',#11629,#11630,#11631);
#11629 = CARTESIAN_POINT('',(49.499501,3.872198,1.51));
#11630 = DIRECTION('',(1.,0.,-0.));
#11631 = DIRECTION('',(0.,-1.,0.));
#11632 = ADVANCED_FACE('',(#11633),#11644,.T.);
#11633 = FACE_BOUND('',#11634,.T.);
#11634 = EDGE_LOOP('',(#11635,#11636,#11637,#11643));
#11635 = ORIENTED_EDGE('',*,*,#11621,.T.);
#11636 = ORIENTED_EDGE('',*,*,#11465,.T.);
#11637 = ORIENTED_EDGE('',*,*,#11638,.F.);
#11638 = EDGE_CURVE('',#11172,#11457,#11639,.T.);
#11639 = LINE('',#11640,#11641);
#11640 = CARTESIAN_POINT('',(49.505909,2.392516,1.51));
#11641 = VECTOR('',#11642,1.);
#11642 = DIRECTION('',(0.,0.,1.));
#11643 = ORIENTED_EDGE('',*,*,#11180,.F.);
#11644 = PLANE('',#11645);
#11645 = AXIS2_PLACEMENT_3D('',#11646,#11647,#11648);
#11646 = CARTESIAN_POINT('',(49.499501,2.452129,1.51));
#11647 = DIRECTION('',(0.994272182179,0.106877629769,-0.));
#11648 = DIRECTION('',(0.106877629769,-0.994272182179,0.));
#11649 = ADVANCED_FACE('',(#11650),#11661,.F.);
#11650 = FACE_BOUND('',#11651,.T.);
#11651 = EDGE_LOOP('',(#11652,#11653,#11654,#11660));
#11652 = ORIENTED_EDGE('',*,*,#11638,.T.);
#11653 = ORIENTED_EDGE('',*,*,#11456,.T.);
#11654 = ORIENTED_EDGE('',*,*,#11655,.F.);
#11655 = EDGE_CURVE('',#11164,#11449,#11656,.T.);
#11656 = LINE('',#11657,#11658);
#11657 = CARTESIAN_POINT('',(49.892518,2.005908,1.51));
#11658 = VECTOR('',#11659,1.);
#11659 = DIRECTION('',(0.,0.,1.));
#11660 = ORIENTED_EDGE('',*,*,#11171,.F.);
#11661 = CYLINDRICAL_SURFACE('',#11662,0.505650896169);
#11662 = AXIS2_PLACEMENT_3D('',#11663,#11664,#11665);
#11663 = CARTESIAN_POINT('',(50.000003538579,2.500002816602,1.51));
#11664 = DIRECTION('',(-0.,-0.,-1.));
#11665 = DIRECTION('',(-0.97714558072,-0.212571197671,0.));
#11666 = ADVANCED_FACE('',(#11667),#11678,.T.);
#11667 = FACE_BOUND('',#11668,.T.);
#11668 = EDGE_LOOP('',(#11669,#11670,#11671,#11677));
#11669 = ORIENTED_EDGE('',*,*,#11655,.T.);
#11670 = ORIENTED_EDGE('',*,*,#11448,.T.);
#11671 = ORIENTED_EDGE('',*,*,#11672,.F.);
#11672 = EDGE_CURVE('',#11156,#11441,#11673,.T.);
#11673 = LINE('',#11674,#11675);
#11674 = CARTESIAN_POINT('',(49.952128,1.999499,1.51));
#11675 = VECTOR('',#11676,1.);
#11676 = DIRECTION('',(0.,0.,1.));
#11677 = ORIENTED_EDGE('',*,*,#11163,.F.);
#11678 = PLANE('',#11679);
#11679 = AXIS2_PLACEMENT_3D('',#11680,#11681,#11682);
#11680 = CARTESIAN_POINT('',(49.892518,2.005908,1.51));
#11681 = DIRECTION('',(0.106899436186,0.994269837893,-0.));
#11682 = DIRECTION('',(0.994269837893,-0.106899436186,0.));
#11683 = ADVANCED_FACE('',(#11684),#11695,.T.);
#11684 = FACE_BOUND('',#11685,.T.);
#11685 = EDGE_LOOP('',(#11686,#11687,#11688,#11689));
#11686 = ORIENTED_EDGE('',*,*,#11155,.F.);
#11687 = ORIENTED_EDGE('',*,*,#11672,.T.);
#11688 = ORIENTED_EDGE('',*,*,#11440,.T.);
#11689 = ORIENTED_EDGE('',*,*,#11690,.F.);
#11690 = EDGE_CURVE('',#11148,#11433,#11691,.T.);
#11691 = LINE('',#11692,#11693);
#11692 = CARTESIAN_POINT('',(50.000001,1.999499275332,1.51));
#11693 = VECTOR('',#11694,1.);
#11694 = DIRECTION('',(0.,0.,1.));
#11695 = PLANE('',#11696);
#11696 = AXIS2_PLACEMENT_3D('',#11697,#11698,#11699);
#11697 = CARTESIAN_POINT('',(49.952128,1.999499,1.51));
#11698 = DIRECTION('',(-5.751291165575E-06,0.999999999983,0.));
#11699 = DIRECTION('',(0.999999999983,5.751291165575E-06,0.));
#11700 = ADVANCED_FACE('',(#11701),#11717,.T.);
#11701 = FACE_BOUND('',#11702,.T.);
#11702 = EDGE_LOOP('',(#11703,#11704,#11710,#11711));
#11703 = ORIENTED_EDGE('',*,*,#11113,.F.);
#11704 = ORIENTED_EDGE('',*,*,#11705,.F.);
#11705 = EDGE_CURVE('',#11416,#11114,#11706,.T.);
#11706 = LINE('',#11707,#11708);
#11707 = CARTESIAN_POINT('',(50.114597974735,0.499999,1.51));
#11708 = VECTOR('',#11709,1.);
#11709 = DIRECTION('',(0.,0.,-1.));
#11710 = ORIENTED_EDGE('',*,*,#11415,.T.);
#11711 = ORIENTED_EDGE('',*,*,#11712,.F.);
#11712 = EDGE_CURVE('',#11106,#11408,#11713,.T.);
#11713 = LINE('',#11714,#11715);
#11714 = CARTESIAN_POINT('',(50.073723,0.434993,1.51));
#11715 = VECTOR('',#11716,1.);
#11716 = DIRECTION('',(0.,0.,1.));
#11717 = CYLINDRICAL_SURFACE('',#11718,1.00797756528);
#11718 = AXIS2_PLACEMENT_3D('',#11719,#11720,#11721);
#11719 = CARTESIAN_POINT('',(49.241472261494,1.003655888154,1.51));
#11720 = DIRECTION('',(0.,0.,-1.));
#11721 = DIRECTION('',(0.999953543833,-9.638992462688E-03,0.));
#11722 = ADVANCED_FACE('',(#11723),#11734,.T.);
#11723 = FACE_BOUND('',#11724,.T.);
#11724 = EDGE_LOOP('',(#11725,#11726,#11727,#11733));
#11725 = ORIENTED_EDGE('',*,*,#11712,.T.);
#11726 = ORIENTED_EDGE('',*,*,#11407,.T.);
#11727 = ORIENTED_EDGE('',*,*,#11728,.F.);
#11728 = EDGE_CURVE('',#11098,#11400,#11729,.T.);
#11729 = LINE('',#11730,#11731);
#11730 = CARTESIAN_POINT('',(50.000556,0.345837,1.51));
#11731 = VECTOR('',#11732,1.);
#11732 = DIRECTION('',(0.,0.,1.));
#11733 = ORIENTED_EDGE('',*,*,#11105,.F.);
#11734 = PLANE('',#11735);
#11735 = AXIS2_PLACEMENT_3D('',#11736,#11737,#11738);
#11736 = CARTESIAN_POINT('',(50.073723,0.434993,1.51));
#11737 = DIRECTION('',(0.773016568717,-0.63438583251,0.));
#11738 = DIRECTION('',(-0.63438583251,-0.773016568717,0.));
#11739 = ADVANCED_FACE('',(#11740),#11751,.T.);
#11740 = FACE_BOUND('',#11741,.T.);
#11741 = EDGE_LOOP('',(#11742,#11743,#11744,#11750));
#11742 = ORIENTED_EDGE('',*,*,#11728,.T.);
#11743 = ORIENTED_EDGE('',*,*,#11399,.T.);
#11744 = ORIENTED_EDGE('',*,*,#11745,.F.);
#11745 = EDGE_CURVE('',#11090,#11392,#11746,.T.);
#11746 = LINE('',#11747,#11748);
#11747 = CARTESIAN_POINT('',(49.942811,0.306502,1.51));
#11748 = VECTOR('',#11749,1.);
#11749 = DIRECTION('',(0.,0.,1.));
#11750 = ORIENTED_EDGE('',*,*,#11097,.F.);
#11751 = PLANE('',#11752);
#11752 = AXIS2_PLACEMENT_3D('',#11753,#11754,#11755);
#11753 = CARTESIAN_POINT('',(50.000556,0.345837,1.51));
#11754 = DIRECTION('',(0.562979264065,-0.826471020807,0.));
#11755 = DIRECTION('',(-0.826471020807,-0.562979264065,0.));
#11756 = ADVANCED_FACE('',(#11757),#11768,.T.);
#11757 = FACE_BOUND('',#11758,.T.);
#11758 = EDGE_LOOP('',(#11759,#11760,#11761,#11767));
#11759 = ORIENTED_EDGE('',*,*,#11745,.T.);
#11760 = ORIENTED_EDGE('',*,*,#11391,.T.);
#11761 = ORIENTED_EDGE('',*,*,#11762,.F.);
#11762 = EDGE_CURVE('',#11082,#11384,#11763,.T.);
#11763 = LINE('',#11764,#11765);
#11764 = CARTESIAN_POINT('',(49.904702,0.300501,1.51));
#11765 = VECTOR('',#11766,1.);
#11766 = DIRECTION('',(0.,0.,1.));
#11767 = ORIENTED_EDGE('',*,*,#11089,.F.);
#11768 = PLANE('',#11769);
#11769 = AXIS2_PLACEMENT_3D('',#11770,#11771,#11772);
#11770 = CARTESIAN_POINT('',(49.942811,0.306502,1.51));
#11771 = DIRECTION('',(0.155552586146,-0.987827612969,0.));
#11772 = DIRECTION('',(-0.987827612969,-0.155552586146,0.));
#11773 = ADVANCED_FACE('',(#11774),#11785,.T.);
#11774 = FACE_BOUND('',#11775,.T.);
#11775 = EDGE_LOOP('',(#11776,#11777,#11778,#11784));
#11776 = ORIENTED_EDGE('',*,*,#11762,.T.);
#11777 = ORIENTED_EDGE('',*,*,#11383,.T.);
#11778 = ORIENTED_EDGE('',*,*,#11779,.F.);
#11779 = EDGE_CURVE('',#11074,#11376,#11780,.T.);
#11780 = LINE('',#11781,#11782);
#11781 = CARTESIAN_POINT('',(-49.908021,0.300545,1.51));
#11782 = VECTOR('',#11783,1.);
#11783 = DIRECTION('',(0.,0.,1.));
#11784 = ORIENTED_EDGE('',*,*,#11081,.F.);
#11785 = PLANE('',#11786);
#11786 = AXIS2_PLACEMENT_3D('',#11787,#11788,#11789);
#11787 = CARTESIAN_POINT('',(49.904702,0.300501,1.51));
#11788 = DIRECTION('',(-4.40825564893E-07,-1.,0.));
#11789 = DIRECTION('',(-1.,4.40825564893E-07,0.));
#11790 = ADVANCED_FACE('',(#11791),#11802,.T.);
#11791 = FACE_BOUND('',#11792,.T.);
#11792 = EDGE_LOOP('',(#11793,#11794,#11795,#11801));
#11793 = ORIENTED_EDGE('',*,*,#11779,.T.);
#11794 = ORIENTED_EDGE('',*,*,#11375,.T.);
#11795 = ORIENTED_EDGE('',*,*,#11796,.F.);
#11796 = EDGE_CURVE('',#11066,#11368,#11797,.T.);
#11797 = LINE('',#11798,#11799);
#11798 = CARTESIAN_POINT('',(-49.97451,0.322018,1.51));
#11799 = VECTOR('',#11800,1.);
#11800 = DIRECTION('',(0.,0.,1.));
#11801 = ORIENTED_EDGE('',*,*,#11073,.F.);
#11802 = PLANE('',#11803);
#11803 = AXIS2_PLACEMENT_3D('',#11804,#11805,#11806);
#11804 = CARTESIAN_POINT('',(-49.908021,0.300545,1.51));
#11805 = DIRECTION('',(-0.307326007645,-0.951604290146,0.));
#11806 = DIRECTION('',(-0.951604290146,0.307326007645,0.));
#11807 = ADVANCED_FACE('',(#11808),#11819,.T.);
#11808 = FACE_BOUND('',#11809,.T.);
#11809 = EDGE_LOOP('',(#11810,#11811,#11812,#11818));
#11810 = ORIENTED_EDGE('',*,*,#11796,.T.);
#11811 = ORIENTED_EDGE('',*,*,#11367,.T.);
#11812 = ORIENTED_EDGE('',*,*,#11813,.F.);
#11813 = EDGE_CURVE('',#11058,#11360,#11814,.T.);
#11814 = LINE('',#11815,#11816);
#11815 = CARTESIAN_POINT('',(-50.000555,0.345836,1.51));
#11816 = VECTOR('',#11817,1.);
#11817 = DIRECTION('',(0.,0.,1.));
#11818 = ORIENTED_EDGE('',*,*,#11065,.F.);
#11819 = PLANE('',#11820);
#11820 = AXIS2_PLACEMENT_3D('',#11821,#11822,#11823);
#11821 = CARTESIAN_POINT('',(-49.97451,0.322018,1.51));
#11822 = DIRECTION('',(-0.67485297437,-0.737952209147,0.));
#11823 = DIRECTION('',(-0.737952209147,0.67485297437,0.));
#11824 = ADVANCED_FACE('',(#11825),#11836,.T.);
#11825 = FACE_BOUND('',#11826,.T.);
#11826 = EDGE_LOOP('',(#11827,#11828,#11829,#11835));
#11827 = ORIENTED_EDGE('',*,*,#11813,.T.);
#11828 = ORIENTED_EDGE('',*,*,#11359,.T.);
#11829 = ORIENTED_EDGE('',*,*,#11830,.F.);
#11830 = EDGE_CURVE('',#11050,#11352,#11831,.T.);
#11831 = LINE('',#11832,#11833);
#11832 = CARTESIAN_POINT('',(-50.087228,0.455203,1.51));
#11833 = VECTOR('',#11834,1.);
#11834 = DIRECTION('',(0.,0.,1.));
#11835 = ORIENTED_EDGE('',*,*,#11057,.F.);
#11836 = PLANE('',#11837);
#11837 = AXIS2_PLACEMENT_3D('',#11838,#11839,#11840);
#11838 = CARTESIAN_POINT('',(-50.000555,0.345836,1.51));
#11839 = DIRECTION('',(-0.78372909329,-0.621102816231,0.));
#11840 = DIRECTION('',(-0.621102816231,0.78372909329,0.));
#11841 = ADVANCED_FACE('',(#11842),#11853,.T.);
#11842 = FACE_BOUND('',#11843,.T.);
#11843 = EDGE_LOOP('',(#11844,#11845,#11846,#11847));
#11844 = ORIENTED_EDGE('',*,*,#11049,.F.);
#11845 = ORIENTED_EDGE('',*,*,#11830,.T.);
#11846 = ORIENTED_EDGE('',*,*,#11351,.T.);
#11847 = ORIENTED_EDGE('',*,*,#11848,.F.);
#11848 = EDGE_CURVE('',#11042,#11344,#11849,.T.);
#11849 = LINE('',#11850,#11851);
#11850 = CARTESIAN_POINT('',(-50.11047630269,0.5,1.51));
#11851 = VECTOR('',#11852,1.);
#11852 = DIRECTION('',(0.,0.,1.));
#11853 = PLANE('',#11854);
#11854 = AXIS2_PLACEMENT_3D('',#11855,#11856,#11857);
#11855 = CARTESIAN_POINT('',(-50.087228,0.455203,1.51));
#11856 = DIRECTION('',(-0.887590687952,-0.460633010824,0.));
#11857 = DIRECTION('',(-0.460633010824,0.887590687952,0.));
#11858 = ADVANCED_FACE('',(#11859),#11875,.T.);
#11859 = FACE_BOUND('',#11860,.T.);
#11860 = EDGE_LOOP('',(#11861,#11862,#11868,#11869));
#11861 = ORIENTED_EDGE('',*,*,#11008,.F.);
#11862 = ORIENTED_EDGE('',*,*,#11863,.F.);
#11863 = EDGE_CURVE('',#11328,#11009,#11864,.T.);
#11864 = LINE('',#11865,#11866);
#11865 = CARTESIAN_POINT('',(-49.999999,1.9995,1.51));
#11866 = VECTOR('',#11867,1.);
#11867 = DIRECTION('',(-0.,0.,-1.));
#11868 = ORIENTED_EDGE('',*,*,#11327,.T.);
#11869 = ORIENTED_EDGE('',*,*,#11870,.F.);
#11870 = EDGE_CURVE('',#11001,#11320,#11871,.T.);
#11871 = LINE('',#11872,#11873);
#11872 = CARTESIAN_POINT('',(-49.952127,1.9995,1.51));
#11873 = VECTOR('',#11874,1.);
#11874 = DIRECTION('',(0.,0.,1.));
#11875 = PLANE('',#11876);
#11876 = AXIS2_PLACEMENT_3D('',#11877,#11878,#11879);
#11877 = CARTESIAN_POINT('',(-50.126001,1.9995,1.51));
#11878 = DIRECTION('',(0.,1.,0.));
#11879 = DIRECTION('',(1.,0.,0.));
#11880 = ADVANCED_FACE('',(#11881),#11892,.T.);
#11881 = FACE_BOUND('',#11882,.T.);
#11882 = EDGE_LOOP('',(#11883,#11884,#11885,#11891));
#11883 = ORIENTED_EDGE('',*,*,#11870,.T.);
#11884 = ORIENTED_EDGE('',*,*,#11319,.T.);
#11885 = ORIENTED_EDGE('',*,*,#11886,.F.);
#11886 = EDGE_CURVE('',#10992,#11311,#11887,.T.);
#11887 = LINE('',#11888,#11889);
#11888 = CARTESIAN_POINT('',(-49.892516,2.005908,1.51));
#11889 = VECTOR('',#11890,1.);
#11890 = DIRECTION('',(0.,0.,1.));
#11891 = ORIENTED_EDGE('',*,*,#11000,.F.);
#11892 = PLANE('',#11893);
#11893 = AXIS2_PLACEMENT_3D('',#11894,#11895,#11896);
#11894 = CARTESIAN_POINT('',(-49.952127,1.9995,1.51));
#11895 = DIRECTION('',(-0.106881174642,0.994271801122,0.));
#11896 = DIRECTION('',(0.994271801122,0.106881174642,0.));
#11897 = ADVANCED_FACE('',(#11898),#11904,.F.);
#11898 = FACE_BOUND('',#11899,.T.);
#11899 = EDGE_LOOP('',(#11900,#11901,#11902,#11903));
#11900 = ORIENTED_EDGE('',*,*,#11886,.T.);
#11901 = ORIENTED_EDGE('',*,*,#11310,.T.);
#11902 = ORIENTED_EDGE('',*,*,#11585,.F.);
#11903 = ORIENTED_EDGE('',*,*,#10991,.F.);
#11904 = CYLINDRICAL_SURFACE('',#11905,0.505647818467);
#11905 = AXIS2_PLACEMENT_3D('',#11906,#11907,#11908);
#11906 = CARTESIAN_POINT('',(-50.00000000133,2.50000000133,1.51));
#11907 = DIRECTION('',(-0.,-0.,-1.));
#11908 = DIRECTION('',(0.212566923864,-0.977146510447,0.));
#11909 = ADVANCED_FACE('',(#11910),#11929,.T.);
#11910 = FACE_BOUND('',#11911,.F.);
#11911 = EDGE_LOOP('',(#11912,#11921,#11927,#11928));
#11912 = ORIENTED_EDGE('',*,*,#11913,.T.);
#11913 = EDGE_CURVE('',#11914,#11914,#11916,.T.);
#11914 = VERTEX_POINT('',#11915);
#11915 = CARTESIAN_POINT('',(-47.749999,3.040998,0.));
#11916 = CIRCLE('',#11917,0.2);
#11917 = AXIS2_PLACEMENT_3D('',#11918,#11919,#11920);
#11918 = CARTESIAN_POINT('',(-47.749999,3.240998,0.));
#11919 = DIRECTION('',(-0.,0.,-1.));
#11920 = DIRECTION('',(-0.,-1.,0.));
#11921 = ORIENTED_EDGE('',*,*,#11922,.T.);
#11922 = EDGE_CURVE('',#11914,#11207,#11923,.T.);
#11923 = LINE('',#11924,#11925);
#11924 = CARTESIAN_POINT('',(-47.749999,3.040998,-3.5E-02));
#11925 = VECTOR('',#11926,1.);
#11926 = DIRECTION('',(0.,0.,1.));
#11927 = ORIENTED_EDGE('',*,*,#11206,.F.);
#11928 = ORIENTED_EDGE('',*,*,#11922,.F.);
#11929 = CYLINDRICAL_SURFACE('',#11930,0.2);
#11930 = AXIS2_PLACEMENT_3D('',#11931,#11932,#11933);
#11931 = CARTESIAN_POINT('',(-47.749999,3.240998,-3.5E-02));
#11932 = DIRECTION('',(-0.,-0.,-1.));
#11933 = DIRECTION('',(-0.,-1.,0.));
#11934 = ADVANCED_FACE('',(#11935),#11954,.T.);
#11935 = FACE_BOUND('',#11936,.F.);
#11936 = EDGE_LOOP('',(#11937,#11946,#11952,#11953));
#11937 = ORIENTED_EDGE('',*,*,#11938,.T.);
#11938 = EDGE_CURVE('',#11939,#11939,#11941,.T.);
#11939 = VERTEX_POINT('',#11940);
#11940 = CARTESIAN_POINT('',(-46.749999,3.040998,0.));
#11941 = CIRCLE('',#11942,0.2);
#11942 = AXIS2_PLACEMENT_3D('',#11943,#11944,#11945);
#11943 = CARTESIAN_POINT('',(-46.749999,3.240998,0.));
#11944 = DIRECTION('',(-0.,0.,-1.));
#11945 = DIRECTION('',(-0.,-1.,0.));
#11946 = ORIENTED_EDGE('',*,*,#11947,.T.);
#11947 = EDGE_CURVE('',#11939,#11218,#11948,.T.);
#11948 = LINE('',#11949,#11950);
#11949 = CARTESIAN_POINT('',(-46.749999,3.040998,-3.5E-02));
#11950 = VECTOR('',#11951,1.);
#11951 = DIRECTION('',(0.,0.,1.));
#11952 = ORIENTED_EDGE('',*,*,#11217,.F.);
#11953 = ORIENTED_EDGE('',*,*,#11947,.F.);
#11954 = CYLINDRICAL_SURFACE('',#11955,0.2);
#11955 = AXIS2_PLACEMENT_3D('',#11956,#11957,#11958);
#11956 = CARTESIAN_POINT('',(-46.749999,3.240998,-3.5E-02));
#11957 = DIRECTION('',(-0.,-0.,-1.));
#11958 = DIRECTION('',(-0.,-1.,0.));
#11959 = ADVANCED_FACE('',(#11960),#11979,.T.);
#11960 = FACE_BOUND('',#11961,.F.);
#11961 = EDGE_LOOP('',(#11962,#11971,#11977,#11978));
#11962 = ORIENTED_EDGE('',*,*,#11963,.T.);
#11963 = EDGE_CURVE('',#11964,#11964,#11966,.T.);
#11964 = VERTEX_POINT('',#11965);
#11965 = CARTESIAN_POINT('',(-45.749999,3.040998,0.));
#11966 = CIRCLE('',#11967,0.2);
#11967 = AXIS2_PLACEMENT_3D('',#11968,#11969,#11970);
#11968 = CARTESIAN_POINT('',(-45.749999,3.240998,0.));
#11969 = DIRECTION('',(-0.,0.,-1.));
#11970 = DIRECTION('',(-0.,-1.,0.));
#11971 = ORIENTED_EDGE('',*,*,#11972,.T.);
#11972 = EDGE_CURVE('',#11964,#11229,#11973,.T.);
#11973 = LINE('',#11974,#11975);
#11974 = CARTESIAN_POINT('',(-45.749999,3.040998,-3.5E-02));
#11975 = VECTOR('',#11976,1.);
#11976 = DIRECTION('',(0.,0.,1.));
#11977 = ORIENTED_EDGE('',*,*,#11228,.F.);
#11978 = ORIENTED_EDGE('',*,*,#11972,.F.);
#11979 = CYLINDRICAL_SURFACE('',#11980,0.2);
#11980 = AXIS2_PLACEMENT_3D('',#11981,#11982,#11983);
#11981 = CARTESIAN_POINT('',(-45.749999,3.240998,-3.5E-02));
#11982 = DIRECTION('',(-0.,-0.,-1.));
#11983 = DIRECTION('',(-0.,-1.,0.));
#11984 = ADVANCED_FACE('',(#11985),#12004,.T.);
#11985 = FACE_BOUND('',#11986,.F.);
#11986 = EDGE_LOOP('',(#11987,#11996,#12002,#12003));
#11987 = ORIENTED_EDGE('',*,*,#11988,.T.);
#11988 = EDGE_CURVE('',#11989,#11989,#11991,.T.);
#11989 = VERTEX_POINT('',#11990);
#11990 = CARTESIAN_POINT('',(-44.749999,3.040998,0.));
#11991 = CIRCLE('',#11992,0.2);
#11992 = AXIS2_PLACEMENT_3D('',#11993,#11994,#11995);
#11993 = CARTESIAN_POINT('',(-44.749999,3.240998,0.));
#11994 = DIRECTION('',(-0.,0.,-1.));
#11995 = DIRECTION('',(-0.,-1.,0.));
#11996 = ORIENTED_EDGE('',*,*,#11997,.T.);
#11997 = EDGE_CURVE('',#11989,#11240,#11998,.T.);
#11998 = LINE('',#11999,#12000);
#11999 = CARTESIAN_POINT('',(-44.749999,3.040998,-3.5E-02));
#12000 = VECTOR('',#12001,1.);
#12001 = DIRECTION('',(0.,0.,1.));
#12002 = ORIENTED_EDGE('',*,*,#11239,.F.);
#12003 = ORIENTED_EDGE('',*,*,#11997,.F.);
#12004 = CYLINDRICAL_SURFACE('',#12005,0.2);
#12005 = AXIS2_PLACEMENT_3D('',#12006,#12007,#12008);
#12006 = CARTESIAN_POINT('',(-44.749999,3.240998,-3.5E-02));
#12007 = DIRECTION('',(-0.,-0.,-1.));
#12008 = DIRECTION('',(-0.,-1.,0.));
#12009 = ADVANCED_FACE('',(#12010),#12029,.T.);
#12010 = FACE_BOUND('',#12011,.F.);
#12011 = EDGE_LOOP('',(#12012,#12021,#12027,#12028));
#12012 = ORIENTED_EDGE('',*,*,#12013,.T.);
#12013 = EDGE_CURVE('',#12014,#12014,#12016,.T.);
#12014 = VERTEX_POINT('',#12015);
#12015 = CARTESIAN_POINT('',(45.250001,3.040998,0.));
#12016 = CIRCLE('',#12017,0.2);
#12017 = AXIS2_PLACEMENT_3D('',#12018,#12019,#12020);
#12018 = CARTESIAN_POINT('',(45.250001,3.240998,0.));
#12019 = DIRECTION('',(-0.,0.,-1.));
#12020 = DIRECTION('',(-0.,-1.,0.));
#12021 = ORIENTED_EDGE('',*,*,#12022,.T.);
#12022 = EDGE_CURVE('',#12014,#11251,#12023,.T.);
#12023 = LINE('',#12024,#12025);
#12024 = CARTESIAN_POINT('',(45.250001,3.040998,-3.5E-02));
#12025 = VECTOR('',#12026,1.);
#12026 = DIRECTION('',(0.,0.,1.));
#12027 = ORIENTED_EDGE('',*,*,#11250,.F.);
#12028 = ORIENTED_EDGE('',*,*,#12022,.F.);
#12029 = CYLINDRICAL_SURFACE('',#12030,0.2);
#12030 = AXIS2_PLACEMENT_3D('',#12031,#12032,#12033);
#12031 = CARTESIAN_POINT('',(45.250001,3.240998,-3.5E-02));
#12032 = DIRECTION('',(-0.,-0.,-1.));
#12033 = DIRECTION('',(-0.,-1.,0.));
#12034 = ADVANCED_FACE('',(#12035),#12054,.T.);
#12035 = FACE_BOUND('',#12036,.F.);
#12036 = EDGE_LOOP('',(#12037,#12046,#12052,#12053));
#12037 = ORIENTED_EDGE('',*,*,#12038,.T.);
#12038 = EDGE_CURVE('',#12039,#12039,#12041,.T.);
#12039 = VERTEX_POINT('',#12040);
#12040 = CARTESIAN_POINT('',(46.250001,3.040998,0.));
#12041 = CIRCLE('',#12042,0.2);
#12042 = AXIS2_PLACEMENT_3D('',#12043,#12044,#12045);
#12043 = CARTESIAN_POINT('',(46.250001,3.240998,0.));
#12044 = DIRECTION('',(-0.,0.,-1.));
#12045 = DIRECTION('',(-0.,-1.,0.));
#12046 = ORIENTED_EDGE('',*,*,#12047,.T.);
#12047 = EDGE_CURVE('',#12039,#11262,#12048,.T.);
#12048 = LINE('',#12049,#12050);
#12049 = CARTESIAN_POINT('',(46.250001,3.040998,-3.5E-02));
#12050 = VECTOR('',#12051,1.);
#12051 = DIRECTION('',(0.,0.,1.));
#12052 = ORIENTED_EDGE('',*,*,#11261,.F.);
#12053 = ORIENTED_EDGE('',*,*,#12047,.F.);
#12054 = CYLINDRICAL_SURFACE('',#12055,0.2);
#12055 = AXIS2_PLACEMENT_3D('',#12056,#12057,#12058);
#12056 = CARTESIAN_POINT('',(46.250001,3.240998,-3.5E-02));
#12057 = DIRECTION('',(-0.,-0.,-1.));
#12058 = DIRECTION('',(-0.,-1.,0.));
#12059 = ADVANCED_FACE('',(#12060),#12079,.T.);
#12060 = FACE_BOUND('',#12061,.F.);
#12061 = EDGE_LOOP('',(#12062,#12071,#12077,#12078));
#12062 = ORIENTED_EDGE('',*,*,#12063,.T.);
#12063 = EDGE_CURVE('',#12064,#12064,#12066,.T.);
#12064 = VERTEX_POINT('',#12065);
#12065 = CARTESIAN_POINT('',(47.250001,3.040998,0.));
#12066 = CIRCLE('',#12067,0.2);
#12067 = AXIS2_PLACEMENT_3D('',#12068,#12069,#12070);
#12068 = CARTESIAN_POINT('',(47.250001,3.240998,0.));
#12069 = DIRECTION('',(-0.,0.,-1.));
#12070 = DIRECTION('',(-0.,-1.,0.));
#12071 = ORIENTED_EDGE('',*,*,#12072,.T.);
#12072 = EDGE_CURVE('',#12064,#11273,#12073,.T.);
#12073 = LINE('',#12074,#12075);
#12074 = CARTESIAN_POINT('',(47.250001,3.040998,-3.5E-02));
#12075 = VECTOR('',#12076,1.);
#12076 = DIRECTION('',(0.,0.,1.));
#12077 = ORIENTED_EDGE('',*,*,#11272,.F.);
#12078 = ORIENTED_EDGE('',*,*,#12072,.F.);
#12079 = CYLINDRICAL_SURFACE('',#12080,0.2);
#12080 = AXIS2_PLACEMENT_3D('',#12081,#12082,#12083);
#12081 = CARTESIAN_POINT('',(47.250001,3.240998,-3.5E-02));
#12082 = DIRECTION('',(-0.,-0.,-1.));
#12083 = DIRECTION('',(-0.,-1.,0.));
#12084 = ADVANCED_FACE('',(#12085),#12104,.T.);
#12085 = FACE_BOUND('',#12086,.F.);
#12086 = EDGE_LOOP('',(#12087,#12096,#12102,#12103));
#12087 = ORIENTED_EDGE('',*,*,#12088,.T.);
#12088 = EDGE_CURVE('',#12089,#12089,#12091,.T.);
#12089 = VERTEX_POINT('',#12090);
#12090 = CARTESIAN_POINT('',(48.250001,3.040998,0.));
#12091 = CIRCLE('',#12092,0.2);
#12092 = AXIS2_PLACEMENT_3D('',#12093,#12094,#12095);
#12093 = CARTESIAN_POINT('',(48.250001,3.240998,0.));
#12094 = DIRECTION('',(-0.,0.,-1.));
#12095 = DIRECTION('',(-0.,-1.,0.));
#12096 = ORIENTED_EDGE('',*,*,#12097,.T.);
#12097 = EDGE_CURVE('',#12089,#11284,#12098,.T.);
#12098 = LINE('',#12099,#12100);
#12099 = CARTESIAN_POINT('',(48.250001,3.040998,-3.5E-02));
#12100 = VECTOR('',#12101,1.);
#12101 = DIRECTION('',(0.,0.,1.));
#12102 = ORIENTED_EDGE('',*,*,#11283,.F.);
#12103 = ORIENTED_EDGE('',*,*,#12097,.F.);
#12104 = CYLINDRICAL_SURFACE('',#12105,0.2);
#12105 = AXIS2_PLACEMENT_3D('',#12106,#12107,#12108);
#12106 = CARTESIAN_POINT('',(48.250001,3.240998,-3.5E-02));
#12107 = DIRECTION('',(-0.,-0.,-1.));
#12108 = DIRECTION('',(-0.,-1.,0.));
#12109 = ADVANCED_FACE('',(#12110),#12137,.T.);
#12110 = FACE_BOUND('',#12111,.T.);
#12111 = EDGE_LOOP('',(#12112,#12113,#12121,#12129,#12135,#12136));
#12112 = ORIENTED_EDGE('',*,*,#11432,.T.);
#12113 = ORIENTED_EDGE('',*,*,#12114,.T.);
#12114 = EDGE_CURVE('',#11425,#12115,#12117,.T.);
#12115 = VERTEX_POINT('',#12116);
#12116 = CARTESIAN_POINT('',(50.000001,0.499999,1.55));
#12117 = LINE('',#12118,#12119);
#12118 = CARTESIAN_POINT('',(50.000001,0.499999,1.51));
#12119 = VECTOR('',#12120,1.);
#12120 = DIRECTION('',(0.,0.,1.));
#12121 = ORIENTED_EDGE('',*,*,#12122,.T.);
#12122 = EDGE_CURVE('',#12115,#12123,#12125,.T.);
#12123 = VERTEX_POINT('',#12124);
#12124 = CARTESIAN_POINT('',(50.000001,1.999999,1.55));
#12125 = LINE('',#12126,#12127);
#12126 = CARTESIAN_POINT('',(50.000001,0.499999,1.55));
#12127 = VECTOR('',#12128,1.);
#12128 = DIRECTION('',(0.,1.,0.));
#12129 = ORIENTED_EDGE('',*,*,#12130,.F.);
#12130 = EDGE_CURVE('',#11140,#12123,#12131,.T.);
#12131 = LINE('',#12132,#12133);
#12132 = CARTESIAN_POINT('',(50.000001,1.999999,1.51));
#12133 = VECTOR('',#12134,1.);
#12134 = DIRECTION('',(0.,0.,1.));
#12135 = ORIENTED_EDGE('',*,*,#11147,.F.);
#12136 = ORIENTED_EDGE('',*,*,#11690,.T.);
#12137 = PLANE('',#12138);
#12138 = AXIS2_PLACEMENT_3D('',#12139,#12140,#12141);
#12139 = CARTESIAN_POINT('',(50.000001,0.499999,1.51));
#12140 = DIRECTION('',(-1.,0.,0.));
#12141 = DIRECTION('',(0.,1.,0.));
#12142 = ADVANCED_FACE('',(#12143),#12163,.T.);
#12143 = FACE_BOUND('',#12144,.T.);
#12144 = EDGE_LOOP('',(#12145,#12146,#12154,#12160,#12161,#12162));
#12145 = ORIENTED_EDGE('',*,*,#11122,.F.);
#12146 = ORIENTED_EDGE('',*,*,#12147,.T.);
#12147 = EDGE_CURVE('',#11123,#12148,#12150,.T.);
#12148 = VERTEX_POINT('',#12149);
#12149 = CARTESIAN_POINT('',(51.750001,0.499999,1.55));
#12150 = LINE('',#12151,#12152);
#12151 = CARTESIAN_POINT('',(51.750001,0.499999,1.51));
#12152 = VECTOR('',#12153,1.);
#12153 = DIRECTION('',(0.,0.,1.));
#12154 = ORIENTED_EDGE('',*,*,#12155,.T.);
#12155 = EDGE_CURVE('',#12148,#12115,#12156,.T.);
#12156 = LINE('',#12157,#12158);
#12157 = CARTESIAN_POINT('',(51.750001,0.499999,1.55));
#12158 = VECTOR('',#12159,1.);
#12159 = DIRECTION('',(-1.,0.,0.));
#12160 = ORIENTED_EDGE('',*,*,#12114,.F.);
#12161 = ORIENTED_EDGE('',*,*,#11424,.T.);
#12162 = ORIENTED_EDGE('',*,*,#11705,.T.);
#12163 = PLANE('',#12164);
#12164 = AXIS2_PLACEMENT_3D('',#12165,#12166,#12167);
#12165 = CARTESIAN_POINT('',(51.750001,0.499999,1.51));
#12166 = DIRECTION('',(0.,-1.,0.));
#12167 = DIRECTION('',(-1.,0.,0.));
#12168 = ADVANCED_FACE('',(#12169),#12196,.T.);
#12169 = FACE_BOUND('',#12170,.T.);
#12170 = EDGE_LOOP('',(#12171,#12172,#12180,#12188,#12194,#12195));
#12171 = ORIENTED_EDGE('',*,*,#11343,.T.);
#12172 = ORIENTED_EDGE('',*,*,#12173,.T.);
#12173 = EDGE_CURVE('',#11336,#12174,#12176,.T.);
#12174 = VERTEX_POINT('',#12175);
#12175 = CARTESIAN_POINT('',(-49.999999,0.5,1.55));
#12176 = LINE('',#12177,#12178);
#12177 = CARTESIAN_POINT('',(-49.999999,0.5,1.51));
#12178 = VECTOR('',#12179,1.);
#12179 = DIRECTION('',(0.,0.,1.));
#12180 = ORIENTED_EDGE('',*,*,#12181,.T.);
#12181 = EDGE_CURVE('',#12174,#12182,#12184,.T.);
#12182 = VERTEX_POINT('',#12183);
#12183 = CARTESIAN_POINT('',(-51.749999,0.5,1.55));
#12184 = LINE('',#12185,#12186);
#12185 = CARTESIAN_POINT('',(-49.999999,0.5,1.55));
#12186 = VECTOR('',#12187,1.);
#12187 = DIRECTION('',(-1.,0.,0.));
#12188 = ORIENTED_EDGE('',*,*,#12189,.F.);
#12189 = EDGE_CURVE('',#11033,#12182,#12190,.T.);
#12190 = LINE('',#12191,#12192);
#12191 = CARTESIAN_POINT('',(-51.749999,0.5,1.51));
#12192 = VECTOR('',#12193,1.);
#12193 = DIRECTION('',(0.,0.,1.));
#12194 = ORIENTED_EDGE('',*,*,#11041,.F.);
#12195 = ORIENTED_EDGE('',*,*,#11848,.T.);
#12196 = PLANE('',#12197);
#12197 = AXIS2_PLACEMENT_3D('',#12198,#12199,#12200);
#12198 = CARTESIAN_POINT('',(-49.999999,0.5,1.51));
#12199 = DIRECTION('',(0.,-1.,0.));
#12200 = DIRECTION('',(-1.,0.,0.));
#12201 = ADVANCED_FACE('',(#12202),#12222,.T.);
#12202 = FACE_BOUND('',#12203,.T.);
#12203 = EDGE_LOOP('',(#12204,#12205,#12213,#12219,#12220,#12221));
#12204 = ORIENTED_EDGE('',*,*,#11016,.F.);
#12205 = ORIENTED_EDGE('',*,*,#12206,.T.);
#12206 = EDGE_CURVE('',#11017,#12207,#12209,.T.);
#12207 = VERTEX_POINT('',#12208);
#12208 = CARTESIAN_POINT('',(-49.999999,2.,1.55));
#12209 = LINE('',#12210,#12211);
#12210 = CARTESIAN_POINT('',(-49.999999,2.,1.51));
#12211 = VECTOR('',#12212,1.);
#12212 = DIRECTION('',(0.,0.,1.));
#12213 = ORIENTED_EDGE('',*,*,#12214,.T.);
#12214 = EDGE_CURVE('',#12207,#12174,#12215,.T.);
#12215 = LINE('',#12216,#12217);
#12216 = CARTESIAN_POINT('',(-49.999999,2.,1.55));
#12217 = VECTOR('',#12218,1.);
#12218 = DIRECTION('',(0.,-1.,0.));
#12219 = ORIENTED_EDGE('',*,*,#12173,.F.);
#12220 = ORIENTED_EDGE('',*,*,#11335,.T.);
#12221 = ORIENTED_EDGE('',*,*,#11863,.T.);
#12222 = PLANE('',#12223);
#12223 = AXIS2_PLACEMENT_3D('',#12224,#12225,#12226);
#12224 = CARTESIAN_POINT('',(-49.999999,2.,1.51));
#12225 = DIRECTION('',(1.,0.,-0.));
#12226 = DIRECTION('',(0.,-1.,0.));
#12227 = ADVANCED_FACE('',(#12228,#12366,#12369,#12372,#12375,#12378,
    #12561,#12621,#12843,#12895,#12898,#12901,#12904,#12907,#13262,
    #13391,#13402,#13413,#13458),#13469,.F.);
#12228 = FACE_BOUND('',#12229,.F.);
#12229 = EDGE_LOOP('',(#12230,#12241,#12249,#12258,#12266,#12275,#12283,
    #12292,#12300,#12309,#12317,#12326,#12334,#12343,#12351,#12360));
#12230 = ORIENTED_EDGE('',*,*,#12231,.T.);
#12231 = EDGE_CURVE('',#12232,#12234,#12236,.T.);
#12232 = VERTEX_POINT('',#12233);
#12233 = CARTESIAN_POINT('',(-74.27813,11.619202,0.));
#12234 = VERTEX_POINT('',#12235);
#12235 = CARTESIAN_POINT('',(-72.995572,12.199499,0.));
#12236 = CIRCLE('',#12237,1.702322064159);
#12237 = AXIS2_PLACEMENT_3D('',#12238,#12239,#12240);
#12238 = CARTESIAN_POINT('',(-72.99790979715,10.497178541089,0.));
#12239 = DIRECTION('',(0.,0.,-1.));
#12240 = DIRECTION('',(-0.752043476261,0.659113502982,0.));
#12241 = ORIENTED_EDGE('',*,*,#12242,.T.);
#12242 = EDGE_CURVE('',#12234,#12243,#12245,.T.);
#12243 = VERTEX_POINT('',#12244);
#12244 = CARTESIAN_POINT('',(73.00442,12.199183,0.));
#12245 = LINE('',#12246,#12247);
#12246 = CARTESIAN_POINT('',(-72.995572,12.199499,0.));
#12247 = VECTOR('',#12248,1.);
#12248 = DIRECTION('',(0.999999999998,-2.164383680233E-06,0.));
#12249 = ORIENTED_EDGE('',*,*,#12250,.T.);
#12250 = EDGE_CURVE('',#12243,#12251,#12253,.T.);
#12251 = VERTEX_POINT('',#12252);
#12252 = CARTESIAN_POINT('',(73.925919,11.924394,0.));
#12253 = CIRCLE('',#12254,1.702508270528);
#12254 = AXIS2_PLACEMENT_3D('',#12255,#12256,#12257);
#12255 = CARTESIAN_POINT('',(72.998459085377,10.496685164843,0.));
#12256 = DIRECTION('',(0.,0.,-1.));
#12257 = DIRECTION('',(3.501254429105E-03,0.99999387059,0.));
#12258 = ORIENTED_EDGE('',*,*,#12259,.T.);
#12259 = EDGE_CURVE('',#12251,#12260,#12262,.T.);
#12260 = VERTEX_POINT('',#12261);
#12261 = CARTESIAN_POINT('',(74.119206,11.778125,0.));
#12262 = LINE('',#12263,#12264);
#12263 = CARTESIAN_POINT('',(73.925919,11.924394,0.));
#12264 = VECTOR('',#12265,1.);
#12265 = DIRECTION('',(0.797410838774,-0.603436785592,0.));
#12266 = ORIENTED_EDGE('',*,*,#12267,.T.);
#12267 = EDGE_CURVE('',#12260,#12268,#12270,.T.);
#12268 = VERTEX_POINT('',#12269);
#12269 = CARTESIAN_POINT('',(74.6995,10.495565,0.));
#12270 = CIRCLE('',#12271,1.702338733487);
#12271 = AXIS2_PLACEMENT_3D('',#12272,#12273,#12274);
#12272 = CARTESIAN_POINT('',(72.997162867733,10.497899874147,0.));
#12273 = DIRECTION('',(0.,0.,-1.));
#12274 = DIRECTION('',(0.659118605595,0.752039004147,0.));
#12275 = ORIENTED_EDGE('',*,*,#12276,.T.);
#12276 = EDGE_CURVE('',#12268,#12277,#12279,.T.);
#12277 = VERTEX_POINT('',#12278);
#12278 = CARTESIAN_POINT('',(74.699184,1.99558,0.));
#12279 = LINE('',#12280,#12281);
#12280 = CARTESIAN_POINT('',(74.6995,10.495565,0.));
#12281 = VECTOR('',#12282,1.);
#12282 = DIRECTION('',(-3.717653616796E-05,-0.999999999309,0.));
#12283 = ORIENTED_EDGE('',*,*,#12284,.T.);
#12284 = EDGE_CURVE('',#12277,#12285,#12287,.T.);
#12285 = VERTEX_POINT('',#12286);
#12286 = CARTESIAN_POINT('',(74.424396,1.074082,0.));
#12287 = CIRCLE('',#12288,1.702548086674);
#12288 = AXIS2_PLACEMENT_3D('',#12289,#12290,#12291);
#12289 = CARTESIAN_POINT('',(72.996646388119,2.001552233059,0.));
#12290 = DIRECTION('',(0.,0.,-1.));
#12291 = DIRECTION('',(0.999993847579,-3.507820487455E-03,0.));
#12292 = ORIENTED_EDGE('',*,*,#12293,.T.);
#12293 = EDGE_CURVE('',#12285,#12294,#12296,.T.);
#12294 = VERTEX_POINT('',#12295);
#12295 = CARTESIAN_POINT('',(74.278122,0.88079,0.));
#12296 = LINE('',#12297,#12298);
#12297 = CARTESIAN_POINT('',(74.424396,1.074082,0.));
#12298 = VECTOR('',#12299,1.);
#12299 = DIRECTION('',(-0.603439976116,-0.79740842435,0.));
#12300 = ORIENTED_EDGE('',*,*,#12301,.T.);
#12301 = EDGE_CURVE('',#12294,#12302,#12304,.T.);
#12302 = VERTEX_POINT('',#12303);
#12303 = CARTESIAN_POINT('',(72.995585,0.300501,0.));
#12304 = CIRCLE('',#12305,1.702319816845);
#12305 = AXIS2_PLACEMENT_3D('',#12306,#12307,#12308);
#12306 = CARTESIAN_POINT('',(72.99790984284,2.002819229336,0.));
#12307 = DIRECTION('',(0.,0.,-1.));
#12308 = DIRECTION('',(0.752039742762,-0.659117762851,0.));
#12309 = ORIENTED_EDGE('',*,*,#12310,.T.);
#12310 = EDGE_CURVE('',#12302,#12311,#12313,.T.);
#12311 = VERTEX_POINT('',#12312);
#12312 = CARTESIAN_POINT('',(-73.004419,0.300817,0.));
#12313 = LINE('',#12314,#12315);
#12314 = CARTESIAN_POINT('',(72.995585,0.300501,0.));
#12315 = VECTOR('',#12316,1.);
#12316 = DIRECTION('',(-0.999999999998,2.16438350234E-06,0.));
#12317 = ORIENTED_EDGE('',*,*,#12318,.T.);
#12318 = EDGE_CURVE('',#12311,#12319,#12321,.T.);
#12319 = VERTEX_POINT('',#12320);
#12320 = CARTESIAN_POINT('',(-73.92592,0.575605,0.));
#12321 = CIRCLE('',#12322,1.702541193426);
#12322 = AXIS2_PLACEMENT_3D('',#12323,#12324,#12325);
#12323 = CARTESIAN_POINT('',(-72.99845183663,2.003347736367,0.));
#12324 = DIRECTION('',(0.,0.,-1.));
#12325 = DIRECTION('',(-3.50485697067E-03,-0.99999385797,-0.));
#12326 = ORIENTED_EDGE('',*,*,#12327,.T.);
#12327 = EDGE_CURVE('',#12319,#12328,#12330,.T.);
#12328 = VERTEX_POINT('',#12329);
#12329 = CARTESIAN_POINT('',(-74.119201,0.721868,0.));
#12330 = LINE('',#12331,#12332);
#12331 = CARTESIAN_POINT('',(-73.92592,0.575605,0.));
#12332 = VECTOR('',#12333,1.);
#12333 = DIRECTION('',(-0.79741373625,0.603432956706,0.));
#12334 = ORIENTED_EDGE('',*,*,#12335,.T.);
#12335 = EDGE_CURVE('',#12328,#12336,#12338,.T.);
#12336 = VERTEX_POINT('',#12337);
#12337 = CARTESIAN_POINT('',(-74.699499,2.004414,0.));
#12338 = CIRCLE('',#12339,1.702334663457);
#12339 = AXIS2_PLACEMENT_3D('',#12340,#12341,#12342);
#12340 = CARTESIAN_POINT('',(-72.99716591638,2.002094768016,0.));
#12341 = DIRECTION('',(0.,0.,-1.));
#12342 = DIRECTION('',(-0.659115453442,-0.752041766815,-0.));
#12343 = ORIENTED_EDGE('',*,*,#12344,.T.);
#12344 = EDGE_CURVE('',#12336,#12345,#12347,.T.);
#12345 = VERTEX_POINT('',#12346);
#12346 = CARTESIAN_POINT('',(-74.699183,10.504421,0.));
#12347 = LINE('',#12348,#12349);
#12348 = CARTESIAN_POINT('',(-74.699499,2.004414,0.));
#12349 = VECTOR('',#12350,1.);
#12350 = DIRECTION('',(3.717643994642E-05,0.999999999309,0.));
#12351 = ORIENTED_EDGE('',*,*,#12352,.T.);
#12352 = EDGE_CURVE('',#12345,#12353,#12355,.T.);
#12353 = VERTEX_POINT('',#12354);
#12354 = CARTESIAN_POINT('',(-74.424405,11.425907,0.));
#12355 = CIRCLE('',#12356,1.702555003286);
#12356 = AXIS2_PLACEMENT_3D('',#12357,#12358,#12359);
#12357 = CARTESIAN_POINT('',(-72.99663846672,10.498450119243,0.));
#12358 = DIRECTION('',(0.,0.,-1.));
#12359 = DIRECTION('',(-0.999993850415,3.507011958833E-03,0.));
#12360 = ORIENTED_EDGE('',*,*,#12361,.T.);
#12361 = EDGE_CURVE('',#12353,#12232,#12362,.T.);
#12362 = LINE('',#12363,#12364);
#12363 = CARTESIAN_POINT('',(-74.424405,11.425907,0.));
#12364 = VECTOR('',#12365,1.);
#12365 = DIRECTION('',(0.603436644042,0.797410945891,0.));
#12366 = FACE_BOUND('',#12367,.F.);
#12367 = EDGE_LOOP('',(#12368));
#12368 = ORIENTED_EDGE('',*,*,#12088,.F.);
#12369 = FACE_BOUND('',#12370,.F.);
#12370 = EDGE_LOOP('',(#12371));
#12371 = ORIENTED_EDGE('',*,*,#12063,.F.);
#12372 = FACE_BOUND('',#12373,.F.);
#12373 = EDGE_LOOP('',(#12374));
#12374 = ORIENTED_EDGE('',*,*,#12038,.F.);
#12375 = FACE_BOUND('',#12376,.F.);
#12376 = EDGE_LOOP('',(#12377));
#12377 = ORIENTED_EDGE('',*,*,#12013,.F.);
#12378 = FACE_BOUND('',#12379,.F.);
#12379 = EDGE_LOOP('',(#12380,#12390,#12399,#12407,#12415,#12423,#12432,
    #12440,#12448,#12456,#12465,#12473,#12481,#12489,#12498,#12506,
    #12514,#12522,#12530,#12539,#12547,#12555));
#12380 = ORIENTED_EDGE('',*,*,#12381,.T.);
#12381 = EDGE_CURVE('',#12382,#12384,#12386,.T.);
#12382 = VERTEX_POINT('',#12383);
#12383 = CARTESIAN_POINT('',(63.190497,5.417869,0.));
#12384 = VERTEX_POINT('',#12385);
#12385 = CARTESIAN_POINT('',(63.184089,5.477481,0.));
#12386 = LINE('',#12387,#12388);
#12387 = CARTESIAN_POINT('',(63.190497,5.417869,0.));
#12388 = VECTOR('',#12389,1.);
#12389 = DIRECTION('',(-0.106879402176,0.994271991655,0.));
#12390 = ORIENTED_EDGE('',*,*,#12391,.T.);
#12391 = EDGE_CURVE('',#12384,#12392,#12394,.T.);
#12392 = VERTEX_POINT('',#12393);
#12393 = CARTESIAN_POINT('',(62.797481,5.86409,0.));
#12394 = CIRCLE('',#12395,0.505650896178);
#12395 = AXIS2_PLACEMENT_3D('',#12396,#12397,#12398);
#12396 = CARTESIAN_POINT('',(62.68999418339,5.369995461414,0.));
#12397 = DIRECTION('',(0.,0.,1.));
#12398 = DIRECTION('',(0.97714613055,0.212568670201,-0.));
#12399 = ORIENTED_EDGE('',*,*,#12400,.T.);
#12400 = EDGE_CURVE('',#12392,#12401,#12403,.T.);
#12401 = VERTEX_POINT('',#12402);
#12402 = CARTESIAN_POINT('',(62.737879,5.870498,0.));
#12403 = LINE('',#12404,#12405);
#12404 = CARTESIAN_POINT('',(62.797481,5.86409,0.));
#12405 = VECTOR('',#12406,1.);
#12406 = DIRECTION('',(-0.994270085898,0.106897129466,0.));
#12407 = ORIENTED_EDGE('',*,*,#12408,.T.);
#12408 = EDGE_CURVE('',#12401,#12409,#12411,.T.);
#12409 = VERTEX_POINT('',#12410);
#12410 = CARTESIAN_POINT('',(60.942127,5.870498,0.));
#12411 = LINE('',#12412,#12413);
#12412 = CARTESIAN_POINT('',(62.737879,5.870498,0.));
#12413 = VECTOR('',#12414,1.);
#12414 = DIRECTION('',(-1.,0.,0.));
#12415 = ORIENTED_EDGE('',*,*,#12416,.T.);
#12416 = EDGE_CURVE('',#12409,#12417,#12419,.T.);
#12417 = VERTEX_POINT('',#12418);
#12418 = CARTESIAN_POINT('',(60.882514,5.86409,0.));
#12419 = LINE('',#12420,#12421);
#12420 = CARTESIAN_POINT('',(60.942127,5.870498,0.));
#12421 = VECTOR('',#12422,1.);
#12422 = DIRECTION('',(-0.994272182179,-0.106877629769,0.));
#12423 = ORIENTED_EDGE('',*,*,#12424,.T.);
#12424 = EDGE_CURVE('',#12417,#12425,#12427,.T.);
#12425 = VERTEX_POINT('',#12426);
#12426 = CARTESIAN_POINT('',(60.495906,5.477481,0.));
#12427 = CIRCLE('',#12428,0.505650896169);
#12428 = AXIS2_PLACEMENT_3D('',#12429,#12430,#12431);
#12429 = CARTESIAN_POINT('',(60.990000816602,5.369995461421,0.));
#12430 = DIRECTION('',(0.,0.,1.));
#12431 = DIRECTION('',(-0.212571197671,0.97714558072,0.));
#12432 = ORIENTED_EDGE('',*,*,#12433,.T.);
#12433 = EDGE_CURVE('',#12425,#12434,#12436,.T.);
#12434 = VERTEX_POINT('',#12435);
#12435 = CARTESIAN_POINT('',(60.489498,5.417863,0.));
#12436 = LINE('',#12437,#12438);
#12437 = CARTESIAN_POINT('',(60.495906,5.477481,0.));
#12438 = VECTOR('',#12439,1.);
#12439 = DIRECTION('',(-0.106868768608,-0.994273134655,0.));
#12440 = ORIENTED_EDGE('',*,*,#12441,.T.);
#12441 = EDGE_CURVE('',#12434,#12442,#12444,.T.);
#12442 = VERTEX_POINT('',#12443);
#12443 = CARTESIAN_POINT('',(60.489498,3.622128,0.));
#12444 = LINE('',#12445,#12446);
#12445 = CARTESIAN_POINT('',(60.489498,5.417863,0.));
#12446 = VECTOR('',#12447,1.);
#12447 = DIRECTION('',(0.,-1.,0.));
#12448 = ORIENTED_EDGE('',*,*,#12449,.T.);
#12449 = EDGE_CURVE('',#12442,#12450,#12452,.T.);
#12450 = VERTEX_POINT('',#12451);
#12451 = CARTESIAN_POINT('',(60.495906,3.562515,0.));
#12452 = LINE('',#12453,#12454);
#12453 = CARTESIAN_POINT('',(60.489498,3.622128,0.));
#12454 = VECTOR('',#12455,1.);
#12455 = DIRECTION('',(0.106877629769,-0.994272182179,0.));
#12456 = ORIENTED_EDGE('',*,*,#12457,.T.);
#12457 = EDGE_CURVE('',#12450,#12458,#12460,.T.);
#12458 = VERTEX_POINT('',#12459);
#12459 = CARTESIAN_POINT('',(60.882514,3.175907,0.));
#12460 = CIRCLE('',#12461,0.505651565713);
#12461 = AXIS2_PLACEMENT_3D('',#12462,#12463,#12464);
#12462 = CARTESIAN_POINT('',(60.99000115103,3.67000215103,0.));
#12463 = DIRECTION('',(0.,0.,1.));
#12464 = DIRECTION('',(-0.977145498073,-0.212571577582,0.));
#12465 = ORIENTED_EDGE('',*,*,#12466,.T.);
#12466 = EDGE_CURVE('',#12458,#12467,#12469,.T.);
#12467 = VERTEX_POINT('',#12468);
#12468 = CARTESIAN_POINT('',(60.942125,3.169498,0.));
#12469 = LINE('',#12470,#12471);
#12470 = CARTESIAN_POINT('',(60.882514,3.175907,0.));
#12471 = VECTOR('',#12472,1.);
#12472 = DIRECTION('',(0.994270028494,-0.106897663395,0.));
#12473 = ORIENTED_EDGE('',*,*,#12474,.T.);
#12474 = EDGE_CURVE('',#12467,#12475,#12477,.T.);
#12475 = VERTEX_POINT('',#12476);
#12476 = CARTESIAN_POINT('',(62.73787,3.169499,0.));
#12477 = LINE('',#12478,#12479);
#12478 = CARTESIAN_POINT('',(60.942125,3.169498,0.));
#12479 = VECTOR('',#12480,1.);
#12480 = DIRECTION('',(1.,5.568719390223E-07,0.));
#12481 = ORIENTED_EDGE('',*,*,#12482,.T.);
#12482 = EDGE_CURVE('',#12475,#12483,#12485,.T.);
#12483 = VERTEX_POINT('',#12484);
#12484 = CARTESIAN_POINT('',(62.797481,3.175907,0.));
#12485 = LINE('',#12486,#12487);
#12486 = CARTESIAN_POINT('',(62.73787,3.169499,0.));
#12487 = VECTOR('',#12488,1.);
#12488 = DIRECTION('',(0.994271801122,0.106881174642,0.));
#12489 = ORIENTED_EDGE('',*,*,#12490,.T.);
#12490 = EDGE_CURVE('',#12483,#12491,#12493,.T.);
#12491 = VERTEX_POINT('',#12492);
#12492 = CARTESIAN_POINT('',(63.184089,3.562515,0.));
#12493 = CIRCLE('',#12494,0.505647818467);
#12494 = AXIS2_PLACEMENT_3D('',#12495,#12496,#12497);
#12495 = CARTESIAN_POINT('',(62.68999699867,3.66999900133,0.));
#12496 = DIRECTION('',(0.,0.,1.));
#12497 = DIRECTION('',(0.212566923864,-0.977146510447,0.));
#12498 = ORIENTED_EDGE('',*,*,#12499,.T.);
#12499 = EDGE_CURVE('',#12491,#12500,#12502,.T.);
#12500 = VERTEX_POINT('',#12501);
#12501 = CARTESIAN_POINT('',(63.190498,3.622125,0.));
#12502 = LINE('',#12503,#12504);
#12503 = CARTESIAN_POINT('',(63.184089,3.562515,0.));
#12504 = VECTOR('',#12505,1.);
#12505 = DIRECTION('',(0.106899436186,0.994269837893,0.));
#12506 = ORIENTED_EDGE('',*,*,#12507,.T.);
#12507 = EDGE_CURVE('',#12500,#12508,#12510,.T.);
#12508 = VERTEX_POINT('',#12509);
#12509 = CARTESIAN_POINT('',(63.190497,3.915536,0.));
#12510 = LINE('',#12511,#12512);
#12511 = CARTESIAN_POINT('',(63.190498,3.622125,0.));
#12512 = VECTOR('',#12513,1.);
#12513 = DIRECTION('',(-3.408188505098E-06,0.999999999994,0.));
#12514 = ORIENTED_EDGE('',*,*,#12515,.T.);
#12515 = EDGE_CURVE('',#12508,#12516,#12518,.T.);
#12516 = VERTEX_POINT('',#12517);
#12517 = CARTESIAN_POINT('',(63.210181,3.982572,0.));
#12518 = LINE('',#12519,#12520);
#12519 = CARTESIAN_POINT('',(63.190497,3.915536,0.));
#12520 = VECTOR('',#12521,1.);
#12521 = DIRECTION('',(0.28173854472,0.959491215395,0.));
#12522 = ORIENTED_EDGE('',*,*,#12523,.T.);
#12523 = EDGE_CURVE('',#12516,#12524,#12526,.T.);
#12524 = VERTEX_POINT('',#12525);
#12525 = CARTESIAN_POINT('',(63.552169737736,4.327128437348,0.));
#12526 = LINE('',#12527,#12528);
#12527 = CARTESIAN_POINT('',(63.210181,3.982572,0.));
#12528 = VECTOR('',#12529,1.);
#12529 = DIRECTION('',(0.704457253654,0.709746417937,0.));
#12530 = ORIENTED_EDGE('',*,*,#12531,.F.);
#12531 = EDGE_CURVE('',#12532,#12524,#12534,.T.);
#12532 = VERTEX_POINT('',#12533);
#12533 = CARTESIAN_POINT('',(63.551898849975,4.711701150025,0.));
#12534 = CIRCLE('',#12535,0.849999);
#12535 = AXIS2_PLACEMENT_3D('',#12536,#12537,#12538);
#12536 = CARTESIAN_POINT('',(64.379998,4.519998,0.));
#12537 = DIRECTION('',(0.,0.,1.));
#12538 = DIRECTION('',(1.,0.,-0.));
#12539 = ORIENTED_EDGE('',*,*,#12540,.T.);
#12540 = EDGE_CURVE('',#12532,#12541,#12543,.T.);
#12541 = VERTEX_POINT('',#12542);
#12542 = CARTESIAN_POINT('',(63.226816,5.036784,0.));
#12543 = LINE('',#12544,#12545);
#12544 = CARTESIAN_POINT('',(63.743602,4.519998,0.));
#12545 = VECTOR('',#12546,1.);
#12546 = DIRECTION('',(-0.707106781187,0.707106781187,0.));
#12547 = ORIENTED_EDGE('',*,*,#12548,.T.);
#12548 = EDGE_CURVE('',#12541,#12549,#12551,.T.);
#12549 = VERTEX_POINT('',#12550);
#12550 = CARTESIAN_POINT('',(63.193331,5.098107,0.));
#12551 = LINE('',#12552,#12553);
#12552 = CARTESIAN_POINT('',(63.226816,5.036784,0.));
#12553 = VECTOR('',#12554,1.);
#12554 = DIRECTION('',(-0.479250184514,0.877678335521,0.));
#12555 = ORIENTED_EDGE('',*,*,#12556,.T.);
#12556 = EDGE_CURVE('',#12549,#12382,#12557,.T.);
#12557 = LINE('',#12558,#12559);
#12558 = CARTESIAN_POINT('',(63.193331,5.098107,0.));
#12559 = VECTOR('',#12560,1.);
#12560 = DIRECTION('',(-8.8624936711E-03,0.999960727332,0.));
#12561 = FACE_BOUND('',#12562,.F.);
#12562 = EDGE_LOOP('',(#12563,#12573,#12582,#12590,#12598,#12606,#12615)
  );
#12563 = ORIENTED_EDGE('',*,*,#12564,.T.);
#12564 = EDGE_CURVE('',#12565,#12567,#12569,.T.);
#12565 = VERTEX_POINT('',#12566);
#12566 = CARTESIAN_POINT('',(63.797864,5.738528,0.));
#12567 = VERTEX_POINT('',#12568);
#12568 = CARTESIAN_POINT('',(64.188294849975,5.348097150025,0.));
#12569 = LINE('',#12570,#12571);
#12570 = CARTESIAN_POINT('',(63.797864,5.738528,0.));
#12571 = VECTOR('',#12572,1.);
#12572 = DIRECTION('',(0.707106781187,-0.707106781187,0.));
#12573 = ORIENTED_EDGE('',*,*,#12574,.F.);
#12574 = EDGE_CURVE('',#12575,#12567,#12577,.T.);
#12575 = VERTEX_POINT('',#12576);
#12576 = CARTESIAN_POINT('',(64.571700882617,5.348097211929,0.));
#12577 = CIRCLE('',#12578,0.849999);
#12578 = AXIS2_PLACEMENT_3D('',#12579,#12580,#12581);
#12579 = CARTESIAN_POINT('',(64.379998,4.519998,0.));
#12580 = DIRECTION('',(0.,0.,1.));
#12581 = DIRECTION('',(1.,0.,-0.));
#12582 = ORIENTED_EDGE('',*,*,#12583,.T.);
#12583 = EDGE_CURVE('',#12575,#12584,#12586,.T.);
#12584 = VERTEX_POINT('',#12585);
#12585 = CARTESIAN_POINT('',(64.96213,5.738527,0.));
#12586 = LINE('',#12587,#12588);
#12587 = CARTESIAN_POINT('',(64.379998,5.156394,0.));
#12588 = VECTOR('',#12589,1.);
#12589 = DIRECTION('',(0.707106173845,0.707107388528,0.));
#12590 = ORIENTED_EDGE('',*,*,#12591,.T.);
#12591 = EDGE_CURVE('',#12584,#12592,#12594,.T.);
#12592 = VERTEX_POINT('',#12593);
#12593 = CARTESIAN_POINT('',(64.898215,5.771094,0.));
#12594 = LINE('',#12595,#12596);
#12595 = CARTESIAN_POINT('',(64.96213,5.738527,0.));
#12596 = VECTOR('',#12597,1.);
#12597 = DIRECTION('',(-0.891002684571,0.453998035335,0.));
#12598 = ORIENTED_EDGE('',*,*,#12599,.T.);
#12599 = EDGE_CURVE('',#12592,#12600,#12602,.T.);
#12600 = VERTEX_POINT('',#12601);
#12601 = CARTESIAN_POINT('',(64.696127,5.836756,0.));
#12602 = LINE('',#12603,#12604);
#12603 = CARTESIAN_POINT('',(64.898215,5.771094,0.));
#12604 = VECTOR('',#12605,1.);
#12605 = DIRECTION('',(-0.951057030217,0.309015412682,0.));
#12606 = ORIENTED_EDGE('',*,*,#12607,.T.);
#12607 = EDGE_CURVE('',#12600,#12608,#12610,.T.);
#12608 = VERTEX_POINT('',#12609);
#12609 = CARTESIAN_POINT('',(63.86178,5.771094,0.));
#12610 = CIRCLE('',#12611,1.354188876298);
#12611 = AXIS2_PLACEMENT_3D('',#12612,#12613,#12614);
#12612 = CARTESIAN_POINT('',(64.379997994018,4.519983443988,0.));
#12613 = DIRECTION('',(0.,0.,1.));
#12614 = DIRECTION('',(0.233445283383,0.972369939717,-0.));
#12615 = ORIENTED_EDGE('',*,*,#12616,.T.);
#12616 = EDGE_CURVE('',#12608,#12565,#12617,.T.);
#12617 = LINE('',#12618,#12619);
#12618 = CARTESIAN_POINT('',(63.86178,5.771094,0.));
#12619 = VECTOR('',#12620,1.);
#12620 = DIRECTION('',(-0.891011196776,-0.453981329154,0.));
#12621 = FACE_BOUND('',#12622,.F.);
#12622 = EDGE_LOOP('',(#12623,#12633,#12642,#12651,#12659,#12667,#12675,
    #12683,#12692,#12700,#12709,#12717,#12726,#12734,#12743,#12751,
    #12760,#12768,#12777,#12785,#12794,#12802,#12811,#12819,#12828,
    #12836));
#12623 = ORIENTED_EDGE('',*,*,#12624,.T.);
#12624 = EDGE_CURVE('',#12625,#12627,#12629,.T.);
#12625 = VERTEX_POINT('',#12626);
#12626 = CARTESIAN_POINT('',(65.598525,5.102132,0.));
#12627 = VERTEX_POINT('',#12628);
#12628 = CARTESIAN_POINT('',(65.208096838234,4.711702496859,0.));
#12629 = LINE('',#12630,#12631);
#12630 = CARTESIAN_POINT('',(65.598525,5.102132,0.));
#12631 = VECTOR('',#12632,1.);
#12632 = DIRECTION('',(-0.707105566501,-0.70710799587,0.));
#12633 = ORIENTED_EDGE('',*,*,#12634,.F.);
#12634 = EDGE_CURVE('',#12635,#12627,#12637,.T.);
#12635 = VERTEX_POINT('',#12636);
#12636 = CARTESIAN_POINT('',(65.229997,4.519998,0.));
#12637 = CIRCLE('',#12638,0.849999);
#12638 = AXIS2_PLACEMENT_3D('',#12639,#12640,#12641);
#12639 = CARTESIAN_POINT('',(64.379998,4.519998,0.));
#12640 = DIRECTION('',(0.,0.,1.));
#12641 = DIRECTION('',(1.,0.,-0.));
#12642 = ORIENTED_EDGE('',*,*,#12643,.F.);
#12643 = EDGE_CURVE('',#12644,#12635,#12646,.T.);
#12644 = VERTEX_POINT('',#12645);
#12645 = CARTESIAN_POINT('',(65.208097214196,4.328295127178,0.));
#12646 = CIRCLE('',#12647,0.849999);
#12647 = AXIS2_PLACEMENT_3D('',#12648,#12649,#12650);
#12648 = CARTESIAN_POINT('',(64.379998,4.519998,0.));
#12649 = DIRECTION('',(0.,0.,1.));
#12650 = DIRECTION('',(1.,0.,-0.));
#12651 = ORIENTED_EDGE('',*,*,#12652,.T.);
#12652 = EDGE_CURVE('',#12644,#12653,#12655,.T.);
#12653 = VERTEX_POINT('',#12654);
#12654 = CARTESIAN_POINT('',(65.598525,3.937866,0.));
#12655 = LINE('',#12656,#12657);
#12656 = CARTESIAN_POINT('',(65.016394,4.519999,0.));
#12657 = VECTOR('',#12658,1.);
#12658 = DIRECTION('',(0.707105566501,-0.70710799587,0.));
#12659 = ORIENTED_EDGE('',*,*,#12660,.T.);
#12660 = EDGE_CURVE('',#12653,#12661,#12663,.T.);
#12661 = VERTEX_POINT('',#12662);
#12662 = CARTESIAN_POINT('',(65.673573,3.929822,0.));
#12663 = LINE('',#12664,#12665);
#12664 = CARTESIAN_POINT('',(65.598525,3.937866,0.));
#12665 = VECTOR('',#12666,1.);
#12666 = DIRECTION('',(0.994304742331,-0.106574290418,0.));
#12667 = ORIENTED_EDGE('',*,*,#12668,.T.);
#12668 = EDGE_CURVE('',#12661,#12669,#12671,.T.);
#12669 = VERTEX_POINT('',#12670);
#12670 = CARTESIAN_POINT('',(65.727025,3.884826,0.));
#12671 = LINE('',#12672,#12673);
#12672 = CARTESIAN_POINT('',(65.673573,3.929822,0.));
#12673 = VECTOR('',#12674,1.);
#12674 = DIRECTION('',(0.765025499562,-0.643999988369,0.));
#12675 = ORIENTED_EDGE('',*,*,#12676,.T.);
#12676 = EDGE_CURVE('',#12669,#12677,#12679,.T.);
#12677 = VERTEX_POINT('',#12678);
#12678 = CARTESIAN_POINT('',(65.764948,3.812179,0.));
#12679 = LINE('',#12680,#12681);
#12680 = CARTESIAN_POINT('',(65.727025,3.884826,0.));
#12681 = VECTOR('',#12682,1.);
#12682 = DIRECTION('',(0.462759913919,-0.886483650199,0.));
#12683 = ORIENTED_EDGE('',*,*,#12684,.T.);
#12684 = EDGE_CURVE('',#12677,#12685,#12687,.T.);
#12685 = VERTEX_POINT('',#12686);
#12686 = CARTESIAN_POINT('',(68.07951,3.820942,0.));
#12687 = CIRCLE('',#12688,1.35394435347);
#12688 = AXIS2_PLACEMENT_3D('',#12689,#12690,#12691);
#12689 = CARTESIAN_POINT('',(66.919568415827,4.519297807308,0.));
#12690 = DIRECTION('',(0.,0.,1.));
#12691 = DIRECTION('',(-0.852782769741,-0.52226578256,0.));
#12692 = ORIENTED_EDGE('',*,*,#12693,.T.);
#12693 = EDGE_CURVE('',#12685,#12694,#12696,.T.);
#12694 = VERTEX_POINT('',#12695);
#12695 = CARTESIAN_POINT('',(68.127481,3.871738,0.));
#12696 = LINE('',#12697,#12698);
#12697 = CARTESIAN_POINT('',(68.07951,3.820942,0.));
#12698 = VECTOR('',#12699,1.);
#12699 = DIRECTION('',(0.686600837569,0.727034586419,0.));
#12700 = ORIENTED_EDGE('',*,*,#12701,.T.);
#12701 = EDGE_CURVE('',#12694,#12702,#12704,.T.);
#12702 = VERTEX_POINT('',#12703);
#12703 = CARTESIAN_POINT('',(68.304947,3.812181,0.));
#12704 = CIRCLE('',#12705,0.1244636161);
#12705 = AXIS2_PLACEMENT_3D('',#12706,#12707,#12708);
#12706 = CARTESIAN_POINT('',(68.1901116636,3.764180612017,0.));
#12707 = DIRECTION('',(0.,0.,-1.));
#12708 = DIRECTION('',(-0.503204595546,0.864167307309,0.));
#12709 = ORIENTED_EDGE('',*,*,#12710,.T.);
#12710 = EDGE_CURVE('',#12702,#12711,#12713,.T.);
#12711 = VERTEX_POINT('',#12712);
#12712 = CARTESIAN_POINT('',(68.429888,3.640212,0.));
#12713 = LINE('',#12714,#12715);
#12714 = CARTESIAN_POINT('',(68.304947,3.812181,0.));
#12715 = VECTOR('',#12716,1.);
#12716 = DIRECTION('',(0.587779734522,-0.809021003241,0.));
#12717 = ORIENTED_EDGE('',*,*,#12718,.T.);
#12718 = EDGE_CURVE('',#12711,#12719,#12721,.T.);
#12719 = VERTEX_POINT('',#12720);
#12720 = CARTESIAN_POINT('',(70.619512,3.820944,0.));
#12721 = CIRCLE('',#12722,1.353791633834);
#12722 = AXIS2_PLACEMENT_3D('',#12723,#12724,#12725);
#12723 = CARTESIAN_POINT('',(69.459616823635,4.519080782934,0.));
#12724 = DIRECTION('',(0.,0.,1.));
#12725 = DIRECTION('',(-0.760625784574,-0.649190585145,0.));
#12726 = ORIENTED_EDGE('',*,*,#12727,.T.);
#12727 = EDGE_CURVE('',#12719,#12728,#12730,.T.);
#12728 = VERTEX_POINT('',#12729);
#12729 = CARTESIAN_POINT('',(70.667486,3.871739,0.));
#12730 = LINE('',#12731,#12732);
#12731 = CARTESIAN_POINT('',(70.619512,3.820944,0.));
#12732 = VECTOR('',#12733,1.);
#12733 = DIRECTION('',(0.686630677536,0.727006404832,0.));
#12734 = ORIENTED_EDGE('',*,*,#12735,.T.);
#12735 = EDGE_CURVE('',#12728,#12736,#12738,.T.);
#12736 = VERTEX_POINT('',#12737);
#12737 = CARTESIAN_POINT('',(70.844949,3.812178,0.));
#12738 = CIRCLE('',#12739,0.124462862612);
#12739 = AXIS2_PLACEMENT_3D('',#12740,#12741,#12742);
#12740 = CARTESIAN_POINT('',(70.730113269869,3.764180507828,0.));
#12741 = DIRECTION('',(0.,0.,-1.));
#12742 = DIRECTION('',(-0.503180374891,0.864181410541,0.));
#12743 = ORIENTED_EDGE('',*,*,#12744,.T.);
#12744 = EDGE_CURVE('',#12736,#12745,#12747,.T.);
#12745 = VERTEX_POINT('',#12746);
#12746 = CARTESIAN_POINT('',(70.969888,3.640212,0.));
#12747 = LINE('',#12748,#12749);
#12748 = CARTESIAN_POINT('',(70.844949,3.812178,0.));
#12749 = VECTOR('',#12750,1.);
#12750 = DIRECTION('',(0.587780287533,-0.809020601461,0.));
#12751 = ORIENTED_EDGE('',*,*,#12752,.T.);
#12752 = EDGE_CURVE('',#12745,#12753,#12755,.T.);
#12753 = VERTEX_POINT('',#12754);
#12754 = CARTESIAN_POINT('',(70.840482,5.219052,0.));
#12755 = CIRCLE('',#12756,1.35447226709);
#12756 = AXIS2_PLACEMENT_3D('',#12757,#12758,#12759);
#12757 = CARTESIAN_POINT('',(72.000250673396,4.519386546712,0.));
#12758 = DIRECTION('',(0.,0.,1.));
#12759 = DIRECTION('',(-0.760711532035,-0.649090105478,0.));
#12760 = ORIENTED_EDGE('',*,*,#12761,.T.);
#12761 = EDGE_CURVE('',#12753,#12762,#12764,.T.);
#12762 = VERTEX_POINT('',#12763);
#12763 = CARTESIAN_POINT('',(70.792507,5.168256,0.));
#12764 = LINE('',#12765,#12766);
#12765 = CARTESIAN_POINT('',(70.840482,5.219052,0.));
#12766 = VECTOR('',#12767,1.);
#12767 = DIRECTION('',(-0.686631097649,-0.72700600805,0.));
#12768 = ORIENTED_EDGE('',*,*,#12769,.T.);
#12769 = EDGE_CURVE('',#12762,#12770,#12772,.T.);
#12770 = VERTEX_POINT('',#12771);
#12771 = CARTESIAN_POINT('',(70.615048,5.227816,0.));
#12772 = CIRCLE('',#12773,0.12446321343);
#12773 = AXIS2_PLACEMENT_3D('',#12774,#12775,#12776);
#12774 = CARTESIAN_POINT('',(70.729882780372,5.275816674103,0.));
#12775 = DIRECTION('',(-0.,0.,-1.));
#12776 = DIRECTION('',(0.50315444943,-0.864196505443,-0.));
#12777 = ORIENTED_EDGE('',*,*,#12778,.T.);
#12778 = EDGE_CURVE('',#12770,#12779,#12781,.T.);
#12779 = VERTEX_POINT('',#12780);
#12780 = CARTESIAN_POINT('',(70.490107,5.399785,0.));
#12781 = LINE('',#12782,#12783);
#12782 = CARTESIAN_POINT('',(70.615048,5.227816,0.));
#12783 = VECTOR('',#12784,1.);
#12784 = DIRECTION('',(-0.587779734522,0.809021003241,0.));
#12785 = ORIENTED_EDGE('',*,*,#12786,.T.);
#12786 = EDGE_CURVE('',#12779,#12787,#12789,.T.);
#12787 = VERTEX_POINT('',#12788);
#12788 = CARTESIAN_POINT('',(68.300479,5.219048,0.));
#12789 = CIRCLE('',#12790,1.353794165072);
#12790 = AXIS2_PLACEMENT_3D('',#12791,#12792,#12793);
#12791 = CARTESIAN_POINT('',(69.460377951773,4.520912581146,0.));
#12792 = DIRECTION('',(0.,0.,1.));
#12793 = DIRECTION('',(0.760624528302,0.649192057056,-0.));
#12794 = ORIENTED_EDGE('',*,*,#12795,.T.);
#12795 = EDGE_CURVE('',#12787,#12796,#12798,.T.);
#12796 = VERTEX_POINT('',#12797);
#12797 = CARTESIAN_POINT('',(68.252503,5.168254,0.));
#12798 = LINE('',#12799,#12800);
#12799 = CARTESIAN_POINT('',(68.300479,5.219048,0.));
#12800 = VECTOR('',#12801,1.);
#12801 = DIRECTION('',(-0.686652951091,-0.726985367637,0.));
#12802 = ORIENTED_EDGE('',*,*,#12803,.T.);
#12803 = EDGE_CURVE('',#12796,#12804,#12806,.T.);
#12804 = VERTEX_POINT('',#12805);
#12805 = CARTESIAN_POINT('',(68.075045,5.227819,0.));
#12806 = CIRCLE('',#12807,0.124461918204);
#12807 = AXIS2_PLACEMENT_3D('',#12808,#12809,#12810);
#12808 = CARTESIAN_POINT('',(68.189880640258,5.275814258197,0.));
#12809 = DIRECTION('',(-0.,0.,-1.));
#12810 = DIRECTION('',(0.503144742147,-0.864202157166,-0.));
#12811 = ORIENTED_EDGE('',*,*,#12812,.T.);
#12812 = EDGE_CURVE('',#12804,#12813,#12815,.T.);
#12813 = VERTEX_POINT('',#12814);
#12814 = CARTESIAN_POINT('',(67.950106,5.399785,0.));
#12815 = LINE('',#12816,#12817);
#12816 = CARTESIAN_POINT('',(68.075045,5.227819,0.));
#12817 = VECTOR('',#12818,1.);
#12818 = DIRECTION('',(-0.587780287533,0.809020601461,0.));
#12819 = ORIENTED_EDGE('',*,*,#12820,.T.);
#12820 = EDGE_CURVE('',#12813,#12821,#12823,.T.);
#12821 = VERTEX_POINT('',#12822);
#12822 = CARTESIAN_POINT('',(65.764946,5.227816,0.));
#12823 = CIRCLE('',#12824,1.354679119488);
#12824 = AXIS2_PLACEMENT_3D('',#12825,#12826,#12827);
#12825 = CARTESIAN_POINT('',(66.919997432788,4.519994197289,0.));
#12826 = DIRECTION('',(0.,0.,1.));
#12827 = DIRECTION('',(0.760407798713,0.649445902025,-0.));
#12828 = ORIENTED_EDGE('',*,*,#12829,.T.);
#12829 = EDGE_CURVE('',#12821,#12830,#12832,.T.);
#12830 = VERTEX_POINT('',#12831);
#12831 = CARTESIAN_POINT('',(65.734161,5.167398,0.));
#12832 = LINE('',#12833,#12834);
#12833 = CARTESIAN_POINT('',(65.764946,5.227816,0.));
#12834 = VECTOR('',#12835,1.);
#12835 = DIRECTION('',(-0.453996252849,-0.891003592809,0.));
#12836 = ORIENTED_EDGE('',*,*,#12837,.T.);
#12837 = EDGE_CURVE('',#12830,#12625,#12838,.T.);
#12838 = CIRCLE('',#12839,0.124301090005);
#12839 = AXIS2_PLACEMENT_3D('',#12840,#12841,#12842);
#12840 = CARTESIAN_POINT('',(65.623448348989,5.223908794389,0.));
#12841 = DIRECTION('',(0.,0.,-1.));
#12842 = DIRECTION('',(0.890681256351,-0.454628309265,0.));
#12843 = FACE_BOUND('',#12844,.F.);
#12844 = EDGE_LOOP('',(#12845,#12855,#12864,#12872,#12880,#12889));
#12845 = ORIENTED_EDGE('',*,*,#12846,.T.);
#12846 = EDGE_CURVE('',#12847,#12849,#12851,.T.);
#12847 = VERTEX_POINT('',#12848);
#12848 = CARTESIAN_POINT('',(64.96213,3.30147,0.));
#12849 = VERTEX_POINT('',#12850);
#12850 = CARTESIAN_POINT('',(64.571701694636,3.691898976052,0.));
#12851 = LINE('',#12852,#12853);
#12852 = CARTESIAN_POINT('',(64.96213,3.30147,0.));
#12853 = VECTOR('',#12854,1.);
#12854 = DIRECTION('',(-0.707106173843,0.707107388529,0.));
#12855 = ORIENTED_EDGE('',*,*,#12856,.F.);
#12856 = EDGE_CURVE('',#12857,#12849,#12859,.T.);
#12857 = VERTEX_POINT('',#12858);
#12858 = CARTESIAN_POINT('',(64.188294592362,3.691898909612,0.));
#12859 = CIRCLE('',#12860,0.849999);
#12860 = AXIS2_PLACEMENT_3D('',#12861,#12862,#12863);
#12861 = CARTESIAN_POINT('',(64.379998,4.519998,0.));
#12862 = DIRECTION('',(0.,0.,1.));
#12863 = DIRECTION('',(1.,0.,-0.));
#12864 = ORIENTED_EDGE('',*,*,#12865,.T.);
#12865 = EDGE_CURVE('',#12857,#12866,#12868,.T.);
#12866 = VERTEX_POINT('',#12867);
#12867 = CARTESIAN_POINT('',(63.797864,3.301471,0.));
#12868 = LINE('',#12869,#12870);
#12869 = CARTESIAN_POINT('',(64.379999,3.883602,0.));
#12870 = VECTOR('',#12871,1.);
#12871 = DIRECTION('',(-0.707109210547,-0.707104351817,0.));
#12872 = ORIENTED_EDGE('',*,*,#12873,.T.);
#12873 = EDGE_CURVE('',#12866,#12874,#12876,.T.);
#12874 = VERTEX_POINT('',#12875);
#12875 = CARTESIAN_POINT('',(63.861779,3.268904,0.));
#12876 = LINE('',#12877,#12878);
#12877 = CARTESIAN_POINT('',(63.797864,3.301471,0.));
#12878 = VECTOR('',#12879,1.);
#12879 = DIRECTION('',(0.891002684571,-0.453998035335,0.));
#12880 = ORIENTED_EDGE('',*,*,#12881,.T.);
#12881 = EDGE_CURVE('',#12874,#12882,#12884,.T.);
#12882 = VERTEX_POINT('',#12883);
#12883 = CARTESIAN_POINT('',(64.898223,3.268907,0.));
#12884 = CIRCLE('',#12885,1.354166275402);
#12885 = AXIS2_PLACEMENT_3D('',#12886,#12887,#12888);
#12886 = CARTESIAN_POINT('',(64.379997378721,4.519989933656,0.));
#12887 = DIRECTION('',(0.,0.,1.));
#12888 = DIRECTION('',(-0.38268445178,-0.923879110255,0.));
#12889 = ORIENTED_EDGE('',*,*,#12890,.T.);
#12890 = EDGE_CURVE('',#12882,#12847,#12891,.T.);
#12891 = LINE('',#12892,#12893);
#12892 = CARTESIAN_POINT('',(64.898223,3.268907,0.));
#12893 = VECTOR('',#12894,1.);
#12894 = DIRECTION('',(0.891002254317,0.453998879737,0.));
#12895 = FACE_BOUND('',#12896,.F.);
#12896 = EDGE_LOOP('',(#12897));
#12897 = ORIENTED_EDGE('',*,*,#11988,.F.);
#12898 = FACE_BOUND('',#12899,.F.);
#12899 = EDGE_LOOP('',(#12900));
#12900 = ORIENTED_EDGE('',*,*,#11963,.F.);
#12901 = FACE_BOUND('',#12902,.F.);
#12902 = EDGE_LOOP('',(#12903));
#12903 = ORIENTED_EDGE('',*,*,#11938,.F.);
#12904 = FACE_BOUND('',#12905,.F.);
#12905 = EDGE_LOOP('',(#12906));
#12906 = ORIENTED_EDGE('',*,*,#11913,.F.);
#12907 = FACE_BOUND('',#12908,.F.);
#12908 = EDGE_LOOP('',(#12909,#12919,#12928,#12936,#12944,#12952,#12961,
    #12969,#12977,#12985,#12994,#13002,#13010,#13018,#13027,#13035,
    #13044,#13052,#13061,#13069,#13078,#13086,#13095,#13103,#13112,
    #13120,#13129,#13137,#13145,#13154,#13162,#13170,#13179,#13187,
    #13196,#13204,#13213,#13221,#13230,#13238,#13247,#13255));
#12909 = ORIENTED_EDGE('',*,*,#12910,.T.);
#12910 = EDGE_CURVE('',#12911,#12913,#12915,.T.);
#12911 = VERTEX_POINT('',#12912);
#12912 = CARTESIAN_POINT('',(-70.65719,5.480916,0.));
#12913 = VERTEX_POINT('',#12914);
#12914 = CARTESIAN_POINT('',(-70.706207,5.612334,0.));
#12915 = LINE('',#12916,#12917);
#12916 = CARTESIAN_POINT('',(-70.65719,5.480916,0.));
#12917 = VECTOR('',#12918,1.);
#12918 = DIRECTION('',(-0.349468061455,0.936948277133,0.));
#12919 = ORIENTED_EDGE('',*,*,#12920,.T.);
#12920 = EDGE_CURVE('',#12913,#12921,#12923,.T.);
#12921 = VERTEX_POINT('',#12922);
#12922 = CARTESIAN_POINT('',(-71.042517,5.86409,0.));
#12923 = CIRCLE('',#12924,0.505656938024);
#12924 = AXIS2_PLACEMENT_3D('',#12925,#12926,#12927);
#12925 = CARTESIAN_POINT('',(-71.1500068344,5.369989934758,0.));
#12926 = DIRECTION('',(0.,0.,1.));
#12927 = DIRECTION('',(0.877669821232,0.479265776891,-0.));
#12928 = ORIENTED_EDGE('',*,*,#12929,.T.);
#12929 = EDGE_CURVE('',#12921,#12930,#12932,.T.);
#12930 = VERTEX_POINT('',#12931);
#12931 = CARTESIAN_POINT('',(-71.102119,5.870498,0.));
#12932 = LINE('',#12933,#12934);
#12933 = CARTESIAN_POINT('',(-71.042517,5.86409,0.));
#12934 = VECTOR('',#12935,1.);
#12935 = DIRECTION('',(-0.994270085898,0.106897129466,0.));
#12936 = ORIENTED_EDGE('',*,*,#12937,.T.);
#12937 = EDGE_CURVE('',#12930,#12938,#12940,.T.);
#12938 = VERTEX_POINT('',#12939);
#12939 = CARTESIAN_POINT('',(-72.897871,5.870498,0.));
#12940 = LINE('',#12941,#12942);
#12941 = CARTESIAN_POINT('',(-71.102119,5.870498,0.));
#12942 = VECTOR('',#12943,1.);
#12943 = DIRECTION('',(-1.,0.,0.));
#12944 = ORIENTED_EDGE('',*,*,#12945,.T.);
#12945 = EDGE_CURVE('',#12938,#12946,#12948,.T.);
#12946 = VERTEX_POINT('',#12947);
#12947 = CARTESIAN_POINT('',(-72.957484,5.86409,0.));
#12948 = LINE('',#12949,#12950);
#12949 = CARTESIAN_POINT('',(-72.897871,5.870498,0.));
#12950 = VECTOR('',#12951,1.);
#12951 = DIRECTION('',(-0.994272182179,-0.106877629769,0.));
#12952 = ORIENTED_EDGE('',*,*,#12953,.T.);
#12953 = EDGE_CURVE('',#12946,#12954,#12956,.T.);
#12954 = VERTEX_POINT('',#12955);
#12955 = CARTESIAN_POINT('',(-73.344092,5.477481,0.));
#12956 = CIRCLE('',#12957,0.505650896169);
#12957 = AXIS2_PLACEMENT_3D('',#12958,#12959,#12960);
#12958 = CARTESIAN_POINT('',(-72.84999718339,5.369995461421,0.));
#12959 = DIRECTION('',(0.,0.,1.));
#12960 = DIRECTION('',(-0.212571197671,0.97714558072,0.));
#12961 = ORIENTED_EDGE('',*,*,#12962,.T.);
#12962 = EDGE_CURVE('',#12954,#12963,#12965,.T.);
#12963 = VERTEX_POINT('',#12964);
#12964 = CARTESIAN_POINT('',(-73.3505,5.417863,0.));
#12965 = LINE('',#12966,#12967);
#12966 = CARTESIAN_POINT('',(-73.344092,5.477481,0.));
#12967 = VECTOR('',#12968,1.);
#12968 = DIRECTION('',(-0.106868768608,-0.994273134655,0.));
#12969 = ORIENTED_EDGE('',*,*,#12970,.T.);
#12970 = EDGE_CURVE('',#12963,#12971,#12973,.T.);
#12971 = VERTEX_POINT('',#12972);
#12972 = CARTESIAN_POINT('',(-73.3505,3.622128,0.));
#12973 = LINE('',#12974,#12975);
#12974 = CARTESIAN_POINT('',(-73.3505,5.417863,0.));
#12975 = VECTOR('',#12976,1.);
#12976 = DIRECTION('',(0.,-1.,0.));
#12977 = ORIENTED_EDGE('',*,*,#12978,.T.);
#12978 = EDGE_CURVE('',#12971,#12979,#12981,.T.);
#12979 = VERTEX_POINT('',#12980);
#12980 = CARTESIAN_POINT('',(-73.344092,3.562515,0.));
#12981 = LINE('',#12982,#12983);
#12982 = CARTESIAN_POINT('',(-73.3505,3.622128,0.));
#12983 = VECTOR('',#12984,1.);
#12984 = DIRECTION('',(0.106877629769,-0.994272182179,0.));
#12985 = ORIENTED_EDGE('',*,*,#12986,.T.);
#12986 = EDGE_CURVE('',#12979,#12987,#12989,.T.);
#12987 = VERTEX_POINT('',#12988);
#12988 = CARTESIAN_POINT('',(-72.957484,3.175907,0.));
#12989 = CIRCLE('',#12990,0.505651565713);
#12990 = AXIS2_PLACEMENT_3D('',#12991,#12992,#12993);
#12991 = CARTESIAN_POINT('',(-72.84999684897,3.67000215103,0.));
#12992 = DIRECTION('',(0.,0.,1.));
#12993 = DIRECTION('',(-0.977145498073,-0.212571577582,0.));
#12994 = ORIENTED_EDGE('',*,*,#12995,.T.);
#12995 = EDGE_CURVE('',#12987,#12996,#12998,.T.);
#12996 = VERTEX_POINT('',#12997);
#12997 = CARTESIAN_POINT('',(-72.897873,3.169498,0.));
#12998 = LINE('',#12999,#13000);
#12999 = CARTESIAN_POINT('',(-72.957484,3.175907,0.));
#13000 = VECTOR('',#13001,1.);
#13001 = DIRECTION('',(0.994270028494,-0.106897663395,0.));
#13002 = ORIENTED_EDGE('',*,*,#13003,.T.);
#13003 = EDGE_CURVE('',#12996,#13004,#13006,.T.);
#13004 = VERTEX_POINT('',#13005);
#13005 = CARTESIAN_POINT('',(-71.102128,3.169499,0.));
#13006 = LINE('',#13007,#13008);
#13007 = CARTESIAN_POINT('',(-72.897873,3.169498,0.));
#13008 = VECTOR('',#13009,1.);
#13009 = DIRECTION('',(1.,5.568719390223E-07,0.));
#13010 = ORIENTED_EDGE('',*,*,#13011,.T.);
#13011 = EDGE_CURVE('',#13004,#13012,#13014,.T.);
#13012 = VERTEX_POINT('',#13013);
#13013 = CARTESIAN_POINT('',(-71.042517,3.175907,0.));
#13014 = LINE('',#13015,#13016);
#13015 = CARTESIAN_POINT('',(-71.102128,3.169499,0.));
#13016 = VECTOR('',#13017,1.);
#13017 = DIRECTION('',(0.994271801122,0.106881174642,0.));
#13018 = ORIENTED_EDGE('',*,*,#13019,.T.);
#13019 = EDGE_CURVE('',#13012,#13020,#13022,.T.);
#13020 = VERTEX_POINT('',#13021);
#13021 = CARTESIAN_POINT('',(-70.65719,3.559082,0.));
#13022 = CIRCLE('',#13023,0.504020426174);
#13023 = AXIS2_PLACEMENT_3D('',#13024,#13025,#13026);
#13024 = CARTESIAN_POINT('',(-71.14918803477,3.668510167205,0.));
#13025 = DIRECTION('',(0.,0.,1.));
#13026 = DIRECTION('',(0.211640301139,-0.977347626453,0.));
#13027 = ORIENTED_EDGE('',*,*,#13028,.T.);
#13028 = EDGE_CURVE('',#13020,#13029,#13031,.T.);
#13029 = VERTEX_POINT('',#13030);
#13030 = CARTESIAN_POINT('',(-70.615319,3.615014,0.));
#13031 = LINE('',#13032,#13033);
#13032 = CARTESIAN_POINT('',(-70.65719,3.559082,0.));
#13033 = VECTOR('',#13034,1.);
#13034 = DIRECTION('',(0.599285272855,0.80053554683,0.));
#13035 = ORIENTED_EDGE('',*,*,#13036,.T.);
#13036 = EDGE_CURVE('',#13029,#13037,#13039,.T.);
#13037 = VERTEX_POINT('',#13038);
#13038 = CARTESIAN_POINT('',(-70.453327,3.603429,0.));
#13039 = CIRCLE('',#13040,0.123998025781);
#13040 = AXIS2_PLACEMENT_3D('',#13041,#13042,#13043);
#13041 = CARTESIAN_POINT('',(-70.54100769588,3.51575000613,0.));
#13042 = DIRECTION('',(0.,0.,-1.));
#13043 = DIRECTION('',(-0.599294252007,0.80052882491,0.));
#13044 = ORIENTED_EDGE('',*,*,#13045,.T.);
#13045 = EDGE_CURVE('',#13037,#13046,#13048,.T.);
#13046 = VERTEX_POINT('',#13047);
#13047 = CARTESIAN_POINT('',(-70.339787,3.489889,0.));
#13048 = LINE('',#13049,#13050);
#13049 = CARTESIAN_POINT('',(-70.453327,3.603429,0.));
#13050 = VECTOR('',#13051,1.);
#13051 = DIRECTION('',(0.707106781187,-0.707106781187,0.));
#13052 = ORIENTED_EDGE('',*,*,#13053,.T.);
#13053 = EDGE_CURVE('',#13046,#13054,#13056,.T.);
#13054 = VERTEX_POINT('',#13055);
#13055 = CARTESIAN_POINT('',(-68.300488,3.82094,0.));
#13056 = CIRCLE('',#13057,1.353701359343);
#13057 = AXIS2_PLACEMENT_3D('',#13058,#13059,#13060);
#13058 = CARTESIAN_POINT('',(-69.46032734766,4.518994480602,0.));
#13059 = DIRECTION('',(0.,0.,1.));
#13060 = DIRECTION('',(-0.649670362124,-0.760216035464,0.));
#13061 = ORIENTED_EDGE('',*,*,#13062,.T.);
#13062 = EDGE_CURVE('',#13054,#13063,#13065,.T.);
#13063 = VERTEX_POINT('',#13064);
#13064 = CARTESIAN_POINT('',(-68.252517,3.871736,0.));
#13065 = LINE('',#13066,#13067);
#13066 = CARTESIAN_POINT('',(-68.300488,3.82094,0.));
#13067 = VECTOR('',#13068,1.);
#13068 = DIRECTION('',(0.686600837569,0.727034586419,0.));
#13069 = ORIENTED_EDGE('',*,*,#13070,.T.);
#13070 = EDGE_CURVE('',#13063,#13071,#13073,.T.);
#13071 = VERTEX_POINT('',#13072);
#13072 = CARTESIAN_POINT('',(-68.075052,3.812181,0.));
#13073 = CIRCLE('',#13074,0.124463436203);
#13074 = AXIS2_PLACEMENT_3D('',#13075,#13076,#13077);
#13075 = CARTESIAN_POINT('',(-68.18988638146,3.764178793951,0.));
#13076 = DIRECTION('',(0.,0.,-1.));
#13077 = DIRECTION('',(-0.503204960815,0.864167094612,0.));
#13078 = ORIENTED_EDGE('',*,*,#13079,.T.);
#13079 = EDGE_CURVE('',#13071,#13080,#13082,.T.);
#13080 = VERTEX_POINT('',#13081);
#13081 = CARTESIAN_POINT('',(-67.950111,3.640212,0.));
#13082 = LINE('',#13083,#13084);
#13083 = CARTESIAN_POINT('',(-68.075052,3.812181,0.));
#13084 = VECTOR('',#13085,1.);
#13085 = DIRECTION('',(0.587779734522,-0.809021003241,0.));
#13086 = ORIENTED_EDGE('',*,*,#13087,.T.);
#13087 = EDGE_CURVE('',#13080,#13088,#13090,.T.);
#13088 = VERTEX_POINT('',#13089);
#13089 = CARTESIAN_POINT('',(-65.760206,3.821494,0.));
#13090 = CIRCLE('',#13091,1.353740377985);
#13091 = AXIS2_PLACEMENT_3D('',#13092,#13093,#13094);
#13092 = CARTESIAN_POINT('',(-66.92040419453,4.519027626714,0.));
#13093 = DIRECTION('',(0.,0.,1.));
#13094 = DIRECTION('',(-0.760638318998,-0.649175898869,0.));
#13095 = ORIENTED_EDGE('',*,*,#13096,.T.);
#13096 = EDGE_CURVE('',#13088,#13097,#13099,.T.);
#13097 = VERTEX_POINT('',#13098);
#13098 = CARTESIAN_POINT('',(-65.712234,3.87229,0.));
#13099 = LINE('',#13100,#13101);
#13100 = CARTESIAN_POINT('',(-65.760206,3.821494,0.));
#13101 = VECTOR('',#13102,1.);
#13102 = DIRECTION('',(0.686608402923,0.727027441735,0.));
#13103 = ORIENTED_EDGE('',*,*,#13104,.T.);
#13104 = EDGE_CURVE('',#13097,#13105,#13107,.T.);
#13105 = VERTEX_POINT('',#13106);
#13106 = CARTESIAN_POINT('',(-65.534623,3.812443,0.));
#13107 = CIRCLE('',#13108,0.12449230214);
#13108 = AXIS2_PLACEMENT_3D('',#13109,#13110,#13111);
#13109 = CARTESIAN_POINT('',(-65.64959775381,3.764702668235,0.));
#13110 = DIRECTION('',(0.,0.,-1.));
#13111 = DIRECTION('',(-0.503133487825,0.864208709415,0.));
#13112 = ORIENTED_EDGE('',*,*,#13113,.T.);
#13113 = EDGE_CURVE('',#13105,#13114,#13116,.T.);
#13114 = VERTEX_POINT('',#13115);
#13115 = CARTESIAN_POINT('',(-65.409724,3.640534,0.));
#13116 = LINE('',#13117,#13118);
#13117 = CARTESIAN_POINT('',(-65.534623,3.812443,0.));
#13118 = VECTOR('',#13119,1.);
#13119 = DIRECTION('',(0.587784637962,-0.809017440712,0.));
#13120 = ORIENTED_EDGE('',*,*,#13121,.T.);
#13121 = EDGE_CURVE('',#13114,#13122,#13124,.T.);
#13122 = VERTEX_POINT('',#13123);
#13123 = CARTESIAN_POINT('',(-64.898221,3.268904,0.));
#13124 = CIRCLE('',#13125,1.354190811331);
#13125 = AXIS2_PLACEMENT_3D('',#13126,#13127,#13128);
#13126 = CARTESIAN_POINT('',(-64.37998970983,4.520011143047,0.));
#13127 = DIRECTION('',(0.,0.,1.));
#13128 = DIRECTION('',(-0.760405610165,-0.649448464491,0.));
#13129 = ORIENTED_EDGE('',*,*,#13130,.T.);
#13130 = EDGE_CURVE('',#13122,#13131,#13133,.T.);
#13131 = VERTEX_POINT('',#13132);
#13132 = CARTESIAN_POINT('',(-64.83,3.246739,0.));
#13133 = LINE('',#13134,#13135);
#13134 = CARTESIAN_POINT('',(-64.898221,3.268904,0.));
#13135 = VECTOR('',#13136,1.);
#13136 = DIRECTION('',(0.951062033322,-0.309000014198,0.));
#13137 = ORIENTED_EDGE('',*,*,#13138,.T.);
#13138 = EDGE_CURVE('',#13131,#13139,#13141,.T.);
#13139 = VERTEX_POINT('',#13140);
#13140 = CARTESIAN_POINT('',(-64.83,3.798888923645,0.));
#13141 = LINE('',#13142,#13143);
#13142 = CARTESIAN_POINT('',(-64.83,3.246739,0.));
#13143 = VECTOR('',#13144,1.);
#13144 = DIRECTION('',(0.,1.,0.));
#13145 = ORIENTED_EDGE('',*,*,#13146,.F.);
#13146 = EDGE_CURVE('',#13147,#13139,#13149,.T.);
#13147 = VERTEX_POINT('',#13148);
#13148 = CARTESIAN_POINT('',(-64.83,5.241107076355,0.));
#13149 = CIRCLE('',#13150,0.849999);
#13150 = AXIS2_PLACEMENT_3D('',#13151,#13152,#13153);
#13151 = CARTESIAN_POINT('',(-64.38,4.519998,0.));
#13152 = DIRECTION('',(0.,0.,1.));
#13153 = DIRECTION('',(1.,0.,-0.));
#13154 = ORIENTED_EDGE('',*,*,#13155,.T.);
#13155 = EDGE_CURVE('',#13147,#13156,#13158,.T.);
#13156 = VERTEX_POINT('',#13157);
#13157 = CARTESIAN_POINT('',(-64.83,5.793258,0.));
#13158 = LINE('',#13159,#13160);
#13159 = CARTESIAN_POINT('',(-64.83,4.740574,0.));
#13160 = VECTOR('',#13161,1.);
#13161 = DIRECTION('',(0.,1.,0.));
#13162 = ORIENTED_EDGE('',*,*,#13163,.T.);
#13163 = EDGE_CURVE('',#13156,#13164,#13166,.T.);
#13164 = VERTEX_POINT('',#13165);
#13165 = CARTESIAN_POINT('',(-64.898223,5.771091,0.));
#13166 = LINE('',#13167,#13168);
#13167 = CARTESIAN_POINT('',(-64.83,5.793258,0.));
#13168 = VECTOR('',#13169,1.);
#13169 = DIRECTION('',(-0.951056501694,-0.309017039313,0.));
#13170 = ORIENTED_EDGE('',*,*,#13171,.T.);
#13171 = EDGE_CURVE('',#13164,#13172,#13174,.T.);
#13172 = VERTEX_POINT('',#13173);
#13173 = CARTESIAN_POINT('',(-65.539237,5.218498,0.));
#13174 = CIRCLE('',#13175,1.346711871585);
#13175 = AXIS2_PLACEMENT_3D('',#13176,#13177,#13178);
#13176 = CARTESIAN_POINT('',(-64.38394970206,4.52644010915,0.));
#13177 = DIRECTION('',(0.,0.,1.));
#13178 = DIRECTION('',(-0.381873293605,0.924214686981,0.));
#13179 = ORIENTED_EDGE('',*,*,#13180,.T.);
#13180 = EDGE_CURVE('',#13172,#13181,#13183,.T.);
#13181 = VERTEX_POINT('',#13182);
#13182 = CARTESIAN_POINT('',(-65.587212,5.167704,0.));
#13183 = LINE('',#13184,#13185);
#13184 = CARTESIAN_POINT('',(-65.539237,5.218498,0.));
#13185 = VECTOR('',#13186,1.);
#13186 = DIRECTION('',(-0.686645386752,-0.726992512239,0.));
#13187 = ORIENTED_EDGE('',*,*,#13188,.T.);
#13188 = EDGE_CURVE('',#13181,#13189,#13191,.T.);
#13189 = VERTEX_POINT('',#13190);
#13190 = CARTESIAN_POINT('',(-65.764951,5.227816,0.));
#13191 = CIRCLE('',#13192,0.124518666712);
#13192 = AXIS2_PLACEMENT_3D('',#13193,#13194,#13195);
#13193 = CARTESIAN_POINT('',(-65.64985017332,5.275320716181,0.));
#13194 = DIRECTION('',(-0.,0.,-1.));
#13195 = DIRECTION('',(0.503042435191,-0.864261712907,-0.));
#13196 = ORIENTED_EDGE('',*,*,#13197,.T.);
#13197 = EDGE_CURVE('',#13189,#13198,#13200,.T.);
#13198 = VERTEX_POINT('',#13199);
#13199 = CARTESIAN_POINT('',(-65.889892,5.399785,0.));
#13200 = LINE('',#13201,#13202);
#13201 = CARTESIAN_POINT('',(-65.764951,5.227816,0.));
#13202 = VECTOR('',#13203,1.);
#13203 = DIRECTION('',(-0.587779734522,0.809021003241,0.));
#13204 = ORIENTED_EDGE('',*,*,#13205,.T.);
#13205 = EDGE_CURVE('',#13198,#13206,#13208,.T.);
#13206 = VERTEX_POINT('',#13207);
#13207 = CARTESIAN_POINT('',(-68.079519,5.219049,0.));
#13208 = CIRCLE('',#13209,1.353793755721);
#13209 = AXIS2_PLACEMENT_3D('',#13210,#13211,#13212);
#13210 = CARTESIAN_POINT('',(-66.91962087238,4.520913005672,0.));
#13211 = DIRECTION('',(0.,0.,1.));
#13212 = DIRECTION('',(0.760624628404,0.649191939772,-0.));
#13213 = ORIENTED_EDGE('',*,*,#13214,.T.);
#13214 = EDGE_CURVE('',#13206,#13215,#13217,.T.);
#13215 = VERTEX_POINT('',#13216);
#13216 = CARTESIAN_POINT('',(-68.127495,5.168256,0.));
#13217 = LINE('',#13218,#13219);
#13218 = CARTESIAN_POINT('',(-68.079519,5.219049,0.));
#13219 = VECTOR('',#13220,1.);
#13220 = DIRECTION('',(-0.686660095704,-0.726978619333,0.));
#13221 = ORIENTED_EDGE('',*,*,#13222,.T.);
#13222 = EDGE_CURVE('',#13215,#13223,#13225,.T.);
#13223 = VERTEX_POINT('',#13224);
#13224 = CARTESIAN_POINT('',(-68.304952,5.227819,0.));
#13225 = CIRCLE('',#13226,0.124461738195);
#13226 = AXIS2_PLACEMENT_3D('',#13227,#13228,#13229);
#13227 = CARTESIAN_POINT('',(-68.19011731466,5.275816076146,0.));
#13228 = DIRECTION('',(-0.,0.,-1.));
#13229 = DIRECTION('',(0.503145107672,-0.864201944354,-0.));
#13230 = ORIENTED_EDGE('',*,*,#13231,.T.);
#13231 = EDGE_CURVE('',#13223,#13232,#13234,.T.);
#13232 = VERTEX_POINT('',#13233);
#13233 = CARTESIAN_POINT('',(-68.429891,5.399785,0.));
#13234 = LINE('',#13235,#13236);
#13235 = CARTESIAN_POINT('',(-68.304952,5.227819,0.));
#13236 = VECTOR('',#13237,1.);
#13237 = DIRECTION('',(-0.587780287533,0.809020601461,0.));
#13238 = ORIENTED_EDGE('',*,*,#13239,.T.);
#13239 = EDGE_CURVE('',#13232,#13240,#13242,.T.);
#13240 = VERTEX_POINT('',#13241);
#13241 = CARTESIAN_POINT('',(-70.339785,5.550109,0.));
#13242 = CIRCLE('',#13243,1.35467962191);
#13243 = AXIS2_PLACEMENT_3D('',#13244,#13245,#13246);
#13244 = CARTESIAN_POINT('',(-69.46000043741,4.519994442557,0.));
#13245 = DIRECTION('',(0.,0.,1.));
#13246 = DIRECTION('',(0.760408159062,0.649445480107,-0.));
#13247 = ORIENTED_EDGE('',*,*,#13248,.T.);
#13248 = EDGE_CURVE('',#13240,#13249,#13251,.T.);
#13249 = VERTEX_POINT('',#13250);
#13250 = CARTESIAN_POINT('',(-70.453327,5.436567,0.));
#13251 = LINE('',#13252,#13253);
#13252 = CARTESIAN_POINT('',(-70.339785,5.550109,0.));
#13253 = VECTOR('',#13254,1.);
#13254 = DIRECTION('',(-0.707106781187,-0.707106781187,0.));
#13255 = ORIENTED_EDGE('',*,*,#13256,.T.);
#13256 = EDGE_CURVE('',#13249,#12911,#13257,.T.);
#13257 = CIRCLE('',#13258,0.123999945854);
#13258 = AXIS2_PLACEMENT_3D('',#13259,#13260,#13261);
#13259 = CARTESIAN_POINT('',(-70.54100789934,5.52424850581,0.));
#13260 = DIRECTION('',(-0.,0.,-1.));
#13261 = DIRECTION('',(0.707104335769,-0.707109226596,-0.));
#13262 = FACE_BOUND('',#13263,.F.);
#13263 = EDGE_LOOP('',(#13264,#13274,#13283,#13292,#13300,#13308,#13317,
    #13325,#13334,#13342,#13351,#13359,#13368,#13376,#13385));
#13264 = ORIENTED_EDGE('',*,*,#13265,.T.);
#13265 = EDGE_CURVE('',#13266,#13268,#13270,.T.);
#13266 = VERTEX_POINT('',#13267);
#13267 = CARTESIAN_POINT('',(-63.93,5.793258,0.));
#13268 = VERTEX_POINT('',#13269);
#13269 = CARTESIAN_POINT('',(-63.93,5.241107076355,0.));
#13270 = LINE('',#13271,#13272);
#13271 = CARTESIAN_POINT('',(-63.93,5.793258,0.));
#13272 = VECTOR('',#13273,1.);
#13273 = DIRECTION('',(0.,-1.,0.));
#13274 = ORIENTED_EDGE('',*,*,#13275,.F.);
#13275 = EDGE_CURVE('',#13276,#13268,#13278,.T.);
#13276 = VERTEX_POINT('',#13277);
#13277 = CARTESIAN_POINT('',(-63.530001,4.519998,0.));
#13278 = CIRCLE('',#13279,0.849999);
#13279 = AXIS2_PLACEMENT_3D('',#13280,#13281,#13282);
#13280 = CARTESIAN_POINT('',(-64.38,4.519998,0.));
#13281 = DIRECTION('',(0.,0.,1.));
#13282 = DIRECTION('',(1.,0.,-0.));
#13283 = ORIENTED_EDGE('',*,*,#13284,.F.);
#13284 = EDGE_CURVE('',#13285,#13276,#13287,.T.);
#13285 = VERTEX_POINT('',#13286);
#13286 = CARTESIAN_POINT('',(-63.93,3.798888923645,0.));
#13287 = CIRCLE('',#13288,0.849999);
#13288 = AXIS2_PLACEMENT_3D('',#13289,#13290,#13291);
#13289 = CARTESIAN_POINT('',(-64.38,4.519998,0.));
#13290 = DIRECTION('',(0.,0.,1.));
#13291 = DIRECTION('',(1.,0.,-0.));
#13292 = ORIENTED_EDGE('',*,*,#13293,.T.);
#13293 = EDGE_CURVE('',#13285,#13294,#13296,.T.);
#13294 = VERTEX_POINT('',#13295);
#13295 = CARTESIAN_POINT('',(-63.93,3.246739,0.));
#13296 = LINE('',#13297,#13298);
#13297 = CARTESIAN_POINT('',(-63.93,4.299423,0.));
#13298 = VECTOR('',#13299,1.);
#13299 = DIRECTION('',(0.,-1.,0.));
#13300 = ORIENTED_EDGE('',*,*,#13301,.T.);
#13301 = EDGE_CURVE('',#13294,#13302,#13304,.T.);
#13302 = VERTEX_POINT('',#13303);
#13303 = CARTESIAN_POINT('',(-63.86178,3.268904,0.));
#13304 = LINE('',#13305,#13306);
#13305 = CARTESIAN_POINT('',(-63.93,3.246739,0.));
#13306 = VECTOR('',#13307,1.);
#13307 = DIRECTION('',(0.951060702204,0.309004111175,0.));
#13308 = ORIENTED_EDGE('',*,*,#13309,.T.);
#13309 = EDGE_CURVE('',#13302,#13310,#13312,.T.);
#13310 = VERTEX_POINT('',#13311);
#13311 = CARTESIAN_POINT('',(-63.220768,3.821491,0.));
#13312 = CIRCLE('',#13313,1.346729336972);
#13313 = AXIS2_PLACEMENT_3D('',#13314,#13315,#13316);
#13314 = CARTESIAN_POINT('',(-64.37606319142,4.513569700531,0.));
#13315 = DIRECTION('',(0.,0.,1.));
#13316 = DIRECTION('',(0.381875687495,-0.924213697853,0.));
#13317 = ORIENTED_EDGE('',*,*,#13318,.T.);
#13318 = EDGE_CURVE('',#13310,#13319,#13321,.T.);
#13319 = VERTEX_POINT('',#13320);
#13320 = CARTESIAN_POINT('',(-63.172795,3.872289,0.));
#13321 = LINE('',#13322,#13323);
#13322 = CARTESIAN_POINT('',(-63.220768,3.821491,0.));
#13323 = VECTOR('',#13324,1.);
#13324 = DIRECTION('',(0.686601679035,0.72703379175,0.));
#13325 = ORIENTED_EDGE('',*,*,#13326,.T.);
#13326 = EDGE_CURVE('',#13319,#13327,#13329,.T.);
#13327 = VERTEX_POINT('',#13328);
#13328 = CARTESIAN_POINT('',(-62.995051,3.812181,0.));
#13329 = CIRCLE('',#13330,0.124519597009);
#13330 = AXIS2_PLACEMENT_3D('',#13331,#13332,#13333);
#13331 = CARTESIAN_POINT('',(-63.11015191731,3.764674065017,0.));
#13332 = DIRECTION('',(0.,0.,-1.));
#13333 = DIRECTION('',(-0.503078103252,0.864240951372,0.));
#13334 = ORIENTED_EDGE('',*,*,#13335,.T.);
#13335 = EDGE_CURVE('',#13327,#13336,#13338,.T.);
#13336 = VERTEX_POINT('',#13337);
#13337 = CARTESIAN_POINT('',(-62.87011,3.640212,0.));
#13338 = LINE('',#13339,#13340);
#13339 = CARTESIAN_POINT('',(-62.995051,3.812181,0.));
#13340 = VECTOR('',#13341,1.);
#13341 = DIRECTION('',(0.587779734522,-0.809021003241,0.));
#13342 = ORIENTED_EDGE('',*,*,#13343,.T.);
#13343 = EDGE_CURVE('',#13336,#13344,#13346,.T.);
#13344 = VERTEX_POINT('',#13345);
#13345 = CARTESIAN_POINT('',(-62.999798,5.218499,0.));
#13346 = CIRCLE('',#13347,1.354460056435);
#13347 = AXIS2_PLACEMENT_3D('',#13348,#13349,#13350);
#13348 = CARTESIAN_POINT('',(-61.8397321827,4.51934998582,0.));
#13349 = DIRECTION('',(0.,0.,1.));
#13350 = DIRECTION('',(-0.760729570722,-0.649068964155,0.));
#13351 = ORIENTED_EDGE('',*,*,#13352,.T.);
#13352 = EDGE_CURVE('',#13344,#13353,#13355,.T.);
#13353 = VERTEX_POINT('',#13354);
#13354 = CARTESIAN_POINT('',(-63.047773,5.167705,0.));
#13355 = LINE('',#13356,#13357);
#13356 = CARTESIAN_POINT('',(-62.999798,5.218499,0.));
#13357 = VECTOR('',#13358,1.);
#13358 = DIRECTION('',(-0.686645386752,-0.726992512239,0.));
#13359 = ORIENTED_EDGE('',*,*,#13360,.T.);
#13360 = EDGE_CURVE('',#13353,#13361,#13363,.T.);
#13361 = VERTEX_POINT('',#13362);
#13362 = CARTESIAN_POINT('',(-63.225378,5.227554,0.));
#13363 = CIRCLE('',#13364,0.124491179479);
#13364 = AXIS2_PLACEMENT_3D('',#13365,#13366,#13367);
#13365 = CARTESIAN_POINT('',(-63.11040428998,5.27529391803,0.));
#13366 = DIRECTION('',(-0.,0.,-1.));
#13367 = DIRECTION('',(0.503098213445,-0.864229244835,-0.));
#13368 = ORIENTED_EDGE('',*,*,#13369,.T.);
#13369 = EDGE_CURVE('',#13361,#13370,#13372,.T.);
#13370 = VERTEX_POINT('',#13371);
#13371 = CARTESIAN_POINT('',(-63.350277,5.399463,0.));
#13372 = LINE('',#13373,#13374);
#13373 = CARTESIAN_POINT('',(-63.225378,5.227554,0.));
#13374 = VECTOR('',#13375,1.);
#13375 = DIRECTION('',(-0.587784637962,0.809017440712,0.));
#13376 = ORIENTED_EDGE('',*,*,#13377,.T.);
#13377 = EDGE_CURVE('',#13370,#13378,#13380,.T.);
#13378 = VERTEX_POINT('',#13379);
#13379 = CARTESIAN_POINT('',(-63.861778,5.771091,0.));
#13380 = CIRCLE('',#13381,1.354176036978);
#13381 = AXIS2_PLACEMENT_3D('',#13382,#13383,#13384);
#13382 = CARTESIAN_POINT('',(-64.38000081085,4.519996336341,0.));
#13383 = DIRECTION('',(0.,0.,1.));
#13384 = DIRECTION('',(0.760406167835,0.649447811543,-0.));
#13385 = ORIENTED_EDGE('',*,*,#13386,.T.);
#13386 = EDGE_CURVE('',#13378,#13266,#13387,.T.);
#13387 = LINE('',#13388,#13389);
#13388 = CARTESIAN_POINT('',(-63.861778,5.771091,0.));
#13389 = VECTOR('',#13390,1.);
#13390 = DIRECTION('',(-0.951055170476,0.309021136348,0.));
#13391 = FACE_BOUND('',#13392,.F.);
#13392 = EDGE_LOOP('',(#13393));
#13393 = ORIENTED_EDGE('',*,*,#13394,.F.);
#13394 = EDGE_CURVE('',#13395,#13395,#13397,.T.);
#13395 = VERTEX_POINT('',#13396);
#13396 = CARTESIAN_POINT('',(-65.749999,7.749999,0.));
#13397 = CIRCLE('',#13398,0.25);
#13398 = AXIS2_PLACEMENT_3D('',#13399,#13400,#13401);
#13399 = CARTESIAN_POINT('',(-65.749999,7.999999,0.));
#13400 = DIRECTION('',(-0.,0.,-1.));
#13401 = DIRECTION('',(-0.,-1.,0.));
#13402 = FACE_BOUND('',#13403,.F.);
#13403 = EDGE_LOOP('',(#13404));
#13404 = ORIENTED_EDGE('',*,*,#13405,.F.);
#13405 = EDGE_CURVE('',#13406,#13406,#13408,.T.);
#13406 = VERTEX_POINT('',#13407);
#13407 = CARTESIAN_POINT('',(-67.749999,7.749999,0.));
#13408 = CIRCLE('',#13409,0.25);
#13409 = AXIS2_PLACEMENT_3D('',#13410,#13411,#13412);
#13410 = CARTESIAN_POINT('',(-67.749999,7.999999,0.));
#13411 = DIRECTION('',(-0.,0.,-1.));
#13412 = DIRECTION('',(-0.,-1.,0.));
#13413 = FACE_BOUND('',#13414,.F.);
#13414 = EDGE_LOOP('',(#13415,#13425,#13434,#13443,#13451));
#13415 = ORIENTED_EDGE('',*,*,#13416,.T.);
#13416 = EDGE_CURVE('',#13417,#13419,#13421,.T.);
#13417 = VERTEX_POINT('',#13418);
#13418 = CARTESIAN_POINT('',(-64.81263140523,4.770657265155,0.));
#13419 = VERTEX_POINT('',#13420);
#13420 = CARTESIAN_POINT('',(-64.81339282567,4.769338447287,0.));
#13421 = LINE('',#13422,#13423);
#13422 = CARTESIAN_POINT('',(-64.780099,4.827005,0.));
#13423 = VECTOR('',#13424,1.);
#13424 = DIRECTION('',(-0.500000292206,-0.866025235079,0.));
#13425 = ORIENTED_EDGE('',*,*,#13426,.F.);
#13426 = EDGE_CURVE('',#13427,#13419,#13429,.T.);
#13427 = VERTEX_POINT('',#13428);
#13428 = CARTESIAN_POINT('',(-64.38,4.019998,0.));
#13429 = CIRCLE('',#13430,0.5);
#13430 = AXIS2_PLACEMENT_3D('',#13431,#13432,#13433);
#13431 = CARTESIAN_POINT('',(-64.38,4.519998,0.));
#13432 = DIRECTION('',(0.,-0.,-1.));
#13433 = DIRECTION('',(0.,-1.,0.));
#13434 = ORIENTED_EDGE('',*,*,#13435,.F.);
#13435 = EDGE_CURVE('',#13436,#13427,#13438,.T.);
#13436 = VERTEX_POINT('',#13437);
#13437 = CARTESIAN_POINT('',(-63.94660717432,4.769338447288,0.));
#13438 = CIRCLE('',#13439,0.5);
#13439 = AXIS2_PLACEMENT_3D('',#13440,#13441,#13442);
#13440 = CARTESIAN_POINT('',(-64.38,4.519998,0.));
#13441 = DIRECTION('',(0.,0.,-1.));
#13442 = DIRECTION('',(0.86678565135,0.498680894575,0.));
#13443 = ORIENTED_EDGE('',*,*,#13444,.T.);
#13444 = EDGE_CURVE('',#13436,#13445,#13447,.T.);
#13445 = VERTEX_POINT('',#13446);
#13446 = CARTESIAN_POINT('',(-63.94736859477,4.770657265161,0.));
#13447 = LINE('',#13448,#13449);
#13448 = CARTESIAN_POINT('',(-63.93,4.740574,0.));
#13449 = VECTOR('',#13450,1.);
#13450 = DIRECTION('',(-0.500000292206,0.866025235079,0.));
#13451 = ORIENTED_EDGE('',*,*,#13452,.F.);
#13452 = EDGE_CURVE('',#13417,#13445,#13453,.T.);
#13453 = CIRCLE('',#13454,0.5);
#13454 = AXIS2_PLACEMENT_3D('',#13455,#13456,#13457);
#13455 = CARTESIAN_POINT('',(-64.38,4.519998,0.));
#13456 = DIRECTION('',(-0.,0.,-1.));
#13457 = DIRECTION('',(-0.,-1.,0.));
#13458 = FACE_BOUND('',#13459,.F.);
#13459 = EDGE_LOOP('',(#13460));
#13460 = ORIENTED_EDGE('',*,*,#13461,.F.);
#13461 = EDGE_CURVE('',#13462,#13462,#13464,.T.);
#13462 = VERTEX_POINT('',#13463);
#13463 = CARTESIAN_POINT('',(64.379998,4.019998,0.));
#13464 = CIRCLE('',#13465,0.5);
#13465 = AXIS2_PLACEMENT_3D('',#13466,#13467,#13468);
#13466 = CARTESIAN_POINT('',(64.379998,4.519998,0.));
#13467 = DIRECTION('',(-0.,0.,-1.));
#13468 = DIRECTION('',(-0.,-1.,0.));
#13469 = PLANE('',#13470);
#13470 = AXIS2_PLACEMENT_3D('',#13471,#13472,#13473);
#13471 = CARTESIAN_POINT('',(0.,0.,0.));
#13472 = DIRECTION('',(-0.,-0.,-1.));
#13473 = DIRECTION('',(-1.,0.,0.));
#13474 = ADVANCED_FACE('',(#13475),#13493,.T.);
#13475 = FACE_BOUND('',#13476,.T.);
#13476 = EDGE_LOOP('',(#13477,#13478,#13486,#13492));
#13477 = ORIENTED_EDGE('',*,*,#12130,.T.);
#13478 = ORIENTED_EDGE('',*,*,#13479,.T.);
#13479 = EDGE_CURVE('',#12123,#13480,#13482,.T.);
#13480 = VERTEX_POINT('',#13481);
#13481 = CARTESIAN_POINT('',(51.750001,1.999999,1.55));
#13482 = LINE('',#13483,#13484);
#13483 = CARTESIAN_POINT('',(50.000001,1.999999,1.55));
#13484 = VECTOR('',#13485,1.);
#13485 = DIRECTION('',(1.,0.,0.));
#13486 = ORIENTED_EDGE('',*,*,#13487,.F.);
#13487 = EDGE_CURVE('',#11131,#13480,#13488,.T.);
#13488 = LINE('',#13489,#13490);
#13489 = CARTESIAN_POINT('',(51.750001,1.999999,1.51));
#13490 = VECTOR('',#13491,1.);
#13491 = DIRECTION('',(0.,0.,1.));
#13492 = ORIENTED_EDGE('',*,*,#11139,.F.);
#13493 = PLANE('',#13494);
#13494 = AXIS2_PLACEMENT_3D('',#13495,#13496,#13497);
#13495 = CARTESIAN_POINT('',(50.000001,1.999999,1.51));
#13496 = DIRECTION('',(0.,1.,0.));
#13497 = DIRECTION('',(1.,0.,0.));
#13498 = ADVANCED_FACE('',(#13499),#13511,.T.);
#13499 = FACE_BOUND('',#13500,.F.);
#13500 = EDGE_LOOP('',(#13501,#13502,#13503,#13510));
#13501 = ORIENTED_EDGE('',*,*,#12122,.T.);
#13502 = ORIENTED_EDGE('',*,*,#13479,.T.);
#13503 = ORIENTED_EDGE('',*,*,#13504,.T.);
#13504 = EDGE_CURVE('',#13480,#12148,#13505,.T.);
#13505 = CIRCLE('',#13506,0.75);
#13506 = AXIS2_PLACEMENT_3D('',#13507,#13508,#13509);
#13507 = CARTESIAN_POINT('',(51.750001,1.249999,1.55));
#13508 = DIRECTION('',(0.,0.,-1.));
#13509 = DIRECTION('',(0.,1.,0.));
#13510 = ORIENTED_EDGE('',*,*,#12155,.T.);
#13511 = PLANE('',#13512);
#13512 = AXIS2_PLACEMENT_3D('',#13513,#13514,#13515);
#13513 = CARTESIAN_POINT('',(0.,0.,1.55));
#13514 = DIRECTION('',(0.,0.,1.));
#13515 = DIRECTION('',(1.,0.,-0.));
#13516 = ADVANCED_FACE('',(#13517),#13523,.T.);
#13517 = FACE_BOUND('',#13518,.T.);
#13518 = EDGE_LOOP('',(#13519,#13520,#13521,#13522));
#13519 = ORIENTED_EDGE('',*,*,#13487,.T.);
#13520 = ORIENTED_EDGE('',*,*,#13504,.T.);
#13521 = ORIENTED_EDGE('',*,*,#12147,.F.);
#13522 = ORIENTED_EDGE('',*,*,#11130,.F.);
#13523 = CYLINDRICAL_SURFACE('',#13524,0.75);
#13524 = AXIS2_PLACEMENT_3D('',#13525,#13526,#13527);
#13525 = CARTESIAN_POINT('',(51.750001,1.249999,1.51));
#13526 = DIRECTION('',(0.,0.,-1.));
#13527 = DIRECTION('',(0.,1.,0.));
#13528 = ADVANCED_FACE('',(#13529),#13548,.T.);
#13529 = FACE_BOUND('',#13530,.T.);
#13530 = EDGE_LOOP('',(#13531,#13532,#13541,#13547));
#13531 = ORIENTED_EDGE('',*,*,#12189,.T.);
#13532 = ORIENTED_EDGE('',*,*,#13533,.T.);
#13533 = EDGE_CURVE('',#12182,#13534,#13536,.T.);
#13534 = VERTEX_POINT('',#13535);
#13535 = CARTESIAN_POINT('',(-51.749999,2.,1.55));
#13536 = CIRCLE('',#13537,0.75);
#13537 = AXIS2_PLACEMENT_3D('',#13538,#13539,#13540);
#13538 = CARTESIAN_POINT('',(-51.749999,1.25,1.55));
#13539 = DIRECTION('',(0.,0.,-1.));
#13540 = DIRECTION('',(0.,-1.,0.));
#13541 = ORIENTED_EDGE('',*,*,#13542,.F.);
#13542 = EDGE_CURVE('',#11025,#13534,#13543,.T.);
#13543 = LINE('',#13544,#13545);
#13544 = CARTESIAN_POINT('',(-51.749999,2.,1.51));
#13545 = VECTOR('',#13546,1.);
#13546 = DIRECTION('',(0.,0.,1.));
#13547 = ORIENTED_EDGE('',*,*,#11032,.F.);
#13548 = CYLINDRICAL_SURFACE('',#13549,0.75);
#13549 = AXIS2_PLACEMENT_3D('',#13550,#13551,#13552);
#13550 = CARTESIAN_POINT('',(-51.749999,1.25,1.51));
#13551 = DIRECTION('',(0.,0.,-1.));
#13552 = DIRECTION('',(0.,-1.,0.));
#13553 = ADVANCED_FACE('',(#13554),#13565,.T.);
#13554 = FACE_BOUND('',#13555,.F.);
#13555 = EDGE_LOOP('',(#13556,#13557,#13563,#13564));
#13556 = ORIENTED_EDGE('',*,*,#13533,.T.);
#13557 = ORIENTED_EDGE('',*,*,#13558,.T.);
#13558 = EDGE_CURVE('',#13534,#12207,#13559,.T.);
#13559 = LINE('',#13560,#13561);
#13560 = CARTESIAN_POINT('',(-51.749999,2.,1.55));
#13561 = VECTOR('',#13562,1.);
#13562 = DIRECTION('',(1.,0.,0.));
#13563 = ORIENTED_EDGE('',*,*,#12214,.T.);
#13564 = ORIENTED_EDGE('',*,*,#12181,.T.);
#13565 = PLANE('',#13566);
#13566 = AXIS2_PLACEMENT_3D('',#13567,#13568,#13569);
#13567 = CARTESIAN_POINT('',(0.,0.,1.55));
#13568 = DIRECTION('',(0.,0.,1.));
#13569 = DIRECTION('',(1.,0.,-0.));
#13570 = ADVANCED_FACE('',(#13571),#13577,.T.);
#13571 = FACE_BOUND('',#13572,.T.);
#13572 = EDGE_LOOP('',(#13573,#13574,#13575,#13576));
#13573 = ORIENTED_EDGE('',*,*,#13542,.T.);
#13574 = ORIENTED_EDGE('',*,*,#13558,.T.);
#13575 = ORIENTED_EDGE('',*,*,#12206,.F.);
#13576 = ORIENTED_EDGE('',*,*,#11024,.F.);
#13577 = PLANE('',#13578);
#13578 = AXIS2_PLACEMENT_3D('',#13579,#13580,#13581);
#13579 = CARTESIAN_POINT('',(-51.749999,2.,1.51));
#13580 = DIRECTION('',(0.,1.,0.));
#13581 = DIRECTION('',(1.,0.,0.));
#13582 = ADVANCED_FACE('',(#13583),#13609,.T.);
#13583 = FACE_BOUND('',#13584,.F.);
#13584 = EDGE_LOOP('',(#13585,#13593,#13602,#13608));
#13585 = ORIENTED_EDGE('',*,*,#13586,.T.);
#13586 = EDGE_CURVE('',#12232,#13587,#13589,.T.);
#13587 = VERTEX_POINT('',#13588);
#13588 = CARTESIAN_POINT('',(-74.27813,11.619202,-3.5E-02));
#13589 = LINE('',#13590,#13591);
#13590 = CARTESIAN_POINT('',(-74.27813,11.619202,0.));
#13591 = VECTOR('',#13592,1.);
#13592 = DIRECTION('',(0.,0.,-1.));
#13593 = ORIENTED_EDGE('',*,*,#13594,.T.);
#13594 = EDGE_CURVE('',#13587,#13595,#13597,.T.);
#13595 = VERTEX_POINT('',#13596);
#13596 = CARTESIAN_POINT('',(-72.995572,12.199499,-3.5E-02));
#13597 = CIRCLE('',#13598,1.702322064159);
#13598 = AXIS2_PLACEMENT_3D('',#13599,#13600,#13601);
#13599 = CARTESIAN_POINT('',(-72.99790979715,10.497178541089,-3.5E-02));
#13600 = DIRECTION('',(0.,0.,-1.));
#13601 = DIRECTION('',(-0.752043476261,0.659113502982,0.));
#13602 = ORIENTED_EDGE('',*,*,#13603,.F.);
#13603 = EDGE_CURVE('',#12234,#13595,#13604,.T.);
#13604 = LINE('',#13605,#13606);
#13605 = CARTESIAN_POINT('',(-72.995572,12.199499,0.));
#13606 = VECTOR('',#13607,1.);
#13607 = DIRECTION('',(0.,0.,-1.));
#13608 = ORIENTED_EDGE('',*,*,#12231,.F.);
#13609 = CYLINDRICAL_SURFACE('',#13610,1.702322064159);
#13610 = AXIS2_PLACEMENT_3D('',#13611,#13612,#13613);
#13611 = CARTESIAN_POINT('',(-72.99790979715,10.497178541089,0.));
#13612 = DIRECTION('',(-0.,-0.,1.));
#13613 = DIRECTION('',(-0.752043476261,0.659113502982,0.));
#13614 = ADVANCED_FACE('',(#13615),#13633,.F.);
#13615 = FACE_BOUND('',#13616,.F.);
#13616 = EDGE_LOOP('',(#13617,#13625,#13631,#13632));
#13617 = ORIENTED_EDGE('',*,*,#13618,.T.);
#13618 = EDGE_CURVE('',#12353,#13619,#13621,.T.);
#13619 = VERTEX_POINT('',#13620);
#13620 = CARTESIAN_POINT('',(-74.424405,11.425907,-3.5E-02));
#13621 = LINE('',#13622,#13623);
#13622 = CARTESIAN_POINT('',(-74.424405,11.425907,0.));
#13623 = VECTOR('',#13624,1.);
#13624 = DIRECTION('',(0.,0.,-1.));
#13625 = ORIENTED_EDGE('',*,*,#13626,.T.);
#13626 = EDGE_CURVE('',#13619,#13587,#13627,.T.);
#13627 = LINE('',#13628,#13629);
#13628 = CARTESIAN_POINT('',(-74.424405,11.425907,-3.5E-02));
#13629 = VECTOR('',#13630,1.);
#13630 = DIRECTION('',(0.603436644042,0.797410945891,0.));
#13631 = ORIENTED_EDGE('',*,*,#13586,.F.);
#13632 = ORIENTED_EDGE('',*,*,#12361,.F.);
#13633 = PLANE('',#13634);
#13634 = AXIS2_PLACEMENT_3D('',#13635,#13636,#13637);
#13635 = CARTESIAN_POINT('',(-74.424405,11.425907,0.));
#13636 = DIRECTION('',(0.797410945891,-0.603436644042,0.));
#13637 = DIRECTION('',(0.603436644042,0.797410945891,0.));
#13638 = ADVANCED_FACE('',(#13639),#13657,.F.);
#13639 = FACE_BOUND('',#13640,.F.);
#13640 = EDGE_LOOP('',(#13641,#13642,#13650,#13656));
#13641 = ORIENTED_EDGE('',*,*,#13603,.T.);
#13642 = ORIENTED_EDGE('',*,*,#13643,.T.);
#13643 = EDGE_CURVE('',#13595,#13644,#13646,.T.);
#13644 = VERTEX_POINT('',#13645);
#13645 = CARTESIAN_POINT('',(73.00442,12.199183,-3.5E-02));
#13646 = LINE('',#13647,#13648);
#13647 = CARTESIAN_POINT('',(-72.995572,12.199499,-3.5E-02));
#13648 = VECTOR('',#13649,1.);
#13649 = DIRECTION('',(0.999999999998,-2.164383680233E-06,0.));
#13650 = ORIENTED_EDGE('',*,*,#13651,.F.);
#13651 = EDGE_CURVE('',#12243,#13644,#13652,.T.);
#13652 = LINE('',#13653,#13654);
#13653 = CARTESIAN_POINT('',(73.00442,12.199183,0.));
#13654 = VECTOR('',#13655,1.);
#13655 = DIRECTION('',(0.,0.,-1.));
#13656 = ORIENTED_EDGE('',*,*,#12242,.F.);
#13657 = PLANE('',#13658);
#13658 = AXIS2_PLACEMENT_3D('',#13659,#13660,#13661);
#13659 = CARTESIAN_POINT('',(-72.995572,12.199499,0.));
#13660 = DIRECTION('',(-2.164383680233E-06,-0.999999999998,-0.));
#13661 = DIRECTION('',(0.999999999998,-2.164383680233E-06,0.));
#13662 = ADVANCED_FACE('',(#13663),#13682,.T.);
#13663 = FACE_BOUND('',#13664,.F.);
#13664 = EDGE_LOOP('',(#13665,#13673,#13680,#13681));
#13665 = ORIENTED_EDGE('',*,*,#13666,.T.);
#13666 = EDGE_CURVE('',#12345,#13667,#13669,.T.);
#13667 = VERTEX_POINT('',#13668);
#13668 = CARTESIAN_POINT('',(-74.699183,10.504421,-3.5E-02));
#13669 = LINE('',#13670,#13671);
#13670 = CARTESIAN_POINT('',(-74.699183,10.504421,0.));
#13671 = VECTOR('',#13672,1.);
#13672 = DIRECTION('',(0.,0.,-1.));
#13673 = ORIENTED_EDGE('',*,*,#13674,.T.);
#13674 = EDGE_CURVE('',#13667,#13619,#13675,.T.);
#13675 = CIRCLE('',#13676,1.702555003286);
#13676 = AXIS2_PLACEMENT_3D('',#13677,#13678,#13679);
#13677 = CARTESIAN_POINT('',(-72.99663846672,10.498450119243,-3.5E-02));
#13678 = DIRECTION('',(0.,0.,-1.));
#13679 = DIRECTION('',(-0.999993850415,3.507011958833E-03,0.));
#13680 = ORIENTED_EDGE('',*,*,#13618,.F.);
#13681 = ORIENTED_EDGE('',*,*,#12352,.F.);
#13682 = CYLINDRICAL_SURFACE('',#13683,1.702555003286);
#13683 = AXIS2_PLACEMENT_3D('',#13684,#13685,#13686);
#13684 = CARTESIAN_POINT('',(-72.99663846672,10.498450119243,0.));
#13685 = DIRECTION('',(-0.,-0.,1.));
#13686 = DIRECTION('',(-0.999993850415,3.507011958833E-03,0.));
#13687 = ADVANCED_FACE('',(#13688),#13707,.T.);
#13688 = FACE_BOUND('',#13689,.F.);
#13689 = EDGE_LOOP('',(#13690,#13691,#13700,#13706));
#13690 = ORIENTED_EDGE('',*,*,#13651,.T.);
#13691 = ORIENTED_EDGE('',*,*,#13692,.T.);
#13692 = EDGE_CURVE('',#13644,#13693,#13695,.T.);
#13693 = VERTEX_POINT('',#13694);
#13694 = CARTESIAN_POINT('',(73.925919,11.924394,-3.5E-02));
#13695 = CIRCLE('',#13696,1.702508270528);
#13696 = AXIS2_PLACEMENT_3D('',#13697,#13698,#13699);
#13697 = CARTESIAN_POINT('',(72.998459085377,10.496685164843,-3.5E-02));
#13698 = DIRECTION('',(0.,0.,-1.));
#13699 = DIRECTION('',(3.501254429105E-03,0.99999387059,0.));
#13700 = ORIENTED_EDGE('',*,*,#13701,.F.);
#13701 = EDGE_CURVE('',#12251,#13693,#13702,.T.);
#13702 = LINE('',#13703,#13704);
#13703 = CARTESIAN_POINT('',(73.925919,11.924394,0.));
#13704 = VECTOR('',#13705,1.);
#13705 = DIRECTION('',(0.,0.,-1.));
#13706 = ORIENTED_EDGE('',*,*,#12250,.F.);
#13707 = CYLINDRICAL_SURFACE('',#13708,1.702508270528);
#13708 = AXIS2_PLACEMENT_3D('',#13709,#13710,#13711);
#13709 = CARTESIAN_POINT('',(72.998459085377,10.496685164843,0.));
#13710 = DIRECTION('',(-0.,-0.,1.));
#13711 = DIRECTION('',(3.501254429105E-03,0.99999387059,0.));
#13712 = ADVANCED_FACE('',(#13713),#13731,.F.);
#13713 = FACE_BOUND('',#13714,.F.);
#13714 = EDGE_LOOP('',(#13715,#13723,#13729,#13730));
#13715 = ORIENTED_EDGE('',*,*,#13716,.T.);
#13716 = EDGE_CURVE('',#12336,#13717,#13719,.T.);
#13717 = VERTEX_POINT('',#13718);
#13718 = CARTESIAN_POINT('',(-74.699499,2.004414,-3.5E-02));
#13719 = LINE('',#13720,#13721);
#13720 = CARTESIAN_POINT('',(-74.699499,2.004414,0.));
#13721 = VECTOR('',#13722,1.);
#13722 = DIRECTION('',(0.,0.,-1.));
#13723 = ORIENTED_EDGE('',*,*,#13724,.T.);
#13724 = EDGE_CURVE('',#13717,#13667,#13725,.T.);
#13725 = LINE('',#13726,#13727);
#13726 = CARTESIAN_POINT('',(-74.699499,2.004414,-3.5E-02));
#13727 = VECTOR('',#13728,1.);
#13728 = DIRECTION('',(3.717643994642E-05,0.999999999309,0.));
#13729 = ORIENTED_EDGE('',*,*,#13666,.F.);
#13730 = ORIENTED_EDGE('',*,*,#12344,.F.);
#13731 = PLANE('',#13732);
#13732 = AXIS2_PLACEMENT_3D('',#13733,#13734,#13735);
#13733 = CARTESIAN_POINT('',(-74.699499,2.004414,0.));
#13734 = DIRECTION('',(0.999999999309,-3.717643994642E-05,0.));
#13735 = DIRECTION('',(3.717643994642E-05,0.999999999309,0.));
#13736 = ADVANCED_FACE('',(#13737),#13755,.F.);
#13737 = FACE_BOUND('',#13738,.F.);
#13738 = EDGE_LOOP('',(#13739,#13740,#13748,#13754));
#13739 = ORIENTED_EDGE('',*,*,#13701,.T.);
#13740 = ORIENTED_EDGE('',*,*,#13741,.T.);
#13741 = EDGE_CURVE('',#13693,#13742,#13744,.T.);
#13742 = VERTEX_POINT('',#13743);
#13743 = CARTESIAN_POINT('',(74.119206,11.778125,-3.5E-02));
#13744 = LINE('',#13745,#13746);
#13745 = CARTESIAN_POINT('',(73.925919,11.924394,-3.5E-02));
#13746 = VECTOR('',#13747,1.);
#13747 = DIRECTION('',(0.797410838774,-0.603436785592,0.));
#13748 = ORIENTED_EDGE('',*,*,#13749,.F.);
#13749 = EDGE_CURVE('',#12260,#13742,#13750,.T.);
#13750 = LINE('',#13751,#13752);
#13751 = CARTESIAN_POINT('',(74.119206,11.778125,0.));
#13752 = VECTOR('',#13753,1.);
#13753 = DIRECTION('',(0.,0.,-1.));
#13754 = ORIENTED_EDGE('',*,*,#12259,.F.);
#13755 = PLANE('',#13756);
#13756 = AXIS2_PLACEMENT_3D('',#13757,#13758,#13759);
#13757 = CARTESIAN_POINT('',(73.925919,11.924394,0.));
#13758 = DIRECTION('',(-0.603436785592,-0.797410838774,-0.));
#13759 = DIRECTION('',(0.797410838774,-0.603436785592,0.));
#13760 = ADVANCED_FACE('',(#13761),#13780,.T.);
#13761 = FACE_BOUND('',#13762,.F.);
#13762 = EDGE_LOOP('',(#13763,#13771,#13778,#13779));
#13763 = ORIENTED_EDGE('',*,*,#13764,.T.);
#13764 = EDGE_CURVE('',#12328,#13765,#13767,.T.);
#13765 = VERTEX_POINT('',#13766);
#13766 = CARTESIAN_POINT('',(-74.119201,0.721868,-3.5E-02));
#13767 = LINE('',#13768,#13769);
#13768 = CARTESIAN_POINT('',(-74.119201,0.721868,0.));
#13769 = VECTOR('',#13770,1.);
#13770 = DIRECTION('',(0.,0.,-1.));
#13771 = ORIENTED_EDGE('',*,*,#13772,.T.);
#13772 = EDGE_CURVE('',#13765,#13717,#13773,.T.);
#13773 = CIRCLE('',#13774,1.702334663457);
#13774 = AXIS2_PLACEMENT_3D('',#13775,#13776,#13777);
#13775 = CARTESIAN_POINT('',(-72.99716591638,2.002094768016,-3.5E-02));
#13776 = DIRECTION('',(0.,0.,-1.));
#13777 = DIRECTION('',(-0.659115453442,-0.752041766815,-0.));
#13778 = ORIENTED_EDGE('',*,*,#13716,.F.);
#13779 = ORIENTED_EDGE('',*,*,#12335,.F.);
#13780 = CYLINDRICAL_SURFACE('',#13781,1.702334663457);
#13781 = AXIS2_PLACEMENT_3D('',#13782,#13783,#13784);
#13782 = CARTESIAN_POINT('',(-72.99716591638,2.002094768016,0.));
#13783 = DIRECTION('',(-0.,-0.,1.));
#13784 = DIRECTION('',(-0.659115453442,-0.752041766815,-0.));
#13785 = ADVANCED_FACE('',(#13786),#13805,.T.);
#13786 = FACE_BOUND('',#13787,.F.);
#13787 = EDGE_LOOP('',(#13788,#13789,#13798,#13804));
#13788 = ORIENTED_EDGE('',*,*,#13749,.T.);
#13789 = ORIENTED_EDGE('',*,*,#13790,.T.);
#13790 = EDGE_CURVE('',#13742,#13791,#13793,.T.);
#13791 = VERTEX_POINT('',#13792);
#13792 = CARTESIAN_POINT('',(74.6995,10.495565,-3.5E-02));
#13793 = CIRCLE('',#13794,1.702338733487);
#13794 = AXIS2_PLACEMENT_3D('',#13795,#13796,#13797);
#13795 = CARTESIAN_POINT('',(72.997162867733,10.497899874147,-3.5E-02));
#13796 = DIRECTION('',(0.,0.,-1.));
#13797 = DIRECTION('',(0.659118605595,0.752039004147,0.));
#13798 = ORIENTED_EDGE('',*,*,#13799,.F.);
#13799 = EDGE_CURVE('',#12268,#13791,#13800,.T.);
#13800 = LINE('',#13801,#13802);
#13801 = CARTESIAN_POINT('',(74.6995,10.495565,0.));
#13802 = VECTOR('',#13803,1.);
#13803 = DIRECTION('',(0.,0.,-1.));
#13804 = ORIENTED_EDGE('',*,*,#12267,.F.);
#13805 = CYLINDRICAL_SURFACE('',#13806,1.702338733487);
#13806 = AXIS2_PLACEMENT_3D('',#13807,#13808,#13809);
#13807 = CARTESIAN_POINT('',(72.997162867733,10.497899874147,0.));
#13808 = DIRECTION('',(-0.,-0.,1.));
#13809 = DIRECTION('',(0.659118605595,0.752039004147,0.));
#13810 = ADVANCED_FACE('',(#13811),#13829,.F.);
#13811 = FACE_BOUND('',#13812,.F.);
#13812 = EDGE_LOOP('',(#13813,#13821,#13827,#13828));
#13813 = ORIENTED_EDGE('',*,*,#13814,.T.);
#13814 = EDGE_CURVE('',#12319,#13815,#13817,.T.);
#13815 = VERTEX_POINT('',#13816);
#13816 = CARTESIAN_POINT('',(-73.92592,0.575605,-3.5E-02));
#13817 = LINE('',#13818,#13819);
#13818 = CARTESIAN_POINT('',(-73.92592,0.575605,0.));
#13819 = VECTOR('',#13820,1.);
#13820 = DIRECTION('',(0.,0.,-1.));
#13821 = ORIENTED_EDGE('',*,*,#13822,.T.);
#13822 = EDGE_CURVE('',#13815,#13765,#13823,.T.);
#13823 = LINE('',#13824,#13825);
#13824 = CARTESIAN_POINT('',(-73.92592,0.575605,-3.5E-02));
#13825 = VECTOR('',#13826,1.);
#13826 = DIRECTION('',(-0.79741373625,0.603432956706,0.));
#13827 = ORIENTED_EDGE('',*,*,#13764,.F.);
#13828 = ORIENTED_EDGE('',*,*,#12327,.F.);
#13829 = PLANE('',#13830);
#13830 = AXIS2_PLACEMENT_3D('',#13831,#13832,#13833);
#13831 = CARTESIAN_POINT('',(-73.92592,0.575605,0.));
#13832 = DIRECTION('',(0.603432956706,0.79741373625,0.));
#13833 = DIRECTION('',(-0.79741373625,0.603432956706,0.));
#13834 = ADVANCED_FACE('',(#13835),#13853,.F.);
#13835 = FACE_BOUND('',#13836,.F.);
#13836 = EDGE_LOOP('',(#13837,#13838,#13846,#13852));
#13837 = ORIENTED_EDGE('',*,*,#13799,.T.);
#13838 = ORIENTED_EDGE('',*,*,#13839,.T.);
#13839 = EDGE_CURVE('',#13791,#13840,#13842,.T.);
#13840 = VERTEX_POINT('',#13841);
#13841 = CARTESIAN_POINT('',(74.699184,1.99558,-3.5E-02));
#13842 = LINE('',#13843,#13844);
#13843 = CARTESIAN_POINT('',(74.6995,10.495565,-3.5E-02));
#13844 = VECTOR('',#13845,1.);
#13845 = DIRECTION('',(-3.717653616796E-05,-0.999999999309,0.));
#13846 = ORIENTED_EDGE('',*,*,#13847,.F.);
#13847 = EDGE_CURVE('',#12277,#13840,#13848,.T.);
#13848 = LINE('',#13849,#13850);
#13849 = CARTESIAN_POINT('',(74.699184,1.99558,0.));
#13850 = VECTOR('',#13851,1.);
#13851 = DIRECTION('',(0.,0.,-1.));
#13852 = ORIENTED_EDGE('',*,*,#12276,.F.);
#13853 = PLANE('',#13854);
#13854 = AXIS2_PLACEMENT_3D('',#13855,#13856,#13857);
#13855 = CARTESIAN_POINT('',(74.6995,10.495565,0.));
#13856 = DIRECTION('',(-0.999999999309,3.717653616796E-05,0.));
#13857 = DIRECTION('',(-3.717653616796E-05,-0.999999999309,0.));
#13858 = ADVANCED_FACE('',(#13859),#13878,.T.);
#13859 = FACE_BOUND('',#13860,.F.);
#13860 = EDGE_LOOP('',(#13861,#13869,#13876,#13877));
#13861 = ORIENTED_EDGE('',*,*,#13862,.T.);
#13862 = EDGE_CURVE('',#12311,#13863,#13865,.T.);
#13863 = VERTEX_POINT('',#13864);
#13864 = CARTESIAN_POINT('',(-73.004419,0.300817,-3.5E-02));
#13865 = LINE('',#13866,#13867);
#13866 = CARTESIAN_POINT('',(-73.004419,0.300817,0.));
#13867 = VECTOR('',#13868,1.);
#13868 = DIRECTION('',(0.,0.,-1.));
#13869 = ORIENTED_EDGE('',*,*,#13870,.T.);
#13870 = EDGE_CURVE('',#13863,#13815,#13871,.T.);
#13871 = CIRCLE('',#13872,1.702541193426);
#13872 = AXIS2_PLACEMENT_3D('',#13873,#13874,#13875);
#13873 = CARTESIAN_POINT('',(-72.99845183663,2.003347736367,-3.5E-02));
#13874 = DIRECTION('',(0.,0.,-1.));
#13875 = DIRECTION('',(-3.50485697067E-03,-0.99999385797,-0.));
#13876 = ORIENTED_EDGE('',*,*,#13814,.F.);
#13877 = ORIENTED_EDGE('',*,*,#12318,.F.);
#13878 = CYLINDRICAL_SURFACE('',#13879,1.702541193426);
#13879 = AXIS2_PLACEMENT_3D('',#13880,#13881,#13882);
#13880 = CARTESIAN_POINT('',(-72.99845183663,2.003347736367,0.));
#13881 = DIRECTION('',(-0.,-0.,1.));
#13882 = DIRECTION('',(-3.50485697067E-03,-0.99999385797,-0.));
#13883 = ADVANCED_FACE('',(#13884),#13903,.T.);
#13884 = FACE_BOUND('',#13885,.F.);
#13885 = EDGE_LOOP('',(#13886,#13887,#13896,#13902));
#13886 = ORIENTED_EDGE('',*,*,#13847,.T.);
#13887 = ORIENTED_EDGE('',*,*,#13888,.T.);
#13888 = EDGE_CURVE('',#13840,#13889,#13891,.T.);
#13889 = VERTEX_POINT('',#13890);
#13890 = CARTESIAN_POINT('',(74.424396,1.074082,-3.5E-02));
#13891 = CIRCLE('',#13892,1.702548086674);
#13892 = AXIS2_PLACEMENT_3D('',#13893,#13894,#13895);
#13893 = CARTESIAN_POINT('',(72.996646388119,2.001552233059,-3.5E-02));
#13894 = DIRECTION('',(0.,0.,-1.));
#13895 = DIRECTION('',(0.999993847579,-3.507820487455E-03,0.));
#13896 = ORIENTED_EDGE('',*,*,#13897,.F.);
#13897 = EDGE_CURVE('',#12285,#13889,#13898,.T.);
#13898 = LINE('',#13899,#13900);
#13899 = CARTESIAN_POINT('',(74.424396,1.074082,0.));
#13900 = VECTOR('',#13901,1.);
#13901 = DIRECTION('',(0.,0.,-1.));
#13902 = ORIENTED_EDGE('',*,*,#12284,.F.);
#13903 = CYLINDRICAL_SURFACE('',#13904,1.702548086674);
#13904 = AXIS2_PLACEMENT_3D('',#13905,#13906,#13907);
#13905 = CARTESIAN_POINT('',(72.996646388119,2.001552233059,0.));
#13906 = DIRECTION('',(-0.,-0.,1.));
#13907 = DIRECTION('',(0.999993847579,-3.507820487455E-03,0.));
#13908 = ADVANCED_FACE('',(#13909),#13927,.F.);
#13909 = FACE_BOUND('',#13910,.F.);
#13910 = EDGE_LOOP('',(#13911,#13919,#13925,#13926));
#13911 = ORIENTED_EDGE('',*,*,#13912,.T.);
#13912 = EDGE_CURVE('',#12302,#13913,#13915,.T.);
#13913 = VERTEX_POINT('',#13914);
#13914 = CARTESIAN_POINT('',(72.995585,0.300501,-3.5E-02));
#13915 = LINE('',#13916,#13917);
#13916 = CARTESIAN_POINT('',(72.995585,0.300501,0.));
#13917 = VECTOR('',#13918,1.);
#13918 = DIRECTION('',(0.,0.,-1.));
#13919 = ORIENTED_EDGE('',*,*,#13920,.T.);
#13920 = EDGE_CURVE('',#13913,#13863,#13921,.T.);
#13921 = LINE('',#13922,#13923);
#13922 = CARTESIAN_POINT('',(72.995585,0.300501,-3.5E-02));
#13923 = VECTOR('',#13924,1.);
#13924 = DIRECTION('',(-0.999999999998,2.16438350234E-06,0.));
#13925 = ORIENTED_EDGE('',*,*,#13862,.F.);
#13926 = ORIENTED_EDGE('',*,*,#12310,.F.);
#13927 = PLANE('',#13928);
#13928 = AXIS2_PLACEMENT_3D('',#13929,#13930,#13931);
#13929 = CARTESIAN_POINT('',(72.995585,0.300501,0.));
#13930 = DIRECTION('',(2.16438350234E-06,0.999999999998,0.));
#13931 = DIRECTION('',(-0.999999999998,2.16438350234E-06,0.));
#13932 = ADVANCED_FACE('',(#13933),#13951,.F.);
#13933 = FACE_BOUND('',#13934,.F.);
#13934 = EDGE_LOOP('',(#13935,#13936,#13944,#13950));
#13935 = ORIENTED_EDGE('',*,*,#13897,.T.);
#13936 = ORIENTED_EDGE('',*,*,#13937,.T.);
#13937 = EDGE_CURVE('',#13889,#13938,#13940,.T.);
#13938 = VERTEX_POINT('',#13939);
#13939 = CARTESIAN_POINT('',(74.278122,0.88079,-3.5E-02));
#13940 = LINE('',#13941,#13942);
#13941 = CARTESIAN_POINT('',(74.424396,1.074082,-3.5E-02));
#13942 = VECTOR('',#13943,1.);
#13943 = DIRECTION('',(-0.603439976116,-0.79740842435,0.));
#13944 = ORIENTED_EDGE('',*,*,#13945,.F.);
#13945 = EDGE_CURVE('',#12294,#13938,#13946,.T.);
#13946 = LINE('',#13947,#13948);
#13947 = CARTESIAN_POINT('',(74.278122,0.88079,0.));
#13948 = VECTOR('',#13949,1.);
#13949 = DIRECTION('',(0.,0.,-1.));
#13950 = ORIENTED_EDGE('',*,*,#12293,.F.);
#13951 = PLANE('',#13952);
#13952 = AXIS2_PLACEMENT_3D('',#13953,#13954,#13955);
#13953 = CARTESIAN_POINT('',(74.424396,1.074082,0.));
#13954 = DIRECTION('',(-0.79740842435,0.603439976116,0.));
#13955 = DIRECTION('',(-0.603439976116,-0.79740842435,0.));
#13956 = ADVANCED_FACE('',(#13957),#13969,.T.);
#13957 = FACE_BOUND('',#13958,.F.);
#13958 = EDGE_LOOP('',(#13959,#13960,#13967,#13968));
#13959 = ORIENTED_EDGE('',*,*,#13945,.T.);
#13960 = ORIENTED_EDGE('',*,*,#13961,.T.);
#13961 = EDGE_CURVE('',#13938,#13913,#13962,.T.);
#13962 = CIRCLE('',#13963,1.702319816845);
#13963 = AXIS2_PLACEMENT_3D('',#13964,#13965,#13966);
#13964 = CARTESIAN_POINT('',(72.99790984284,2.002819229336,-3.5E-02));
#13965 = DIRECTION('',(0.,0.,-1.));
#13966 = DIRECTION('',(0.752039742762,-0.659117762851,0.));
#13967 = ORIENTED_EDGE('',*,*,#13912,.F.);
#13968 = ORIENTED_EDGE('',*,*,#12301,.F.);
#13969 = CYLINDRICAL_SURFACE('',#13970,1.702319816845);
#13970 = AXIS2_PLACEMENT_3D('',#13971,#13972,#13973);
#13971 = CARTESIAN_POINT('',(72.99790984284,2.002819229336,0.));
#13972 = DIRECTION('',(-0.,-0.,1.));
#13973 = DIRECTION('',(0.752039742762,-0.659117762851,0.));
#13974 = ADVANCED_FACE('',(#13975),#14000,.F.);
#13975 = FACE_BOUND('',#13976,.F.);
#13976 = EDGE_LOOP('',(#13977,#13985,#13993,#13999));
#13977 = ORIENTED_EDGE('',*,*,#13978,.T.);
#13978 = EDGE_CURVE('',#12382,#13979,#13981,.T.);
#13979 = VERTEX_POINT('',#13980);
#13980 = CARTESIAN_POINT('',(63.190497,5.417869,-3.5E-02));
#13981 = LINE('',#13982,#13983);
#13982 = CARTESIAN_POINT('',(63.190497,5.417869,0.));
#13983 = VECTOR('',#13984,1.);
#13984 = DIRECTION('',(0.,0.,-1.));
#13985 = ORIENTED_EDGE('',*,*,#13986,.T.);
#13986 = EDGE_CURVE('',#13979,#13987,#13989,.T.);
#13987 = VERTEX_POINT('',#13988);
#13988 = CARTESIAN_POINT('',(63.184089,5.477481,-3.5E-02));
#13989 = LINE('',#13990,#13991);
#13990 = CARTESIAN_POINT('',(63.190497,5.417869,-3.5E-02));
#13991 = VECTOR('',#13992,1.);
#13992 = DIRECTION('',(-0.106879402176,0.994271991655,0.));
#13993 = ORIENTED_EDGE('',*,*,#13994,.F.);
#13994 = EDGE_CURVE('',#12384,#13987,#13995,.T.);
#13995 = LINE('',#13996,#13997);
#13996 = CARTESIAN_POINT('',(63.184089,5.477481,0.));
#13997 = VECTOR('',#13998,1.);
#13998 = DIRECTION('',(0.,0.,-1.));
#13999 = ORIENTED_EDGE('',*,*,#12381,.F.);
#14000 = PLANE('',#14001);
#14001 = AXIS2_PLACEMENT_3D('',#14002,#14003,#14004);
#14002 = CARTESIAN_POINT('',(63.190497,5.417869,0.));
#14003 = DIRECTION('',(0.994271991655,0.106879402176,0.));
#14004 = DIRECTION('',(-0.106879402176,0.994271991655,0.));
#14005 = ADVANCED_FACE('',(#14006),#14024,.F.);
#14006 = FACE_BOUND('',#14007,.F.);
#14007 = EDGE_LOOP('',(#14008,#14016,#14022,#14023));
#14008 = ORIENTED_EDGE('',*,*,#14009,.T.);
#14009 = EDGE_CURVE('',#12549,#14010,#14012,.T.);
#14010 = VERTEX_POINT('',#14011);
#14011 = CARTESIAN_POINT('',(63.193331,5.098107,-3.5E-02));
#14012 = LINE('',#14013,#14014);
#14013 = CARTESIAN_POINT('',(63.193331,5.098107,0.));
#14014 = VECTOR('',#14015,1.);
#14015 = DIRECTION('',(0.,0.,-1.));
#14016 = ORIENTED_EDGE('',*,*,#14017,.T.);
#14017 = EDGE_CURVE('',#14010,#13979,#14018,.T.);
#14018 = LINE('',#14019,#14020);
#14019 = CARTESIAN_POINT('',(63.193331,5.098107,-3.5E-02));
#14020 = VECTOR('',#14021,1.);
#14021 = DIRECTION('',(-8.8624936711E-03,0.999960727332,0.));
#14022 = ORIENTED_EDGE('',*,*,#13978,.F.);
#14023 = ORIENTED_EDGE('',*,*,#12556,.F.);
#14024 = PLANE('',#14025);
#14025 = AXIS2_PLACEMENT_3D('',#14026,#14027,#14028);
#14026 = CARTESIAN_POINT('',(63.193331,5.098107,0.));
#14027 = DIRECTION('',(0.999960727332,8.8624936711E-03,0.));
#14028 = DIRECTION('',(-8.8624936711E-03,0.999960727332,0.));
#14029 = ADVANCED_FACE('',(#14030),#14048,.F.);
#14030 = FACE_BOUND('',#14031,.F.);
#14031 = EDGE_LOOP('',(#14032,#14040,#14046,#14047));
#14032 = ORIENTED_EDGE('',*,*,#14033,.T.);
#14033 = EDGE_CURVE('',#12541,#14034,#14036,.T.);
#14034 = VERTEX_POINT('',#14035);
#14035 = CARTESIAN_POINT('',(63.226816,5.036784,-3.5E-02));
#14036 = LINE('',#14037,#14038);
#14037 = CARTESIAN_POINT('',(63.226816,5.036784,0.));
#14038 = VECTOR('',#14039,1.);
#14039 = DIRECTION('',(0.,0.,-1.));
#14040 = ORIENTED_EDGE('',*,*,#14041,.T.);
#14041 = EDGE_CURVE('',#14034,#14010,#14042,.T.);
#14042 = LINE('',#14043,#14044);
#14043 = CARTESIAN_POINT('',(63.226816,5.036784,-3.5E-02));
#14044 = VECTOR('',#14045,1.);
#14045 = DIRECTION('',(-0.479250184514,0.877678335521,0.));
#14046 = ORIENTED_EDGE('',*,*,#14009,.F.);
#14047 = ORIENTED_EDGE('',*,*,#12548,.F.);
#14048 = PLANE('',#14049);
#14049 = AXIS2_PLACEMENT_3D('',#14050,#14051,#14052);
#14050 = CARTESIAN_POINT('',(63.226816,5.036784,0.));
#14051 = DIRECTION('',(0.877678335521,0.479250184514,0.));
#14052 = DIRECTION('',(-0.479250184514,0.877678335521,0.));
#14053 = ADVANCED_FACE('',(#14054),#14072,.F.);
#14054 = FACE_BOUND('',#14055,.F.);
#14055 = EDGE_LOOP('',(#14056,#14057,#14065,#14071));
#14056 = ORIENTED_EDGE('',*,*,#12540,.F.);
#14057 = ORIENTED_EDGE('',*,*,#14058,.F.);
#14058 = EDGE_CURVE('',#14059,#12532,#14061,.T.);
#14059 = VERTEX_POINT('',#14060);
#14060 = CARTESIAN_POINT('',(63.551898849976,4.711701150024,-3.5E-02));
#14061 = LINE('',#14062,#14063);
#14062 = CARTESIAN_POINT('',(63.551898849975,4.711701150025,0.));
#14063 = VECTOR('',#14064,1.);
#14064 = DIRECTION('',(0.,0.,1.));
#14065 = ORIENTED_EDGE('',*,*,#14066,.T.);
#14066 = EDGE_CURVE('',#14059,#14034,#14067,.T.);
#14067 = LINE('',#14068,#14069);
#14068 = CARTESIAN_POINT('',(63.743602,4.519998,-3.5E-02));
#14069 = VECTOR('',#14070,1.);
#14070 = DIRECTION('',(-0.707106781187,0.707106781187,0.));
#14071 = ORIENTED_EDGE('',*,*,#14033,.F.);
#14072 = PLANE('',#14073);
#14073 = AXIS2_PLACEMENT_3D('',#14074,#14075,#14076);
#14074 = CARTESIAN_POINT('',(63.743602,4.519998,0.));
#14075 = DIRECTION('',(0.707106781187,0.707106781187,0.));
#14076 = DIRECTION('',(-0.707106781187,0.707106781187,0.));
#14077 = ADVANCED_FACE('',(#14078),#14103,.F.);
#14078 = FACE_BOUND('',#14079,.F.);
#14079 = EDGE_LOOP('',(#14080,#14081,#14089,#14097));
#14080 = ORIENTED_EDGE('',*,*,#12564,.F.);
#14081 = ORIENTED_EDGE('',*,*,#14082,.T.);
#14082 = EDGE_CURVE('',#12565,#14083,#14085,.T.);
#14083 = VERTEX_POINT('',#14084);
#14084 = CARTESIAN_POINT('',(63.797864,5.738528,-3.5E-02));
#14085 = LINE('',#14086,#14087);
#14086 = CARTESIAN_POINT('',(63.797864,5.738528,0.));
#14087 = VECTOR('',#14088,1.);
#14088 = DIRECTION('',(0.,0.,-1.));
#14089 = ORIENTED_EDGE('',*,*,#14090,.T.);
#14090 = EDGE_CURVE('',#14083,#14091,#14093,.T.);
#14091 = VERTEX_POINT('',#14092);
#14092 = CARTESIAN_POINT('',(64.188294849975,5.348097150025,-3.5E-02));
#14093 = LINE('',#14094,#14095);
#14094 = CARTESIAN_POINT('',(63.797864,5.738528,-3.5E-02));
#14095 = VECTOR('',#14096,1.);
#14096 = DIRECTION('',(0.707106781187,-0.707106781187,0.));
#14097 = ORIENTED_EDGE('',*,*,#14098,.T.);
#14098 = EDGE_CURVE('',#14091,#12567,#14099,.T.);
#14099 = LINE('',#14100,#14101);
#14100 = CARTESIAN_POINT('',(64.188294849975,5.348097150025,0.));
#14101 = VECTOR('',#14102,1.);
#14102 = DIRECTION('',(0.,0.,1.));
#14103 = PLANE('',#14104);
#14104 = AXIS2_PLACEMENT_3D('',#14105,#14106,#14107);
#14105 = CARTESIAN_POINT('',(63.797864,5.738528,0.));
#14106 = DIRECTION('',(-0.707106781187,-0.707106781187,-0.));
#14107 = DIRECTION('',(0.707106781187,-0.707106781187,0.));
#14108 = ADVANCED_FACE('',(#14109),#14127,.F.);
#14109 = FACE_BOUND('',#14110,.F.);
#14110 = EDGE_LOOP('',(#14111,#14119,#14125,#14126));
#14111 = ORIENTED_EDGE('',*,*,#14112,.T.);
#14112 = EDGE_CURVE('',#12608,#14113,#14115,.T.);
#14113 = VERTEX_POINT('',#14114);
#14114 = CARTESIAN_POINT('',(63.86178,5.771094,-3.5E-02));
#14115 = LINE('',#14116,#14117);
#14116 = CARTESIAN_POINT('',(63.86178,5.771094,0.));
#14117 = VECTOR('',#14118,1.);
#14118 = DIRECTION('',(0.,0.,-1.));
#14119 = ORIENTED_EDGE('',*,*,#14120,.T.);
#14120 = EDGE_CURVE('',#14113,#14083,#14121,.T.);
#14121 = LINE('',#14122,#14123);
#14122 = CARTESIAN_POINT('',(63.86178,5.771094,-3.5E-02));
#14123 = VECTOR('',#14124,1.);
#14124 = DIRECTION('',(-0.891011196776,-0.453981329154,0.));
#14125 = ORIENTED_EDGE('',*,*,#14082,.F.);
#14126 = ORIENTED_EDGE('',*,*,#12616,.F.);
#14127 = PLANE('',#14128);
#14128 = AXIS2_PLACEMENT_3D('',#14129,#14130,#14131);
#14129 = CARTESIAN_POINT('',(63.86178,5.771094,0.));
#14130 = DIRECTION('',(-0.453981329154,0.891011196776,0.));
#14131 = DIRECTION('',(-0.891011196776,-0.453981329154,0.));
#14132 = ADVANCED_FACE('',(#14133),#14152,.F.);
#14133 = FACE_BOUND('',#14134,.F.);
#14134 = EDGE_LOOP('',(#14135,#14143,#14150,#14151));
#14135 = ORIENTED_EDGE('',*,*,#14136,.T.);
#14136 = EDGE_CURVE('',#12600,#14137,#14139,.T.);
#14137 = VERTEX_POINT('',#14138);
#14138 = CARTESIAN_POINT('',(64.696127,5.836756,-3.5E-02));
#14139 = LINE('',#14140,#14141);
#14140 = CARTESIAN_POINT('',(64.696127,5.836756,0.));
#14141 = VECTOR('',#14142,1.);
#14142 = DIRECTION('',(0.,0.,-1.));
#14143 = ORIENTED_EDGE('',*,*,#14144,.T.);
#14144 = EDGE_CURVE('',#14137,#14113,#14145,.T.);
#14145 = CIRCLE('',#14146,1.354188876298);
#14146 = AXIS2_PLACEMENT_3D('',#14147,#14148,#14149);
#14147 = CARTESIAN_POINT('',(64.379997994018,4.519983443988,-3.5E-02));
#14148 = DIRECTION('',(0.,0.,1.));
#14149 = DIRECTION('',(0.233445283383,0.972369939717,-0.));
#14150 = ORIENTED_EDGE('',*,*,#14112,.F.);
#14151 = ORIENTED_EDGE('',*,*,#12607,.F.);
#14152 = CYLINDRICAL_SURFACE('',#14153,1.354188876298);
#14153 = AXIS2_PLACEMENT_3D('',#14154,#14155,#14156);
#14154 = CARTESIAN_POINT('',(64.379997994018,4.519983443988,0.));
#14155 = DIRECTION('',(0.,0.,1.));
#14156 = DIRECTION('',(0.233445283383,0.972369939717,-0.));
#14157 = ADVANCED_FACE('',(#14158),#14176,.F.);
#14158 = FACE_BOUND('',#14159,.F.);
#14159 = EDGE_LOOP('',(#14160,#14168,#14174,#14175));
#14160 = ORIENTED_EDGE('',*,*,#14161,.T.);
#14161 = EDGE_CURVE('',#12592,#14162,#14164,.T.);
#14162 = VERTEX_POINT('',#14163);
#14163 = CARTESIAN_POINT('',(64.898215,5.771094,-3.5E-02));
#14164 = LINE('',#14165,#14166);
#14165 = CARTESIAN_POINT('',(64.898215,5.771094,0.));
#14166 = VECTOR('',#14167,1.);
#14167 = DIRECTION('',(0.,0.,-1.));
#14168 = ORIENTED_EDGE('',*,*,#14169,.T.);
#14169 = EDGE_CURVE('',#14162,#14137,#14170,.T.);
#14170 = LINE('',#14171,#14172);
#14171 = CARTESIAN_POINT('',(64.898215,5.771094,-3.5E-02));
#14172 = VECTOR('',#14173,1.);
#14173 = DIRECTION('',(-0.951057030217,0.309015412682,0.));
#14174 = ORIENTED_EDGE('',*,*,#14136,.F.);
#14175 = ORIENTED_EDGE('',*,*,#12599,.F.);
#14176 = PLANE('',#14177);
#14177 = AXIS2_PLACEMENT_3D('',#14178,#14179,#14180);
#14178 = CARTESIAN_POINT('',(64.898215,5.771094,0.));
#14179 = DIRECTION('',(0.309015412682,0.951057030217,0.));
#14180 = DIRECTION('',(-0.951057030217,0.309015412682,0.));
#14181 = ADVANCED_FACE('',(#14182),#14200,.F.);
#14182 = FACE_BOUND('',#14183,.F.);
#14183 = EDGE_LOOP('',(#14184,#14192,#14198,#14199));
#14184 = ORIENTED_EDGE('',*,*,#14185,.T.);
#14185 = EDGE_CURVE('',#12584,#14186,#14188,.T.);
#14186 = VERTEX_POINT('',#14187);
#14187 = CARTESIAN_POINT('',(64.96213,5.738527,-3.5E-02));
#14188 = LINE('',#14189,#14190);
#14189 = CARTESIAN_POINT('',(64.96213,5.738527,0.));
#14190 = VECTOR('',#14191,1.);
#14191 = DIRECTION('',(0.,0.,-1.));
#14192 = ORIENTED_EDGE('',*,*,#14193,.T.);
#14193 = EDGE_CURVE('',#14186,#14162,#14194,.T.);
#14194 = LINE('',#14195,#14196);
#14195 = CARTESIAN_POINT('',(64.96213,5.738527,-3.5E-02));
#14196 = VECTOR('',#14197,1.);
#14197 = DIRECTION('',(-0.891002684571,0.453998035335,0.));
#14198 = ORIENTED_EDGE('',*,*,#14161,.F.);
#14199 = ORIENTED_EDGE('',*,*,#12591,.F.);
#14200 = PLANE('',#14201);
#14201 = AXIS2_PLACEMENT_3D('',#14202,#14203,#14204);
#14202 = CARTESIAN_POINT('',(64.96213,5.738527,0.));
#14203 = DIRECTION('',(0.453998035335,0.891002684571,0.));
#14204 = DIRECTION('',(-0.891002684571,0.453998035335,0.));
#14205 = ADVANCED_FACE('',(#14206),#14224,.F.);
#14206 = FACE_BOUND('',#14207,.F.);
#14207 = EDGE_LOOP('',(#14208,#14209,#14217,#14223));
#14208 = ORIENTED_EDGE('',*,*,#12583,.F.);
#14209 = ORIENTED_EDGE('',*,*,#14210,.F.);
#14210 = EDGE_CURVE('',#14211,#12575,#14213,.T.);
#14211 = VERTEX_POINT('',#14212);
#14212 = CARTESIAN_POINT('',(64.571700882617,5.348097211929,-3.5E-02));
#14213 = LINE('',#14214,#14215);
#14214 = CARTESIAN_POINT('',(64.571700882617,5.348097211929,0.));
#14215 = VECTOR('',#14216,1.);
#14216 = DIRECTION('',(0.,0.,1.));
#14217 = ORIENTED_EDGE('',*,*,#14218,.T.);
#14218 = EDGE_CURVE('',#14211,#14186,#14219,.T.);
#14219 = LINE('',#14220,#14221);
#14220 = CARTESIAN_POINT('',(64.379998,5.156394,-3.5E-02));
#14221 = VECTOR('',#14222,1.);
#14222 = DIRECTION('',(0.707106173845,0.707107388528,0.));
#14223 = ORIENTED_EDGE('',*,*,#14185,.F.);
#14224 = PLANE('',#14225);
#14225 = AXIS2_PLACEMENT_3D('',#14226,#14227,#14228);
#14226 = CARTESIAN_POINT('',(64.379998,5.156394,0.));
#14227 = DIRECTION('',(0.707107388528,-0.707106173845,0.));
#14228 = DIRECTION('',(0.707106173845,0.707107388528,0.));
#14229 = ADVANCED_FACE('',(#14230),#14255,.F.);
#14230 = FACE_BOUND('',#14231,.F.);
#14231 = EDGE_LOOP('',(#14232,#14233,#14241,#14249));
#14232 = ORIENTED_EDGE('',*,*,#12624,.F.);
#14233 = ORIENTED_EDGE('',*,*,#14234,.T.);
#14234 = EDGE_CURVE('',#12625,#14235,#14237,.T.);
#14235 = VERTEX_POINT('',#14236);
#14236 = CARTESIAN_POINT('',(65.598525,5.102132,-3.5E-02));
#14237 = LINE('',#14238,#14239);
#14238 = CARTESIAN_POINT('',(65.598525,5.102132,0.));
#14239 = VECTOR('',#14240,1.);
#14240 = DIRECTION('',(0.,0.,-1.));
#14241 = ORIENTED_EDGE('',*,*,#14242,.T.);
#14242 = EDGE_CURVE('',#14235,#14243,#14245,.T.);
#14243 = VERTEX_POINT('',#14244);
#14244 = CARTESIAN_POINT('',(65.208096838234,4.711702496859,-3.5E-02));
#14245 = LINE('',#14246,#14247);
#14246 = CARTESIAN_POINT('',(65.598525,5.102132,-3.5E-02));
#14247 = VECTOR('',#14248,1.);
#14248 = DIRECTION('',(-0.707105566501,-0.70710799587,0.));
#14249 = ORIENTED_EDGE('',*,*,#14250,.T.);
#14250 = EDGE_CURVE('',#14243,#12627,#14251,.T.);
#14251 = LINE('',#14252,#14253);
#14252 = CARTESIAN_POINT('',(65.208096838234,4.711702496859,0.));
#14253 = VECTOR('',#14254,1.);
#14254 = DIRECTION('',(0.,0.,1.));
#14255 = PLANE('',#14256);
#14256 = AXIS2_PLACEMENT_3D('',#14257,#14258,#14259);
#14257 = CARTESIAN_POINT('',(65.598525,5.102132,0.));
#14258 = DIRECTION('',(-0.70710799587,0.707105566501,0.));
#14259 = DIRECTION('',(-0.707105566501,-0.70710799587,0.));
#14260 = ADVANCED_FACE('',(#14261),#14280,.T.);
#14261 = FACE_BOUND('',#14262,.F.);
#14262 = EDGE_LOOP('',(#14263,#14271,#14278,#14279));
#14263 = ORIENTED_EDGE('',*,*,#14264,.T.);
#14264 = EDGE_CURVE('',#12830,#14265,#14267,.T.);
#14265 = VERTEX_POINT('',#14266);
#14266 = CARTESIAN_POINT('',(65.734161,5.167398,-3.5E-02));
#14267 = LINE('',#14268,#14269);
#14268 = CARTESIAN_POINT('',(65.734161,5.167398,0.));
#14269 = VECTOR('',#14270,1.);
#14270 = DIRECTION('',(0.,0.,-1.));
#14271 = ORIENTED_EDGE('',*,*,#14272,.T.);
#14272 = EDGE_CURVE('',#14265,#14235,#14273,.T.);
#14273 = CIRCLE('',#14274,0.124301090005);
#14274 = AXIS2_PLACEMENT_3D('',#14275,#14276,#14277);
#14275 = CARTESIAN_POINT('',(65.623448348989,5.223908794389,-3.5E-02));
#14276 = DIRECTION('',(0.,0.,-1.));
#14277 = DIRECTION('',(0.890681256351,-0.454628309265,0.));
#14278 = ORIENTED_EDGE('',*,*,#14234,.F.);
#14279 = ORIENTED_EDGE('',*,*,#12837,.F.);
#14280 = CYLINDRICAL_SURFACE('',#14281,0.124301090005);
#14281 = AXIS2_PLACEMENT_3D('',#14282,#14283,#14284);
#14282 = CARTESIAN_POINT('',(65.623448348989,5.223908794389,0.));
#14283 = DIRECTION('',(-0.,-0.,1.));
#14284 = DIRECTION('',(0.890681256351,-0.454628309265,0.));
#14285 = ADVANCED_FACE('',(#14286),#14304,.F.);
#14286 = FACE_BOUND('',#14287,.F.);
#14287 = EDGE_LOOP('',(#14288,#14296,#14302,#14303));
#14288 = ORIENTED_EDGE('',*,*,#14289,.T.);
#14289 = EDGE_CURVE('',#12821,#14290,#14292,.T.);
#14290 = VERTEX_POINT('',#14291);
#14291 = CARTESIAN_POINT('',(65.764946,5.227816,-3.5E-02));
#14292 = LINE('',#14293,#14294);
#14293 = CARTESIAN_POINT('',(65.764946,5.227816,0.));
#14294 = VECTOR('',#14295,1.);
#14295 = DIRECTION('',(0.,0.,-1.));
#14296 = ORIENTED_EDGE('',*,*,#14297,.T.);
#14297 = EDGE_CURVE('',#14290,#14265,#14298,.T.);
#14298 = LINE('',#14299,#14300);
#14299 = CARTESIAN_POINT('',(65.764946,5.227816,-3.5E-02));
#14300 = VECTOR('',#14301,1.);
#14301 = DIRECTION('',(-0.453996252849,-0.891003592809,0.));
#14302 = ORIENTED_EDGE('',*,*,#14264,.F.);
#14303 = ORIENTED_EDGE('',*,*,#12829,.F.);
#14304 = PLANE('',#14305);
#14305 = AXIS2_PLACEMENT_3D('',#14306,#14307,#14308);
#14306 = CARTESIAN_POINT('',(65.764946,5.227816,0.));
#14307 = DIRECTION('',(-0.891003592809,0.453996252849,0.));
#14308 = DIRECTION('',(-0.453996252849,-0.891003592809,0.));
#14309 = ADVANCED_FACE('',(#14310),#14329,.F.);
#14310 = FACE_BOUND('',#14311,.F.);
#14311 = EDGE_LOOP('',(#14312,#14320,#14327,#14328));
#14312 = ORIENTED_EDGE('',*,*,#14313,.T.);
#14313 = EDGE_CURVE('',#12813,#14314,#14316,.T.);
#14314 = VERTEX_POINT('',#14315);
#14315 = CARTESIAN_POINT('',(67.950106,5.399785,-3.5E-02));
#14316 = LINE('',#14317,#14318);
#14317 = CARTESIAN_POINT('',(67.950106,5.399785,0.));
#14318 = VECTOR('',#14319,1.);
#14319 = DIRECTION('',(0.,0.,-1.));
#14320 = ORIENTED_EDGE('',*,*,#14321,.T.);
#14321 = EDGE_CURVE('',#14314,#14290,#14322,.T.);
#14322 = CIRCLE('',#14323,1.354679119488);
#14323 = AXIS2_PLACEMENT_3D('',#14324,#14325,#14326);
#14324 = CARTESIAN_POINT('',(66.919997432788,4.519994197289,-3.5E-02));
#14325 = DIRECTION('',(0.,0.,1.));
#14326 = DIRECTION('',(0.760407798713,0.649445902025,-0.));
#14327 = ORIENTED_EDGE('',*,*,#14289,.F.);
#14328 = ORIENTED_EDGE('',*,*,#12820,.F.);
#14329 = CYLINDRICAL_SURFACE('',#14330,1.354679119488);
#14330 = AXIS2_PLACEMENT_3D('',#14331,#14332,#14333);
#14331 = CARTESIAN_POINT('',(66.919997432788,4.519994197289,0.));
#14332 = DIRECTION('',(0.,0.,1.));
#14333 = DIRECTION('',(0.760407798713,0.649445902025,-0.));
#14334 = ADVANCED_FACE('',(#14335),#14353,.F.);
#14335 = FACE_BOUND('',#14336,.F.);
#14336 = EDGE_LOOP('',(#14337,#14345,#14351,#14352));
#14337 = ORIENTED_EDGE('',*,*,#14338,.T.);
#14338 = EDGE_CURVE('',#12804,#14339,#14341,.T.);
#14339 = VERTEX_POINT('',#14340);
#14340 = CARTESIAN_POINT('',(68.075045,5.227819,-3.5E-02));
#14341 = LINE('',#14342,#14343);
#14342 = CARTESIAN_POINT('',(68.075045,5.227819,0.));
#14343 = VECTOR('',#14344,1.);
#14344 = DIRECTION('',(0.,0.,-1.));
#14345 = ORIENTED_EDGE('',*,*,#14346,.T.);
#14346 = EDGE_CURVE('',#14339,#14314,#14347,.T.);
#14347 = LINE('',#14348,#14349);
#14348 = CARTESIAN_POINT('',(68.075045,5.227819,-3.5E-02));
#14349 = VECTOR('',#14350,1.);
#14350 = DIRECTION('',(-0.587780287533,0.809020601461,0.));
#14351 = ORIENTED_EDGE('',*,*,#14313,.F.);
#14352 = ORIENTED_EDGE('',*,*,#12812,.F.);
#14353 = PLANE('',#14354);
#14354 = AXIS2_PLACEMENT_3D('',#14355,#14356,#14357);
#14355 = CARTESIAN_POINT('',(68.075045,5.227819,0.));
#14356 = DIRECTION('',(0.809020601461,0.587780287533,0.));
#14357 = DIRECTION('',(-0.587780287533,0.809020601461,0.));
#14358 = ADVANCED_FACE('',(#14359),#14378,.T.);
#14359 = FACE_BOUND('',#14360,.F.);
#14360 = EDGE_LOOP('',(#14361,#14369,#14376,#14377));
#14361 = ORIENTED_EDGE('',*,*,#14362,.T.);
#14362 = EDGE_CURVE('',#12796,#14363,#14365,.T.);
#14363 = VERTEX_POINT('',#14364);
#14364 = CARTESIAN_POINT('',(68.252503,5.168254,-3.5E-02));
#14365 = LINE('',#14366,#14367);
#14366 = CARTESIAN_POINT('',(68.252503,5.168254,0.));
#14367 = VECTOR('',#14368,1.);
#14368 = DIRECTION('',(0.,0.,-1.));
#14369 = ORIENTED_EDGE('',*,*,#14370,.T.);
#14370 = EDGE_CURVE('',#14363,#14339,#14371,.T.);
#14371 = CIRCLE('',#14372,0.124461918204);
#14372 = AXIS2_PLACEMENT_3D('',#14373,#14374,#14375);
#14373 = CARTESIAN_POINT('',(68.189880640258,5.275814258197,-3.5E-02));
#14374 = DIRECTION('',(-0.,0.,-1.));
#14375 = DIRECTION('',(0.503144742147,-0.864202157166,-0.));
#14376 = ORIENTED_EDGE('',*,*,#14338,.F.);
#14377 = ORIENTED_EDGE('',*,*,#12803,.F.);
#14378 = CYLINDRICAL_SURFACE('',#14379,0.124461918204);
#14379 = AXIS2_PLACEMENT_3D('',#14380,#14381,#14382);
#14380 = CARTESIAN_POINT('',(68.189880640258,5.275814258197,0.));
#14381 = DIRECTION('',(0.,-0.,1.));
#14382 = DIRECTION('',(0.503144742147,-0.864202157166,-0.));
#14383 = ADVANCED_FACE('',(#14384),#14402,.F.);
#14384 = FACE_BOUND('',#14385,.F.);
#14385 = EDGE_LOOP('',(#14386,#14394,#14400,#14401));
#14386 = ORIENTED_EDGE('',*,*,#14387,.T.);
#14387 = EDGE_CURVE('',#12787,#14388,#14390,.T.);
#14388 = VERTEX_POINT('',#14389);
#14389 = CARTESIAN_POINT('',(68.300479,5.219048,-3.5E-02));
#14390 = LINE('',#14391,#14392);
#14391 = CARTESIAN_POINT('',(68.300479,5.219048,0.));
#14392 = VECTOR('',#14393,1.);
#14393 = DIRECTION('',(0.,0.,-1.));
#14394 = ORIENTED_EDGE('',*,*,#14395,.T.);
#14395 = EDGE_CURVE('',#14388,#14363,#14396,.T.);
#14396 = LINE('',#14397,#14398);
#14397 = CARTESIAN_POINT('',(68.300479,5.219048,-3.5E-02));
#14398 = VECTOR('',#14399,1.);
#14399 = DIRECTION('',(-0.686652951091,-0.726985367637,0.));
#14400 = ORIENTED_EDGE('',*,*,#14362,.F.);
#14401 = ORIENTED_EDGE('',*,*,#12795,.F.);
#14402 = PLANE('',#14403);
#14403 = AXIS2_PLACEMENT_3D('',#14404,#14405,#14406);
#14404 = CARTESIAN_POINT('',(68.300479,5.219048,0.));
#14405 = DIRECTION('',(-0.726985367637,0.686652951091,0.));
#14406 = DIRECTION('',(-0.686652951091,-0.726985367637,0.));
#14407 = ADVANCED_FACE('',(#14408),#14427,.F.);
#14408 = FACE_BOUND('',#14409,.F.);
#14409 = EDGE_LOOP('',(#14410,#14418,#14425,#14426));
#14410 = ORIENTED_EDGE('',*,*,#14411,.T.);
#14411 = EDGE_CURVE('',#12779,#14412,#14414,.T.);
#14412 = VERTEX_POINT('',#14413);
#14413 = CARTESIAN_POINT('',(70.490107,5.399785,-3.5E-02));
#14414 = LINE('',#14415,#14416);
#14415 = CARTESIAN_POINT('',(70.490107,5.399785,0.));
#14416 = VECTOR('',#14417,1.);
#14417 = DIRECTION('',(0.,0.,-1.));
#14418 = ORIENTED_EDGE('',*,*,#14419,.T.);
#14419 = EDGE_CURVE('',#14412,#14388,#14420,.T.);
#14420 = CIRCLE('',#14421,1.353794165072);
#14421 = AXIS2_PLACEMENT_3D('',#14422,#14423,#14424);
#14422 = CARTESIAN_POINT('',(69.460377951773,4.520912581146,-3.5E-02));
#14423 = DIRECTION('',(0.,0.,1.));
#14424 = DIRECTION('',(0.760624528302,0.649192057056,-0.));
#14425 = ORIENTED_EDGE('',*,*,#14387,.F.);
#14426 = ORIENTED_EDGE('',*,*,#12786,.F.);
#14427 = CYLINDRICAL_SURFACE('',#14428,1.353794165072);
#14428 = AXIS2_PLACEMENT_3D('',#14429,#14430,#14431);
#14429 = CARTESIAN_POINT('',(69.460377951773,4.520912581146,0.));
#14430 = DIRECTION('',(0.,0.,1.));
#14431 = DIRECTION('',(0.760624528302,0.649192057056,-0.));
#14432 = ADVANCED_FACE('',(#14433),#14451,.F.);
#14433 = FACE_BOUND('',#14434,.F.);
#14434 = EDGE_LOOP('',(#14435,#14443,#14449,#14450));
#14435 = ORIENTED_EDGE('',*,*,#14436,.T.);
#14436 = EDGE_CURVE('',#12770,#14437,#14439,.T.);
#14437 = VERTEX_POINT('',#14438);
#14438 = CARTESIAN_POINT('',(70.615048,5.227816,-3.5E-02));
#14439 = LINE('',#14440,#14441);
#14440 = CARTESIAN_POINT('',(70.615048,5.227816,0.));
#14441 = VECTOR('',#14442,1.);
#14442 = DIRECTION('',(0.,0.,-1.));
#14443 = ORIENTED_EDGE('',*,*,#14444,.T.);
#14444 = EDGE_CURVE('',#14437,#14412,#14445,.T.);
#14445 = LINE('',#14446,#14447);
#14446 = CARTESIAN_POINT('',(70.615048,5.227816,-3.5E-02));
#14447 = VECTOR('',#14448,1.);
#14448 = DIRECTION('',(-0.587779734522,0.809021003241,0.));
#14449 = ORIENTED_EDGE('',*,*,#14411,.F.);
#14450 = ORIENTED_EDGE('',*,*,#12778,.F.);
#14451 = PLANE('',#14452);
#14452 = AXIS2_PLACEMENT_3D('',#14453,#14454,#14455);
#14453 = CARTESIAN_POINT('',(70.615048,5.227816,0.));
#14454 = DIRECTION('',(0.809021003241,0.587779734522,0.));
#14455 = DIRECTION('',(-0.587779734522,0.809021003241,0.));
#14456 = ADVANCED_FACE('',(#14457),#14476,.T.);
#14457 = FACE_BOUND('',#14458,.F.);
#14458 = EDGE_LOOP('',(#14459,#14467,#14474,#14475));
#14459 = ORIENTED_EDGE('',*,*,#14460,.T.);
#14460 = EDGE_CURVE('',#12762,#14461,#14463,.T.);
#14461 = VERTEX_POINT('',#14462);
#14462 = CARTESIAN_POINT('',(70.792507,5.168256,-3.5E-02));
#14463 = LINE('',#14464,#14465);
#14464 = CARTESIAN_POINT('',(70.792507,5.168256,0.));
#14465 = VECTOR('',#14466,1.);
#14466 = DIRECTION('',(0.,0.,-1.));
#14467 = ORIENTED_EDGE('',*,*,#14468,.T.);
#14468 = EDGE_CURVE('',#14461,#14437,#14469,.T.);
#14469 = CIRCLE('',#14470,0.12446321343);
#14470 = AXIS2_PLACEMENT_3D('',#14471,#14472,#14473);
#14471 = CARTESIAN_POINT('',(70.729882780372,5.275816674103,-3.5E-02));
#14472 = DIRECTION('',(-0.,0.,-1.));
#14473 = DIRECTION('',(0.50315444943,-0.864196505443,-0.));
#14474 = ORIENTED_EDGE('',*,*,#14436,.F.);
#14475 = ORIENTED_EDGE('',*,*,#12769,.F.);
#14476 = CYLINDRICAL_SURFACE('',#14477,0.12446321343);
#14477 = AXIS2_PLACEMENT_3D('',#14478,#14479,#14480);
#14478 = CARTESIAN_POINT('',(70.729882780372,5.275816674103,0.));
#14479 = DIRECTION('',(0.,-0.,1.));
#14480 = DIRECTION('',(0.50315444943,-0.864196505443,-0.));
#14481 = ADVANCED_FACE('',(#14482),#14500,.F.);
#14482 = FACE_BOUND('',#14483,.F.);
#14483 = EDGE_LOOP('',(#14484,#14492,#14498,#14499));
#14484 = ORIENTED_EDGE('',*,*,#14485,.T.);
#14485 = EDGE_CURVE('',#12753,#14486,#14488,.T.);
#14486 = VERTEX_POINT('',#14487);
#14487 = CARTESIAN_POINT('',(70.840482,5.219052,-3.5E-02));
#14488 = LINE('',#14489,#14490);
#14489 = CARTESIAN_POINT('',(70.840482,5.219052,0.));
#14490 = VECTOR('',#14491,1.);
#14491 = DIRECTION('',(0.,0.,-1.));
#14492 = ORIENTED_EDGE('',*,*,#14493,.T.);
#14493 = EDGE_CURVE('',#14486,#14461,#14494,.T.);
#14494 = LINE('',#14495,#14496);
#14495 = CARTESIAN_POINT('',(70.840482,5.219052,-3.5E-02));
#14496 = VECTOR('',#14497,1.);
#14497 = DIRECTION('',(-0.686631097649,-0.72700600805,0.));
#14498 = ORIENTED_EDGE('',*,*,#14460,.F.);
#14499 = ORIENTED_EDGE('',*,*,#12761,.F.);
#14500 = PLANE('',#14501);
#14501 = AXIS2_PLACEMENT_3D('',#14502,#14503,#14504);
#14502 = CARTESIAN_POINT('',(70.840482,5.219052,0.));
#14503 = DIRECTION('',(-0.72700600805,0.686631097649,0.));
#14504 = DIRECTION('',(-0.686631097649,-0.72700600805,0.));
#14505 = ADVANCED_FACE('',(#14506),#14525,.F.);
#14506 = FACE_BOUND('',#14507,.F.);
#14507 = EDGE_LOOP('',(#14508,#14516,#14523,#14524));
#14508 = ORIENTED_EDGE('',*,*,#14509,.T.);
#14509 = EDGE_CURVE('',#12745,#14510,#14512,.T.);
#14510 = VERTEX_POINT('',#14511);
#14511 = CARTESIAN_POINT('',(70.969888,3.640212,-3.5E-02));
#14512 = LINE('',#14513,#14514);
#14513 = CARTESIAN_POINT('',(70.969888,3.640212,0.));
#14514 = VECTOR('',#14515,1.);
#14515 = DIRECTION('',(0.,0.,-1.));
#14516 = ORIENTED_EDGE('',*,*,#14517,.T.);
#14517 = EDGE_CURVE('',#14510,#14486,#14518,.T.);
#14518 = CIRCLE('',#14519,1.35447226709);
#14519 = AXIS2_PLACEMENT_3D('',#14520,#14521,#14522);
#14520 = CARTESIAN_POINT('',(72.000250673396,4.519386546712,-3.5E-02));
#14521 = DIRECTION('',(0.,0.,1.));
#14522 = DIRECTION('',(-0.760711532035,-0.649090105478,0.));
#14523 = ORIENTED_EDGE('',*,*,#14485,.F.);
#14524 = ORIENTED_EDGE('',*,*,#12752,.F.);
#14525 = CYLINDRICAL_SURFACE('',#14526,1.35447226709);
#14526 = AXIS2_PLACEMENT_3D('',#14527,#14528,#14529);
#14527 = CARTESIAN_POINT('',(72.000250673396,4.519386546712,0.));
#14528 = DIRECTION('',(0.,0.,1.));
#14529 = DIRECTION('',(-0.760711532035,-0.649090105478,0.));
#14530 = ADVANCED_FACE('',(#14531),#14549,.F.);
#14531 = FACE_BOUND('',#14532,.F.);
#14532 = EDGE_LOOP('',(#14533,#14541,#14547,#14548));
#14533 = ORIENTED_EDGE('',*,*,#14534,.T.);
#14534 = EDGE_CURVE('',#12736,#14535,#14537,.T.);
#14535 = VERTEX_POINT('',#14536);
#14536 = CARTESIAN_POINT('',(70.844949,3.812178,-3.5E-02));
#14537 = LINE('',#14538,#14539);
#14538 = CARTESIAN_POINT('',(70.844949,3.812178,0.));
#14539 = VECTOR('',#14540,1.);
#14540 = DIRECTION('',(0.,0.,-1.));
#14541 = ORIENTED_EDGE('',*,*,#14542,.T.);
#14542 = EDGE_CURVE('',#14535,#14510,#14543,.T.);
#14543 = LINE('',#14544,#14545);
#14544 = CARTESIAN_POINT('',(70.844949,3.812178,-3.5E-02));
#14545 = VECTOR('',#14546,1.);
#14546 = DIRECTION('',(0.587780287533,-0.809020601461,0.));
#14547 = ORIENTED_EDGE('',*,*,#14509,.F.);
#14548 = ORIENTED_EDGE('',*,*,#12744,.F.);
#14549 = PLANE('',#14550);
#14550 = AXIS2_PLACEMENT_3D('',#14551,#14552,#14553);
#14551 = CARTESIAN_POINT('',(70.844949,3.812178,0.));
#14552 = DIRECTION('',(-0.809020601461,-0.587780287533,-0.));
#14553 = DIRECTION('',(0.587780287533,-0.809020601461,0.));
#14554 = ADVANCED_FACE('',(#14555),#14574,.T.);
#14555 = FACE_BOUND('',#14556,.F.);
#14556 = EDGE_LOOP('',(#14557,#14565,#14572,#14573));
#14557 = ORIENTED_EDGE('',*,*,#14558,.T.);
#14558 = EDGE_CURVE('',#12728,#14559,#14561,.T.);
#14559 = VERTEX_POINT('',#14560);
#14560 = CARTESIAN_POINT('',(70.667486,3.871739,-3.5E-02));
#14561 = LINE('',#14562,#14563);
#14562 = CARTESIAN_POINT('',(70.667486,3.871739,0.));
#14563 = VECTOR('',#14564,1.);
#14564 = DIRECTION('',(0.,0.,-1.));
#14565 = ORIENTED_EDGE('',*,*,#14566,.T.);
#14566 = EDGE_CURVE('',#14559,#14535,#14567,.T.);
#14567 = CIRCLE('',#14568,0.124462862612);
#14568 = AXIS2_PLACEMENT_3D('',#14569,#14570,#14571);
#14569 = CARTESIAN_POINT('',(70.730113269869,3.764180507828,-3.5E-02));
#14570 = DIRECTION('',(0.,0.,-1.));
#14571 = DIRECTION('',(-0.503180374891,0.864181410541,0.));
#14572 = ORIENTED_EDGE('',*,*,#14534,.F.);
#14573 = ORIENTED_EDGE('',*,*,#12735,.F.);
#14574 = CYLINDRICAL_SURFACE('',#14575,0.124462862612);
#14575 = AXIS2_PLACEMENT_3D('',#14576,#14577,#14578);
#14576 = CARTESIAN_POINT('',(70.730113269869,3.764180507828,0.));
#14577 = DIRECTION('',(-0.,-0.,1.));
#14578 = DIRECTION('',(-0.503180374891,0.864181410541,0.));
#14579 = ADVANCED_FACE('',(#14580),#14598,.F.);
#14580 = FACE_BOUND('',#14581,.F.);
#14581 = EDGE_LOOP('',(#14582,#14590,#14596,#14597));
#14582 = ORIENTED_EDGE('',*,*,#14583,.T.);
#14583 = EDGE_CURVE('',#12719,#14584,#14586,.T.);
#14584 = VERTEX_POINT('',#14585);
#14585 = CARTESIAN_POINT('',(70.619512,3.820944,-3.5E-02));
#14586 = LINE('',#14587,#14588);
#14587 = CARTESIAN_POINT('',(70.619512,3.820944,0.));
#14588 = VECTOR('',#14589,1.);
#14589 = DIRECTION('',(0.,0.,-1.));
#14590 = ORIENTED_EDGE('',*,*,#14591,.T.);
#14591 = EDGE_CURVE('',#14584,#14559,#14592,.T.);
#14592 = LINE('',#14593,#14594);
#14593 = CARTESIAN_POINT('',(70.619512,3.820944,-3.5E-02));
#14594 = VECTOR('',#14595,1.);
#14595 = DIRECTION('',(0.686630677536,0.727006404832,0.));
#14596 = ORIENTED_EDGE('',*,*,#14558,.F.);
#14597 = ORIENTED_EDGE('',*,*,#12727,.F.);
#14598 = PLANE('',#14599);
#14599 = AXIS2_PLACEMENT_3D('',#14600,#14601,#14602);
#14600 = CARTESIAN_POINT('',(70.619512,3.820944,0.));
#14601 = DIRECTION('',(0.727006404832,-0.686630677536,0.));
#14602 = DIRECTION('',(0.686630677536,0.727006404832,0.));
#14603 = ADVANCED_FACE('',(#14604),#14623,.F.);
#14604 = FACE_BOUND('',#14605,.F.);
#14605 = EDGE_LOOP('',(#14606,#14614,#14621,#14622));
#14606 = ORIENTED_EDGE('',*,*,#14607,.T.);
#14607 = EDGE_CURVE('',#12711,#14608,#14610,.T.);
#14608 = VERTEX_POINT('',#14609);
#14609 = CARTESIAN_POINT('',(68.429888,3.640212,-3.5E-02));
#14610 = LINE('',#14611,#14612);
#14611 = CARTESIAN_POINT('',(68.429888,3.640212,0.));
#14612 = VECTOR('',#14613,1.);
#14613 = DIRECTION('',(0.,0.,-1.));
#14614 = ORIENTED_EDGE('',*,*,#14615,.T.);
#14615 = EDGE_CURVE('',#14608,#14584,#14616,.T.);
#14616 = CIRCLE('',#14617,1.353791633834);
#14617 = AXIS2_PLACEMENT_3D('',#14618,#14619,#14620);
#14618 = CARTESIAN_POINT('',(69.459616823635,4.519080782934,-3.5E-02));
#14619 = DIRECTION('',(0.,0.,1.));
#14620 = DIRECTION('',(-0.760625784574,-0.649190585145,0.));
#14621 = ORIENTED_EDGE('',*,*,#14583,.F.);
#14622 = ORIENTED_EDGE('',*,*,#12718,.F.);
#14623 = CYLINDRICAL_SURFACE('',#14624,1.353791633834);
#14624 = AXIS2_PLACEMENT_3D('',#14625,#14626,#14627);
#14625 = CARTESIAN_POINT('',(69.459616823635,4.519080782934,0.));
#14626 = DIRECTION('',(0.,0.,1.));
#14627 = DIRECTION('',(-0.760625784574,-0.649190585145,0.));
#14628 = ADVANCED_FACE('',(#14629),#14647,.F.);
#14629 = FACE_BOUND('',#14630,.F.);
#14630 = EDGE_LOOP('',(#14631,#14639,#14645,#14646));
#14631 = ORIENTED_EDGE('',*,*,#14632,.T.);
#14632 = EDGE_CURVE('',#12702,#14633,#14635,.T.);
#14633 = VERTEX_POINT('',#14634);
#14634 = CARTESIAN_POINT('',(68.304947,3.812181,-3.5E-02));
#14635 = LINE('',#14636,#14637);
#14636 = CARTESIAN_POINT('',(68.304947,3.812181,0.));
#14637 = VECTOR('',#14638,1.);
#14638 = DIRECTION('',(0.,0.,-1.));
#14639 = ORIENTED_EDGE('',*,*,#14640,.T.);
#14640 = EDGE_CURVE('',#14633,#14608,#14641,.T.);
#14641 = LINE('',#14642,#14643);
#14642 = CARTESIAN_POINT('',(68.304947,3.812181,-3.5E-02));
#14643 = VECTOR('',#14644,1.);
#14644 = DIRECTION('',(0.587779734522,-0.809021003241,0.));
#14645 = ORIENTED_EDGE('',*,*,#14607,.F.);
#14646 = ORIENTED_EDGE('',*,*,#12710,.F.);
#14647 = PLANE('',#14648);
#14648 = AXIS2_PLACEMENT_3D('',#14649,#14650,#14651);
#14649 = CARTESIAN_POINT('',(68.304947,3.812181,0.));
#14650 = DIRECTION('',(-0.809021003241,-0.587779734522,-0.));
#14651 = DIRECTION('',(0.587779734522,-0.809021003241,0.));
#14652 = ADVANCED_FACE('',(#14653),#14672,.T.);
#14653 = FACE_BOUND('',#14654,.F.);
#14654 = EDGE_LOOP('',(#14655,#14663,#14670,#14671));
#14655 = ORIENTED_EDGE('',*,*,#14656,.T.);
#14656 = EDGE_CURVE('',#12694,#14657,#14659,.T.);
#14657 = VERTEX_POINT('',#14658);
#14658 = CARTESIAN_POINT('',(68.127481,3.871738,-3.5E-02));
#14659 = LINE('',#14660,#14661);
#14660 = CARTESIAN_POINT('',(68.127481,3.871738,0.));
#14661 = VECTOR('',#14662,1.);
#14662 = DIRECTION('',(0.,0.,-1.));
#14663 = ORIENTED_EDGE('',*,*,#14664,.T.);
#14664 = EDGE_CURVE('',#14657,#14633,#14665,.T.);
#14665 = CIRCLE('',#14666,0.1244636161);
#14666 = AXIS2_PLACEMENT_3D('',#14667,#14668,#14669);
#14667 = CARTESIAN_POINT('',(68.1901116636,3.764180612017,-3.5E-02));
#14668 = DIRECTION('',(0.,0.,-1.));
#14669 = DIRECTION('',(-0.503204595546,0.864167307309,0.));
#14670 = ORIENTED_EDGE('',*,*,#14632,.F.);
#14671 = ORIENTED_EDGE('',*,*,#12701,.F.);
#14672 = CYLINDRICAL_SURFACE('',#14673,0.1244636161);
#14673 = AXIS2_PLACEMENT_3D('',#14674,#14675,#14676);
#14674 = CARTESIAN_POINT('',(68.1901116636,3.764180612017,0.));
#14675 = DIRECTION('',(-0.,-0.,1.));
#14676 = DIRECTION('',(-0.503204595546,0.864167307309,0.));
#14677 = ADVANCED_FACE('',(#14678),#14696,.F.);
#14678 = FACE_BOUND('',#14679,.F.);
#14679 = EDGE_LOOP('',(#14680,#14688,#14694,#14695));
#14680 = ORIENTED_EDGE('',*,*,#14681,.T.);
#14681 = EDGE_CURVE('',#12685,#14682,#14684,.T.);
#14682 = VERTEX_POINT('',#14683);
#14683 = CARTESIAN_POINT('',(68.07951,3.820942,-3.5E-02));
#14684 = LINE('',#14685,#14686);
#14685 = CARTESIAN_POINT('',(68.07951,3.820942,0.));
#14686 = VECTOR('',#14687,1.);
#14687 = DIRECTION('',(0.,0.,-1.));
#14688 = ORIENTED_EDGE('',*,*,#14689,.T.);
#14689 = EDGE_CURVE('',#14682,#14657,#14690,.T.);
#14690 = LINE('',#14691,#14692);
#14691 = CARTESIAN_POINT('',(68.07951,3.820942,-3.5E-02));
#14692 = VECTOR('',#14693,1.);
#14693 = DIRECTION('',(0.686600837569,0.727034586419,0.));
#14694 = ORIENTED_EDGE('',*,*,#14656,.F.);
#14695 = ORIENTED_EDGE('',*,*,#12693,.F.);
#14696 = PLANE('',#14697);
#14697 = AXIS2_PLACEMENT_3D('',#14698,#14699,#14700);
#14698 = CARTESIAN_POINT('',(68.07951,3.820942,0.));
#14699 = DIRECTION('',(0.727034586419,-0.686600837569,0.));
#14700 = DIRECTION('',(0.686600837569,0.727034586419,0.));
#14701 = ADVANCED_FACE('',(#14702),#14721,.F.);
#14702 = FACE_BOUND('',#14703,.F.);
#14703 = EDGE_LOOP('',(#14704,#14712,#14719,#14720));
#14704 = ORIENTED_EDGE('',*,*,#14705,.T.);
#14705 = EDGE_CURVE('',#12677,#14706,#14708,.T.);
#14706 = VERTEX_POINT('',#14707);
#14707 = CARTESIAN_POINT('',(65.764948,3.812179,-3.5E-02));
#14708 = LINE('',#14709,#14710);
#14709 = CARTESIAN_POINT('',(65.764948,3.812179,0.));
#14710 = VECTOR('',#14711,1.);
#14711 = DIRECTION('',(0.,0.,-1.));
#14712 = ORIENTED_EDGE('',*,*,#14713,.T.);
#14713 = EDGE_CURVE('',#14706,#14682,#14714,.T.);
#14714 = CIRCLE('',#14715,1.35394435347);
#14715 = AXIS2_PLACEMENT_3D('',#14716,#14717,#14718);
#14716 = CARTESIAN_POINT('',(66.919568415827,4.519297807308,-3.5E-02));
#14717 = DIRECTION('',(0.,0.,1.));
#14718 = DIRECTION('',(-0.852782769741,-0.52226578256,0.));
#14719 = ORIENTED_EDGE('',*,*,#14681,.F.);
#14720 = ORIENTED_EDGE('',*,*,#12684,.F.);
#14721 = CYLINDRICAL_SURFACE('',#14722,1.35394435347);
#14722 = AXIS2_PLACEMENT_3D('',#14723,#14724,#14725);
#14723 = CARTESIAN_POINT('',(66.919568415827,4.519297807308,0.));
#14724 = DIRECTION('',(0.,0.,1.));
#14725 = DIRECTION('',(-0.852782769741,-0.52226578256,0.));
#14726 = ADVANCED_FACE('',(#14727),#14745,.F.);
#14727 = FACE_BOUND('',#14728,.F.);
#14728 = EDGE_LOOP('',(#14729,#14737,#14743,#14744));
#14729 = ORIENTED_EDGE('',*,*,#14730,.T.);
#14730 = EDGE_CURVE('',#12669,#14731,#14733,.T.);
#14731 = VERTEX_POINT('',#14732);
#14732 = CARTESIAN_POINT('',(65.727025,3.884826,-3.5E-02));
#14733 = LINE('',#14734,#14735);
#14734 = CARTESIAN_POINT('',(65.727025,3.884826,0.));
#14735 = VECTOR('',#14736,1.);
#14736 = DIRECTION('',(0.,0.,-1.));
#14737 = ORIENTED_EDGE('',*,*,#14738,.T.);
#14738 = EDGE_CURVE('',#14731,#14706,#14739,.T.);
#14739 = LINE('',#14740,#14741);
#14740 = CARTESIAN_POINT('',(65.727025,3.884826,-3.5E-02));
#14741 = VECTOR('',#14742,1.);
#14742 = DIRECTION('',(0.462759913919,-0.886483650199,0.));
#14743 = ORIENTED_EDGE('',*,*,#14705,.F.);
#14744 = ORIENTED_EDGE('',*,*,#12676,.F.);
#14745 = PLANE('',#14746);
#14746 = AXIS2_PLACEMENT_3D('',#14747,#14748,#14749);
#14747 = CARTESIAN_POINT('',(65.727025,3.884826,0.));
#14748 = DIRECTION('',(-0.886483650199,-0.462759913919,-0.));
#14749 = DIRECTION('',(0.462759913919,-0.886483650199,0.));
#14750 = ADVANCED_FACE('',(#14751),#14769,.F.);
#14751 = FACE_BOUND('',#14752,.F.);
#14752 = EDGE_LOOP('',(#14753,#14761,#14767,#14768));
#14753 = ORIENTED_EDGE('',*,*,#14754,.T.);
#14754 = EDGE_CURVE('',#12661,#14755,#14757,.T.);
#14755 = VERTEX_POINT('',#14756);
#14756 = CARTESIAN_POINT('',(65.673573,3.929822,-3.5E-02));
#14757 = LINE('',#14758,#14759);
#14758 = CARTESIAN_POINT('',(65.673573,3.929822,0.));
#14759 = VECTOR('',#14760,1.);
#14760 = DIRECTION('',(0.,0.,-1.));
#14761 = ORIENTED_EDGE('',*,*,#14762,.T.);
#14762 = EDGE_CURVE('',#14755,#14731,#14763,.T.);
#14763 = LINE('',#14764,#14765);
#14764 = CARTESIAN_POINT('',(65.673573,3.929822,-3.5E-02));
#14765 = VECTOR('',#14766,1.);
#14766 = DIRECTION('',(0.765025499562,-0.643999988369,0.));
#14767 = ORIENTED_EDGE('',*,*,#14730,.F.);
#14768 = ORIENTED_EDGE('',*,*,#12668,.F.);
#14769 = PLANE('',#14770);
#14770 = AXIS2_PLACEMENT_3D('',#14771,#14772,#14773);
#14771 = CARTESIAN_POINT('',(65.673573,3.929822,0.));
#14772 = DIRECTION('',(-0.643999988369,-0.765025499562,-0.));
#14773 = DIRECTION('',(0.765025499562,-0.643999988369,0.));
#14774 = ADVANCED_FACE('',(#14775),#14793,.F.);
#14775 = FACE_BOUND('',#14776,.F.);
#14776 = EDGE_LOOP('',(#14777,#14785,#14791,#14792));
#14777 = ORIENTED_EDGE('',*,*,#14778,.T.);
#14778 = EDGE_CURVE('',#12653,#14779,#14781,.T.);
#14779 = VERTEX_POINT('',#14780);
#14780 = CARTESIAN_POINT('',(65.598525,3.937866,-3.5E-02));
#14781 = LINE('',#14782,#14783);
#14782 = CARTESIAN_POINT('',(65.598525,3.937866,0.));
#14783 = VECTOR('',#14784,1.);
#14784 = DIRECTION('',(0.,0.,-1.));
#14785 = ORIENTED_EDGE('',*,*,#14786,.T.);
#14786 = EDGE_CURVE('',#14779,#14755,#14787,.T.);
#14787 = LINE('',#14788,#14789);
#14788 = CARTESIAN_POINT('',(65.598525,3.937866,-3.5E-02));
#14789 = VECTOR('',#14790,1.);
#14790 = DIRECTION('',(0.994304742331,-0.106574290418,0.));
#14791 = ORIENTED_EDGE('',*,*,#14754,.F.);
#14792 = ORIENTED_EDGE('',*,*,#12660,.F.);
#14793 = PLANE('',#14794);
#14794 = AXIS2_PLACEMENT_3D('',#14795,#14796,#14797);
#14795 = CARTESIAN_POINT('',(65.598525,3.937866,0.));
#14796 = DIRECTION('',(-0.106574290418,-0.994304742331,-0.));
#14797 = DIRECTION('',(0.994304742331,-0.106574290418,0.));
#14798 = ADVANCED_FACE('',(#14799),#14817,.F.);
#14799 = FACE_BOUND('',#14800,.F.);
#14800 = EDGE_LOOP('',(#14801,#14802,#14810,#14816));
#14801 = ORIENTED_EDGE('',*,*,#12652,.F.);
#14802 = ORIENTED_EDGE('',*,*,#14803,.F.);
#14803 = EDGE_CURVE('',#14804,#12644,#14806,.T.);
#14804 = VERTEX_POINT('',#14805);
#14805 = CARTESIAN_POINT('',(65.208097214197,4.328295127178,-3.5E-02));
#14806 = LINE('',#14807,#14808);
#14807 = CARTESIAN_POINT('',(65.208097214196,4.328295127178,0.));
#14808 = VECTOR('',#14809,1.);
#14809 = DIRECTION('',(0.,0.,1.));
#14810 = ORIENTED_EDGE('',*,*,#14811,.T.);
#14811 = EDGE_CURVE('',#14804,#14779,#14812,.T.);
#14812 = LINE('',#14813,#14814);
#14813 = CARTESIAN_POINT('',(65.016394,4.519999,-3.5E-02));
#14814 = VECTOR('',#14815,1.);
#14815 = DIRECTION('',(0.707105566501,-0.70710799587,0.));
#14816 = ORIENTED_EDGE('',*,*,#14778,.F.);
#14817 = PLANE('',#14818);
#14818 = AXIS2_PLACEMENT_3D('',#14819,#14820,#14821);
#14819 = CARTESIAN_POINT('',(65.016394,4.519999,0.));
#14820 = DIRECTION('',(-0.70710799587,-0.707105566501,-0.));
#14821 = DIRECTION('',(0.707105566501,-0.70710799587,0.));
#14822 = ADVANCED_FACE('',(#14823),#14848,.F.);
#14823 = FACE_BOUND('',#14824,.F.);
#14824 = EDGE_LOOP('',(#14825,#14826,#14834,#14842));
#14825 = ORIENTED_EDGE('',*,*,#12846,.F.);
#14826 = ORIENTED_EDGE('',*,*,#14827,.T.);
#14827 = EDGE_CURVE('',#12847,#14828,#14830,.T.);
#14828 = VERTEX_POINT('',#14829);
#14829 = CARTESIAN_POINT('',(64.96213,3.30147,-3.5E-02));
#14830 = LINE('',#14831,#14832);
#14831 = CARTESIAN_POINT('',(64.96213,3.30147,0.));
#14832 = VECTOR('',#14833,1.);
#14833 = DIRECTION('',(0.,0.,-1.));
#14834 = ORIENTED_EDGE('',*,*,#14835,.T.);
#14835 = EDGE_CURVE('',#14828,#14836,#14838,.T.);
#14836 = VERTEX_POINT('',#14837);
#14837 = CARTESIAN_POINT('',(64.571701694636,3.691898976053,-3.5E-02));
#14838 = LINE('',#14839,#14840);
#14839 = CARTESIAN_POINT('',(64.96213,3.30147,-3.5E-02));
#14840 = VECTOR('',#14841,1.);
#14841 = DIRECTION('',(-0.707106173843,0.707107388529,0.));
#14842 = ORIENTED_EDGE('',*,*,#14843,.T.);
#14843 = EDGE_CURVE('',#14836,#12849,#14844,.T.);
#14844 = LINE('',#14845,#14846);
#14845 = CARTESIAN_POINT('',(64.571701694636,3.691898976052,0.));
#14846 = VECTOR('',#14847,1.);
#14847 = DIRECTION('',(0.,0.,1.));
#14848 = PLANE('',#14849);
#14849 = AXIS2_PLACEMENT_3D('',#14850,#14851,#14852);
#14850 = CARTESIAN_POINT('',(64.96213,3.30147,0.));
#14851 = DIRECTION('',(0.707107388529,0.707106173843,0.));
#14852 = DIRECTION('',(-0.707106173843,0.707107388529,0.));
#14853 = ADVANCED_FACE('',(#14854),#14872,.F.);
#14854 = FACE_BOUND('',#14855,.F.);
#14855 = EDGE_LOOP('',(#14856,#14864,#14870,#14871));
#14856 = ORIENTED_EDGE('',*,*,#14857,.T.);
#14857 = EDGE_CURVE('',#12882,#14858,#14860,.T.);
#14858 = VERTEX_POINT('',#14859);
#14859 = CARTESIAN_POINT('',(64.898223,3.268907,-3.5E-02));
#14860 = LINE('',#14861,#14862);
#14861 = CARTESIAN_POINT('',(64.898223,3.268907,0.));
#14862 = VECTOR('',#14863,1.);
#14863 = DIRECTION('',(0.,0.,-1.));
#14864 = ORIENTED_EDGE('',*,*,#14865,.T.);
#14865 = EDGE_CURVE('',#14858,#14828,#14866,.T.);
#14866 = LINE('',#14867,#14868);
#14867 = CARTESIAN_POINT('',(64.898223,3.268907,-3.5E-02));
#14868 = VECTOR('',#14869,1.);
#14869 = DIRECTION('',(0.891002254317,0.453998879737,0.));
#14870 = ORIENTED_EDGE('',*,*,#14827,.F.);
#14871 = ORIENTED_EDGE('',*,*,#12890,.F.);
#14872 = PLANE('',#14873);
#14873 = AXIS2_PLACEMENT_3D('',#14874,#14875,#14876);
#14874 = CARTESIAN_POINT('',(64.898223,3.268907,0.));
#14875 = DIRECTION('',(0.453998879737,-0.891002254317,0.));
#14876 = DIRECTION('',(0.891002254317,0.453998879737,0.));
#14877 = ADVANCED_FACE('',(#14878),#14897,.F.);
#14878 = FACE_BOUND('',#14879,.F.);
#14879 = EDGE_LOOP('',(#14880,#14888,#14895,#14896));
#14880 = ORIENTED_EDGE('',*,*,#14881,.T.);
#14881 = EDGE_CURVE('',#12874,#14882,#14884,.T.);
#14882 = VERTEX_POINT('',#14883);
#14883 = CARTESIAN_POINT('',(63.861779,3.268904,-3.5E-02));
#14884 = LINE('',#14885,#14886);
#14885 = CARTESIAN_POINT('',(63.861779,3.268904,0.));
#14886 = VECTOR('',#14887,1.);
#14887 = DIRECTION('',(0.,0.,-1.));
#14888 = ORIENTED_EDGE('',*,*,#14889,.T.);
#14889 = EDGE_CURVE('',#14882,#14858,#14890,.T.);
#14890 = CIRCLE('',#14891,1.354166275402);
#14891 = AXIS2_PLACEMENT_3D('',#14892,#14893,#14894);
#14892 = CARTESIAN_POINT('',(64.379997378721,4.519989933656,-3.5E-02));
#14893 = DIRECTION('',(0.,0.,1.));
#14894 = DIRECTION('',(-0.38268445178,-0.923879110255,0.));
#14895 = ORIENTED_EDGE('',*,*,#14857,.F.);
#14896 = ORIENTED_EDGE('',*,*,#12881,.F.);
#14897 = CYLINDRICAL_SURFACE('',#14898,1.354166275402);
#14898 = AXIS2_PLACEMENT_3D('',#14899,#14900,#14901);
#14899 = CARTESIAN_POINT('',(64.379997378721,4.519989933656,0.));
#14900 = DIRECTION('',(0.,0.,1.));
#14901 = DIRECTION('',(-0.38268445178,-0.923879110255,0.));
#14902 = ADVANCED_FACE('',(#14903),#14921,.F.);
#14903 = FACE_BOUND('',#14904,.F.);
#14904 = EDGE_LOOP('',(#14905,#14913,#14919,#14920));
#14905 = ORIENTED_EDGE('',*,*,#14906,.T.);
#14906 = EDGE_CURVE('',#12866,#14907,#14909,.T.);
#14907 = VERTEX_POINT('',#14908);
#14908 = CARTESIAN_POINT('',(63.797864,3.301471,-3.5E-02));
#14909 = LINE('',#14910,#14911);
#14910 = CARTESIAN_POINT('',(63.797864,3.301471,0.));
#14911 = VECTOR('',#14912,1.);
#14912 = DIRECTION('',(0.,0.,-1.));
#14913 = ORIENTED_EDGE('',*,*,#14914,.T.);
#14914 = EDGE_CURVE('',#14907,#14882,#14915,.T.);
#14915 = LINE('',#14916,#14917);
#14916 = CARTESIAN_POINT('',(63.797864,3.301471,-3.5E-02));
#14917 = VECTOR('',#14918,1.);
#14918 = DIRECTION('',(0.891002684571,-0.453998035335,0.));
#14919 = ORIENTED_EDGE('',*,*,#14881,.F.);
#14920 = ORIENTED_EDGE('',*,*,#12873,.F.);
#14921 = PLANE('',#14922);
#14922 = AXIS2_PLACEMENT_3D('',#14923,#14924,#14925);
#14923 = CARTESIAN_POINT('',(63.797864,3.301471,0.));
#14924 = DIRECTION('',(-0.453998035335,-0.891002684571,-0.));
#14925 = DIRECTION('',(0.891002684571,-0.453998035335,0.));
#14926 = ADVANCED_FACE('',(#14927),#14945,.F.);
#14927 = FACE_BOUND('',#14928,.F.);
#14928 = EDGE_LOOP('',(#14929,#14930,#14938,#14944));
#14929 = ORIENTED_EDGE('',*,*,#12865,.F.);
#14930 = ORIENTED_EDGE('',*,*,#14931,.F.);
#14931 = EDGE_CURVE('',#14932,#12857,#14934,.T.);
#14932 = VERTEX_POINT('',#14933);
#14933 = CARTESIAN_POINT('',(64.188294592362,3.691898909613,-3.5E-02));
#14934 = LINE('',#14935,#14936);
#14935 = CARTESIAN_POINT('',(64.188294592362,3.691898909612,0.));
#14936 = VECTOR('',#14937,1.);
#14937 = DIRECTION('',(0.,0.,1.));
#14938 = ORIENTED_EDGE('',*,*,#14939,.T.);
#14939 = EDGE_CURVE('',#14932,#14907,#14940,.T.);
#14940 = LINE('',#14941,#14942);
#14941 = CARTESIAN_POINT('',(64.379999,3.883602,-3.5E-02));
#14942 = VECTOR('',#14943,1.);
#14943 = DIRECTION('',(-0.707109210547,-0.707104351817,0.));
#14944 = ORIENTED_EDGE('',*,*,#14906,.F.);
#14945 = PLANE('',#14946);
#14946 = AXIS2_PLACEMENT_3D('',#14947,#14948,#14949);
#14947 = CARTESIAN_POINT('',(64.379999,3.883602,0.));
#14948 = DIRECTION('',(-0.707104351817,0.707109210547,0.));
#14949 = DIRECTION('',(-0.707109210547,-0.707104351817,0.));
#14950 = ADVANCED_FACE('',(#14951),#14976,.F.);
#14951 = FACE_BOUND('',#14952,.F.);
#14952 = EDGE_LOOP('',(#14953,#14954,#14962,#14970));
#14953 = ORIENTED_EDGE('',*,*,#12523,.F.);
#14954 = ORIENTED_EDGE('',*,*,#14955,.T.);
#14955 = EDGE_CURVE('',#12516,#14956,#14958,.T.);
#14956 = VERTEX_POINT('',#14957);
#14957 = CARTESIAN_POINT('',(63.210181,3.982572,-3.5E-02));
#14958 = LINE('',#14959,#14960);
#14959 = CARTESIAN_POINT('',(63.210181,3.982572,0.));
#14960 = VECTOR('',#14961,1.);
#14961 = DIRECTION('',(0.,0.,-1.));
#14962 = ORIENTED_EDGE('',*,*,#14963,.T.);
#14963 = EDGE_CURVE('',#14956,#14964,#14966,.T.);
#14964 = VERTEX_POINT('',#14965);
#14965 = CARTESIAN_POINT('',(63.552169737737,4.327128437348,-3.5E-02));
#14966 = LINE('',#14967,#14968);
#14967 = CARTESIAN_POINT('',(63.210181,3.982572,-3.5E-02));
#14968 = VECTOR('',#14969,1.);
#14969 = DIRECTION('',(0.704457253654,0.709746417937,0.));
#14970 = ORIENTED_EDGE('',*,*,#14971,.T.);
#14971 = EDGE_CURVE('',#14964,#12524,#14972,.T.);
#14972 = LINE('',#14973,#14974);
#14973 = CARTESIAN_POINT('',(63.552169737736,4.327128437348,0.));
#14974 = VECTOR('',#14975,1.);
#14975 = DIRECTION('',(0.,0.,1.));
#14976 = PLANE('',#14977);
#14977 = AXIS2_PLACEMENT_3D('',#14978,#14979,#14980);
#14978 = CARTESIAN_POINT('',(63.210181,3.982572,0.));
#14979 = DIRECTION('',(0.709746417937,-0.704457253654,0.));
#14980 = DIRECTION('',(0.704457253654,0.709746417937,0.));
#14981 = ADVANCED_FACE('',(#14982),#15000,.F.);
#14982 = FACE_BOUND('',#14983,.F.);
#14983 = EDGE_LOOP('',(#14984,#14992,#14998,#14999));
#14984 = ORIENTED_EDGE('',*,*,#14985,.T.);
#14985 = EDGE_CURVE('',#12508,#14986,#14988,.T.);
#14986 = VERTEX_POINT('',#14987);
#14987 = CARTESIAN_POINT('',(63.190497,3.915536,-3.5E-02));
#14988 = LINE('',#14989,#14990);
#14989 = CARTESIAN_POINT('',(63.190497,3.915536,0.));
#14990 = VECTOR('',#14991,1.);
#14991 = DIRECTION('',(0.,0.,-1.));
#14992 = ORIENTED_EDGE('',*,*,#14993,.T.);
#14993 = EDGE_CURVE('',#14986,#14956,#14994,.T.);
#14994 = LINE('',#14995,#14996);
#14995 = CARTESIAN_POINT('',(63.190497,3.915536,-3.5E-02));
#14996 = VECTOR('',#14997,1.);
#14997 = DIRECTION('',(0.28173854472,0.959491215395,0.));
#14998 = ORIENTED_EDGE('',*,*,#14955,.F.);
#14999 = ORIENTED_EDGE('',*,*,#12515,.F.);
#15000 = PLANE('',#15001);
#15001 = AXIS2_PLACEMENT_3D('',#15002,#15003,#15004);
#15002 = CARTESIAN_POINT('',(63.190497,3.915536,0.));
#15003 = DIRECTION('',(0.959491215395,-0.28173854472,0.));
#15004 = DIRECTION('',(0.28173854472,0.959491215395,0.));
#15005 = ADVANCED_FACE('',(#15006),#15024,.F.);
#15006 = FACE_BOUND('',#15007,.F.);
#15007 = EDGE_LOOP('',(#15008,#15016,#15022,#15023));
#15008 = ORIENTED_EDGE('',*,*,#15009,.T.);
#15009 = EDGE_CURVE('',#12500,#15010,#15012,.T.);
#15010 = VERTEX_POINT('',#15011);
#15011 = CARTESIAN_POINT('',(63.190498,3.622125,-3.5E-02));
#15012 = LINE('',#15013,#15014);
#15013 = CARTESIAN_POINT('',(63.190498,3.622125,0.));
#15014 = VECTOR('',#15015,1.);
#15015 = DIRECTION('',(0.,0.,-1.));
#15016 = ORIENTED_EDGE('',*,*,#15017,.T.);
#15017 = EDGE_CURVE('',#15010,#14986,#15018,.T.);
#15018 = LINE('',#15019,#15020);
#15019 = CARTESIAN_POINT('',(63.190498,3.622125,-3.5E-02));
#15020 = VECTOR('',#15021,1.);
#15021 = DIRECTION('',(-3.408188505098E-06,0.999999999994,0.));
#15022 = ORIENTED_EDGE('',*,*,#14985,.F.);
#15023 = ORIENTED_EDGE('',*,*,#12507,.F.);
#15024 = PLANE('',#15025);
#15025 = AXIS2_PLACEMENT_3D('',#15026,#15027,#15028);
#15026 = CARTESIAN_POINT('',(63.190498,3.622125,0.));
#15027 = DIRECTION('',(0.999999999994,3.408188505098E-06,0.));
#15028 = DIRECTION('',(-3.408188505098E-06,0.999999999994,0.));
#15029 = ADVANCED_FACE('',(#15030),#15048,.F.);
#15030 = FACE_BOUND('',#15031,.F.);
#15031 = EDGE_LOOP('',(#15032,#15040,#15046,#15047));
#15032 = ORIENTED_EDGE('',*,*,#15033,.T.);
#15033 = EDGE_CURVE('',#12491,#15034,#15036,.T.);
#15034 = VERTEX_POINT('',#15035);
#15035 = CARTESIAN_POINT('',(63.184089,3.562515,-3.5E-02));
#15036 = LINE('',#15037,#15038);
#15037 = CARTESIAN_POINT('',(63.184089,3.562515,0.));
#15038 = VECTOR('',#15039,1.);
#15039 = DIRECTION('',(0.,0.,-1.));
#15040 = ORIENTED_EDGE('',*,*,#15041,.T.);
#15041 = EDGE_CURVE('',#15034,#15010,#15042,.T.);
#15042 = LINE('',#15043,#15044);
#15043 = CARTESIAN_POINT('',(63.184089,3.562515,-3.5E-02));
#15044 = VECTOR('',#15045,1.);
#15045 = DIRECTION('',(0.106899436186,0.994269837893,0.));
#15046 = ORIENTED_EDGE('',*,*,#15009,.F.);
#15047 = ORIENTED_EDGE('',*,*,#12499,.F.);
#15048 = PLANE('',#15049);
#15049 = AXIS2_PLACEMENT_3D('',#15050,#15051,#15052);
#15050 = CARTESIAN_POINT('',(63.184089,3.562515,0.));
#15051 = DIRECTION('',(0.994269837893,-0.106899436186,0.));
#15052 = DIRECTION('',(0.106899436186,0.994269837893,0.));
#15053 = ADVANCED_FACE('',(#15054),#15073,.F.);
#15054 = FACE_BOUND('',#15055,.F.);
#15055 = EDGE_LOOP('',(#15056,#15064,#15071,#15072));
#15056 = ORIENTED_EDGE('',*,*,#15057,.T.);
#15057 = EDGE_CURVE('',#12483,#15058,#15060,.T.);
#15058 = VERTEX_POINT('',#15059);
#15059 = CARTESIAN_POINT('',(62.797481,3.175907,-3.5E-02));
#15060 = LINE('',#15061,#15062);
#15061 = CARTESIAN_POINT('',(62.797481,3.175907,0.));
#15062 = VECTOR('',#15063,1.);
#15063 = DIRECTION('',(0.,0.,-1.));
#15064 = ORIENTED_EDGE('',*,*,#15065,.T.);
#15065 = EDGE_CURVE('',#15058,#15034,#15066,.T.);
#15066 = CIRCLE('',#15067,0.505647818467);
#15067 = AXIS2_PLACEMENT_3D('',#15068,#15069,#15070);
#15068 = CARTESIAN_POINT('',(62.68999699867,3.66999900133,-3.5E-02));
#15069 = DIRECTION('',(0.,0.,1.));
#15070 = DIRECTION('',(0.212566923864,-0.977146510447,0.));
#15071 = ORIENTED_EDGE('',*,*,#15033,.F.);
#15072 = ORIENTED_EDGE('',*,*,#12490,.F.);
#15073 = CYLINDRICAL_SURFACE('',#15074,0.505647818467);
#15074 = AXIS2_PLACEMENT_3D('',#15075,#15076,#15077);
#15075 = CARTESIAN_POINT('',(62.68999699867,3.66999900133,0.));
#15076 = DIRECTION('',(0.,0.,1.));
#15077 = DIRECTION('',(0.212566923864,-0.977146510447,0.));
#15078 = ADVANCED_FACE('',(#15079),#15097,.F.);
#15079 = FACE_BOUND('',#15080,.F.);
#15080 = EDGE_LOOP('',(#15081,#15089,#15095,#15096));
#15081 = ORIENTED_EDGE('',*,*,#15082,.T.);
#15082 = EDGE_CURVE('',#12475,#15083,#15085,.T.);
#15083 = VERTEX_POINT('',#15084);
#15084 = CARTESIAN_POINT('',(62.73787,3.169499,-3.5E-02));
#15085 = LINE('',#15086,#15087);
#15086 = CARTESIAN_POINT('',(62.73787,3.169499,0.));
#15087 = VECTOR('',#15088,1.);
#15088 = DIRECTION('',(0.,0.,-1.));
#15089 = ORIENTED_EDGE('',*,*,#15090,.T.);
#15090 = EDGE_CURVE('',#15083,#15058,#15091,.T.);
#15091 = LINE('',#15092,#15093);
#15092 = CARTESIAN_POINT('',(62.73787,3.169499,-3.5E-02));
#15093 = VECTOR('',#15094,1.);
#15094 = DIRECTION('',(0.994271801122,0.106881174642,0.));
#15095 = ORIENTED_EDGE('',*,*,#15057,.F.);
#15096 = ORIENTED_EDGE('',*,*,#12482,.F.);
#15097 = PLANE('',#15098);
#15098 = AXIS2_PLACEMENT_3D('',#15099,#15100,#15101);
#15099 = CARTESIAN_POINT('',(62.73787,3.169499,0.));
#15100 = DIRECTION('',(0.106881174642,-0.994271801122,0.));
#15101 = DIRECTION('',(0.994271801122,0.106881174642,0.));
#15102 = ADVANCED_FACE('',(#15103),#15121,.F.);
#15103 = FACE_BOUND('',#15104,.F.);
#15104 = EDGE_LOOP('',(#15105,#15113,#15119,#15120));
#15105 = ORIENTED_EDGE('',*,*,#15106,.T.);
#15106 = EDGE_CURVE('',#12467,#15107,#15109,.T.);
#15107 = VERTEX_POINT('',#15108);
#15108 = CARTESIAN_POINT('',(60.942125,3.169498,-3.5E-02));
#15109 = LINE('',#15110,#15111);
#15110 = CARTESIAN_POINT('',(60.942125,3.169498,0.));
#15111 = VECTOR('',#15112,1.);
#15112 = DIRECTION('',(0.,0.,-1.));
#15113 = ORIENTED_EDGE('',*,*,#15114,.T.);
#15114 = EDGE_CURVE('',#15107,#15083,#15115,.T.);
#15115 = LINE('',#15116,#15117);
#15116 = CARTESIAN_POINT('',(60.942125,3.169498,-3.5E-02));
#15117 = VECTOR('',#15118,1.);
#15118 = DIRECTION('',(1.,5.568719390223E-07,0.));
#15119 = ORIENTED_EDGE('',*,*,#15082,.F.);
#15120 = ORIENTED_EDGE('',*,*,#12474,.F.);
#15121 = PLANE('',#15122);
#15122 = AXIS2_PLACEMENT_3D('',#15123,#15124,#15125);
#15123 = CARTESIAN_POINT('',(60.942125,3.169498,0.));
#15124 = DIRECTION('',(5.568719390223E-07,-1.,0.));
#15125 = DIRECTION('',(1.,5.568719390223E-07,0.));
#15126 = ADVANCED_FACE('',(#15127),#15145,.F.);
#15127 = FACE_BOUND('',#15128,.F.);
#15128 = EDGE_LOOP('',(#15129,#15137,#15143,#15144));
#15129 = ORIENTED_EDGE('',*,*,#15130,.T.);
#15130 = EDGE_CURVE('',#12458,#15131,#15133,.T.);
#15131 = VERTEX_POINT('',#15132);
#15132 = CARTESIAN_POINT('',(60.882514,3.175907,-3.5E-02));
#15133 = LINE('',#15134,#15135);
#15134 = CARTESIAN_POINT('',(60.882514,3.175907,0.));
#15135 = VECTOR('',#15136,1.);
#15136 = DIRECTION('',(0.,0.,-1.));
#15137 = ORIENTED_EDGE('',*,*,#15138,.T.);
#15138 = EDGE_CURVE('',#15131,#15107,#15139,.T.);
#15139 = LINE('',#15140,#15141);
#15140 = CARTESIAN_POINT('',(60.882514,3.175907,-3.5E-02));
#15141 = VECTOR('',#15142,1.);
#15142 = DIRECTION('',(0.994270028494,-0.106897663395,0.));
#15143 = ORIENTED_EDGE('',*,*,#15106,.F.);
#15144 = ORIENTED_EDGE('',*,*,#12466,.F.);
#15145 = PLANE('',#15146);
#15146 = AXIS2_PLACEMENT_3D('',#15147,#15148,#15149);
#15147 = CARTESIAN_POINT('',(60.882514,3.175907,0.));
#15148 = DIRECTION('',(-0.106897663395,-0.994270028494,-0.));
#15149 = DIRECTION('',(0.994270028494,-0.106897663395,0.));
#15150 = ADVANCED_FACE('',(#15151),#15170,.F.);
#15151 = FACE_BOUND('',#15152,.F.);
#15152 = EDGE_LOOP('',(#15153,#15161,#15168,#15169));
#15153 = ORIENTED_EDGE('',*,*,#15154,.T.);
#15154 = EDGE_CURVE('',#12450,#15155,#15157,.T.);
#15155 = VERTEX_POINT('',#15156);
#15156 = CARTESIAN_POINT('',(60.495906,3.562515,-3.5E-02));
#15157 = LINE('',#15158,#15159);
#15158 = CARTESIAN_POINT('',(60.495906,3.562515,0.));
#15159 = VECTOR('',#15160,1.);
#15160 = DIRECTION('',(0.,0.,-1.));
#15161 = ORIENTED_EDGE('',*,*,#15162,.T.);
#15162 = EDGE_CURVE('',#15155,#15131,#15163,.T.);
#15163 = CIRCLE('',#15164,0.505651565713);
#15164 = AXIS2_PLACEMENT_3D('',#15165,#15166,#15167);
#15165 = CARTESIAN_POINT('',(60.99000115103,3.67000215103,-3.5E-02));
#15166 = DIRECTION('',(0.,0.,1.));
#15167 = DIRECTION('',(-0.977145498073,-0.212571577582,0.));
#15168 = ORIENTED_EDGE('',*,*,#15130,.F.);
#15169 = ORIENTED_EDGE('',*,*,#12457,.F.);
#15170 = CYLINDRICAL_SURFACE('',#15171,0.505651565713);
#15171 = AXIS2_PLACEMENT_3D('',#15172,#15173,#15174);
#15172 = CARTESIAN_POINT('',(60.99000115103,3.67000215103,0.));
#15173 = DIRECTION('',(0.,0.,1.));
#15174 = DIRECTION('',(-0.977145498073,-0.212571577582,0.));
#15175 = ADVANCED_FACE('',(#15176),#15194,.F.);
#15176 = FACE_BOUND('',#15177,.F.);
#15177 = EDGE_LOOP('',(#15178,#15186,#15192,#15193));
#15178 = ORIENTED_EDGE('',*,*,#15179,.T.);
#15179 = EDGE_CURVE('',#12442,#15180,#15182,.T.);
#15180 = VERTEX_POINT('',#15181);
#15181 = CARTESIAN_POINT('',(60.489498,3.622128,-3.5E-02));
#15182 = LINE('',#15183,#15184);
#15183 = CARTESIAN_POINT('',(60.489498,3.622128,0.));
#15184 = VECTOR('',#15185,1.);
#15185 = DIRECTION('',(0.,0.,-1.));
#15186 = ORIENTED_EDGE('',*,*,#15187,.T.);
#15187 = EDGE_CURVE('',#15180,#15155,#15188,.T.);
#15188 = LINE('',#15189,#15190);
#15189 = CARTESIAN_POINT('',(60.489498,3.622128,-3.5E-02));
#15190 = VECTOR('',#15191,1.);
#15191 = DIRECTION('',(0.106877629769,-0.994272182179,0.));
#15192 = ORIENTED_EDGE('',*,*,#15154,.F.);
#15193 = ORIENTED_EDGE('',*,*,#12449,.F.);
#15194 = PLANE('',#15195);
#15195 = AXIS2_PLACEMENT_3D('',#15196,#15197,#15198);
#15196 = CARTESIAN_POINT('',(60.489498,3.622128,0.));
#15197 = DIRECTION('',(-0.994272182179,-0.106877629769,-0.));
#15198 = DIRECTION('',(0.106877629769,-0.994272182179,0.));
#15199 = ADVANCED_FACE('',(#15200),#15218,.F.);
#15200 = FACE_BOUND('',#15201,.F.);
#15201 = EDGE_LOOP('',(#15202,#15210,#15216,#15217));
#15202 = ORIENTED_EDGE('',*,*,#15203,.T.);
#15203 = EDGE_CURVE('',#12434,#15204,#15206,.T.);
#15204 = VERTEX_POINT('',#15205);
#15205 = CARTESIAN_POINT('',(60.489498,5.417863,-3.5E-02));
#15206 = LINE('',#15207,#15208);
#15207 = CARTESIAN_POINT('',(60.489498,5.417863,0.));
#15208 = VECTOR('',#15209,1.);
#15209 = DIRECTION('',(0.,0.,-1.));
#15210 = ORIENTED_EDGE('',*,*,#15211,.T.);
#15211 = EDGE_CURVE('',#15204,#15180,#15212,.T.);
#15212 = LINE('',#15213,#15214);
#15213 = CARTESIAN_POINT('',(60.489498,5.417863,-3.5E-02));
#15214 = VECTOR('',#15215,1.);
#15215 = DIRECTION('',(0.,-1.,0.));
#15216 = ORIENTED_EDGE('',*,*,#15179,.F.);
#15217 = ORIENTED_EDGE('',*,*,#12441,.F.);
#15218 = PLANE('',#15219);
#15219 = AXIS2_PLACEMENT_3D('',#15220,#15221,#15222);
#15220 = CARTESIAN_POINT('',(60.489498,5.417863,0.));
#15221 = DIRECTION('',(-1.,-0.,-0.));
#15222 = DIRECTION('',(0.,-1.,0.));
#15223 = ADVANCED_FACE('',(#15224),#15242,.F.);
#15224 = FACE_BOUND('',#15225,.F.);
#15225 = EDGE_LOOP('',(#15226,#15234,#15240,#15241));
#15226 = ORIENTED_EDGE('',*,*,#15227,.T.);
#15227 = EDGE_CURVE('',#12425,#15228,#15230,.T.);
#15228 = VERTEX_POINT('',#15229);
#15229 = CARTESIAN_POINT('',(60.495906,5.477481,-3.5E-02));
#15230 = LINE('',#15231,#15232);
#15231 = CARTESIAN_POINT('',(60.495906,5.477481,0.));
#15232 = VECTOR('',#15233,1.);
#15233 = DIRECTION('',(0.,0.,-1.));
#15234 = ORIENTED_EDGE('',*,*,#15235,.T.);
#15235 = EDGE_CURVE('',#15228,#15204,#15236,.T.);
#15236 = LINE('',#15237,#15238);
#15237 = CARTESIAN_POINT('',(60.495906,5.477481,-3.5E-02));
#15238 = VECTOR('',#15239,1.);
#15239 = DIRECTION('',(-0.106868768608,-0.994273134655,0.));
#15240 = ORIENTED_EDGE('',*,*,#15203,.F.);
#15241 = ORIENTED_EDGE('',*,*,#12433,.F.);
#15242 = PLANE('',#15243);
#15243 = AXIS2_PLACEMENT_3D('',#15244,#15245,#15246);
#15244 = CARTESIAN_POINT('',(60.495906,5.477481,0.));
#15245 = DIRECTION('',(-0.994273134655,0.106868768608,0.));
#15246 = DIRECTION('',(-0.106868768608,-0.994273134655,0.));
#15247 = ADVANCED_FACE('',(#15248),#15267,.F.);
#15248 = FACE_BOUND('',#15249,.F.);
#15249 = EDGE_LOOP('',(#15250,#15258,#15265,#15266));
#15250 = ORIENTED_EDGE('',*,*,#15251,.T.);
#15251 = EDGE_CURVE('',#12417,#15252,#15254,.T.);
#15252 = VERTEX_POINT('',#15253);
#15253 = CARTESIAN_POINT('',(60.882514,5.86409,-3.5E-02));
#15254 = LINE('',#15255,#15256);
#15255 = CARTESIAN_POINT('',(60.882514,5.86409,0.));
#15256 = VECTOR('',#15257,1.);
#15257 = DIRECTION('',(0.,0.,-1.));
#15258 = ORIENTED_EDGE('',*,*,#15259,.T.);
#15259 = EDGE_CURVE('',#15252,#15228,#15260,.T.);
#15260 = CIRCLE('',#15261,0.505650896169);
#15261 = AXIS2_PLACEMENT_3D('',#15262,#15263,#15264);
#15262 = CARTESIAN_POINT('',(60.990000816602,5.369995461421,-3.5E-02));
#15263 = DIRECTION('',(0.,0.,1.));
#15264 = DIRECTION('',(-0.212571197671,0.97714558072,0.));
#15265 = ORIENTED_EDGE('',*,*,#15227,.F.);
#15266 = ORIENTED_EDGE('',*,*,#12424,.F.);
#15267 = CYLINDRICAL_SURFACE('',#15268,0.505650896169);
#15268 = AXIS2_PLACEMENT_3D('',#15269,#15270,#15271);
#15269 = CARTESIAN_POINT('',(60.990000816602,5.369995461421,0.));
#15270 = DIRECTION('',(0.,0.,1.));
#15271 = DIRECTION('',(-0.212571197671,0.97714558072,0.));
#15272 = ADVANCED_FACE('',(#15273),#15291,.F.);
#15273 = FACE_BOUND('',#15274,.F.);
#15274 = EDGE_LOOP('',(#15275,#15283,#15289,#15290));
#15275 = ORIENTED_EDGE('',*,*,#15276,.T.);
#15276 = EDGE_CURVE('',#12409,#15277,#15279,.T.);
#15277 = VERTEX_POINT('',#15278);
#15278 = CARTESIAN_POINT('',(60.942127,5.870498,-3.5E-02));
#15279 = LINE('',#15280,#15281);
#15280 = CARTESIAN_POINT('',(60.942127,5.870498,0.));
#15281 = VECTOR('',#15282,1.);
#15282 = DIRECTION('',(0.,0.,-1.));
#15283 = ORIENTED_EDGE('',*,*,#15284,.T.);
#15284 = EDGE_CURVE('',#15277,#15252,#15285,.T.);
#15285 = LINE('',#15286,#15287);
#15286 = CARTESIAN_POINT('',(60.942127,5.870498,-3.5E-02));
#15287 = VECTOR('',#15288,1.);
#15288 = DIRECTION('',(-0.994272182179,-0.106877629769,0.));
#15289 = ORIENTED_EDGE('',*,*,#15251,.F.);
#15290 = ORIENTED_EDGE('',*,*,#12416,.F.);
#15291 = PLANE('',#15292);
#15292 = AXIS2_PLACEMENT_3D('',#15293,#15294,#15295);
#15293 = CARTESIAN_POINT('',(60.942127,5.870498,0.));
#15294 = DIRECTION('',(-0.106877629769,0.994272182179,0.));
#15295 = DIRECTION('',(-0.994272182179,-0.106877629769,0.));
#15296 = ADVANCED_FACE('',(#15297),#15315,.F.);
#15297 = FACE_BOUND('',#15298,.F.);
#15298 = EDGE_LOOP('',(#15299,#15307,#15313,#15314));
#15299 = ORIENTED_EDGE('',*,*,#15300,.T.);
#15300 = EDGE_CURVE('',#12401,#15301,#15303,.T.);
#15301 = VERTEX_POINT('',#15302);
#15302 = CARTESIAN_POINT('',(62.737879,5.870498,-3.5E-02));
#15303 = LINE('',#15304,#15305);
#15304 = CARTESIAN_POINT('',(62.737879,5.870498,0.));
#15305 = VECTOR('',#15306,1.);
#15306 = DIRECTION('',(0.,0.,-1.));
#15307 = ORIENTED_EDGE('',*,*,#15308,.T.);
#15308 = EDGE_CURVE('',#15301,#15277,#15309,.T.);
#15309 = LINE('',#15310,#15311);
#15310 = CARTESIAN_POINT('',(62.737879,5.870498,-3.5E-02));
#15311 = VECTOR('',#15312,1.);
#15312 = DIRECTION('',(-1.,0.,0.));
#15313 = ORIENTED_EDGE('',*,*,#15276,.F.);
#15314 = ORIENTED_EDGE('',*,*,#12408,.F.);
#15315 = PLANE('',#15316);
#15316 = AXIS2_PLACEMENT_3D('',#15317,#15318,#15319);
#15317 = CARTESIAN_POINT('',(62.737879,5.870498,0.));
#15318 = DIRECTION('',(0.,1.,0.));
#15319 = DIRECTION('',(-1.,0.,0.));
#15320 = ADVANCED_FACE('',(#15321),#15339,.F.);
#15321 = FACE_BOUND('',#15322,.F.);
#15322 = EDGE_LOOP('',(#15323,#15331,#15337,#15338));
#15323 = ORIENTED_EDGE('',*,*,#15324,.T.);
#15324 = EDGE_CURVE('',#12392,#15325,#15327,.T.);
#15325 = VERTEX_POINT('',#15326);
#15326 = CARTESIAN_POINT('',(62.797481,5.86409,-3.5E-02));
#15327 = LINE('',#15328,#15329);
#15328 = CARTESIAN_POINT('',(62.797481,5.86409,0.));
#15329 = VECTOR('',#15330,1.);
#15330 = DIRECTION('',(0.,0.,-1.));
#15331 = ORIENTED_EDGE('',*,*,#15332,.T.);
#15332 = EDGE_CURVE('',#15325,#15301,#15333,.T.);
#15333 = LINE('',#15334,#15335);
#15334 = CARTESIAN_POINT('',(62.797481,5.86409,-3.5E-02));
#15335 = VECTOR('',#15336,1.);
#15336 = DIRECTION('',(-0.994270085898,0.106897129466,0.));
#15337 = ORIENTED_EDGE('',*,*,#15300,.F.);
#15338 = ORIENTED_EDGE('',*,*,#12400,.F.);
#15339 = PLANE('',#15340);
#15340 = AXIS2_PLACEMENT_3D('',#15341,#15342,#15343);
#15341 = CARTESIAN_POINT('',(62.797481,5.86409,0.));
#15342 = DIRECTION('',(0.106897129466,0.994270085898,0.));
#15343 = DIRECTION('',(-0.994270085898,0.106897129466,0.));
#15344 = ADVANCED_FACE('',(#15345),#15357,.F.);
#15345 = FACE_BOUND('',#15346,.F.);
#15346 = EDGE_LOOP('',(#15347,#15348,#15355,#15356));
#15347 = ORIENTED_EDGE('',*,*,#13994,.T.);
#15348 = ORIENTED_EDGE('',*,*,#15349,.T.);
#15349 = EDGE_CURVE('',#13987,#15325,#15350,.T.);
#15350 = CIRCLE('',#15351,0.505650896178);
#15351 = AXIS2_PLACEMENT_3D('',#15352,#15353,#15354);
#15352 = CARTESIAN_POINT('',(62.68999418339,5.369995461414,-3.5E-02));
#15353 = DIRECTION('',(0.,0.,1.));
#15354 = DIRECTION('',(0.97714613055,0.212568670201,-0.));
#15355 = ORIENTED_EDGE('',*,*,#15324,.F.);
#15356 = ORIENTED_EDGE('',*,*,#12391,.F.);
#15357 = CYLINDRICAL_SURFACE('',#15358,0.505650896178);
#15358 = AXIS2_PLACEMENT_3D('',#15359,#15360,#15361);
#15359 = CARTESIAN_POINT('',(62.68999418339,5.369995461414,0.));
#15360 = DIRECTION('',(0.,0.,1.));
#15361 = DIRECTION('',(0.97714613055,0.212568670201,-0.));
#15362 = ADVANCED_FACE('',(#15363),#15388,.F.);
#15363 = FACE_BOUND('',#15364,.F.);
#15364 = EDGE_LOOP('',(#15365,#15373,#15381,#15387));
#15365 = ORIENTED_EDGE('',*,*,#15366,.T.);
#15366 = EDGE_CURVE('',#12911,#15367,#15369,.T.);
#15367 = VERTEX_POINT('',#15368);
#15368 = CARTESIAN_POINT('',(-70.65719,5.480916,-3.5E-02));
#15369 = LINE('',#15370,#15371);
#15370 = CARTESIAN_POINT('',(-70.65719,5.480916,0.));
#15371 = VECTOR('',#15372,1.);
#15372 = DIRECTION('',(0.,0.,-1.));
#15373 = ORIENTED_EDGE('',*,*,#15374,.T.);
#15374 = EDGE_CURVE('',#15367,#15375,#15377,.T.);
#15375 = VERTEX_POINT('',#15376);
#15376 = CARTESIAN_POINT('',(-70.706207,5.612334,-3.5E-02));
#15377 = LINE('',#15378,#15379);
#15378 = CARTESIAN_POINT('',(-70.65719,5.480916,-3.5E-02));
#15379 = VECTOR('',#15380,1.);
#15380 = DIRECTION('',(-0.349468061455,0.936948277133,0.));
#15381 = ORIENTED_EDGE('',*,*,#15382,.F.);
#15382 = EDGE_CURVE('',#12913,#15375,#15383,.T.);
#15383 = LINE('',#15384,#15385);
#15384 = CARTESIAN_POINT('',(-70.706207,5.612334,0.));
#15385 = VECTOR('',#15386,1.);
#15386 = DIRECTION('',(0.,0.,-1.));
#15387 = ORIENTED_EDGE('',*,*,#12910,.F.);
#15388 = PLANE('',#15389);
#15389 = AXIS2_PLACEMENT_3D('',#15390,#15391,#15392);
#15390 = CARTESIAN_POINT('',(-70.65719,5.480916,0.));
#15391 = DIRECTION('',(0.936948277133,0.349468061455,0.));
#15392 = DIRECTION('',(-0.349468061455,0.936948277133,0.));
#15393 = ADVANCED_FACE('',(#15394),#15413,.T.);
#15394 = FACE_BOUND('',#15395,.F.);
#15395 = EDGE_LOOP('',(#15396,#15404,#15411,#15412));
#15396 = ORIENTED_EDGE('',*,*,#15397,.T.);
#15397 = EDGE_CURVE('',#13249,#15398,#15400,.T.);
#15398 = VERTEX_POINT('',#15399);
#15399 = CARTESIAN_POINT('',(-70.453327,5.436567,-3.5E-02));
#15400 = LINE('',#15401,#15402);
#15401 = CARTESIAN_POINT('',(-70.453327,5.436567,0.));
#15402 = VECTOR('',#15403,1.);
#15403 = DIRECTION('',(0.,0.,-1.));
#15404 = ORIENTED_EDGE('',*,*,#15405,.T.);
#15405 = EDGE_CURVE('',#15398,#15367,#15406,.T.);
#15406 = CIRCLE('',#15407,0.123999945854);
#15407 = AXIS2_PLACEMENT_3D('',#15408,#15409,#15410);
#15408 = CARTESIAN_POINT('',(-70.54100789934,5.52424850581,-3.5E-02));
#15409 = DIRECTION('',(-0.,0.,-1.));
#15410 = DIRECTION('',(0.707104335769,-0.707109226596,-0.));
#15411 = ORIENTED_EDGE('',*,*,#15366,.F.);
#15412 = ORIENTED_EDGE('',*,*,#13256,.F.);
#15413 = CYLINDRICAL_SURFACE('',#15414,0.123999945854);
#15414 = AXIS2_PLACEMENT_3D('',#15415,#15416,#15417);
#15415 = CARTESIAN_POINT('',(-70.54100789934,5.52424850581,0.));
#15416 = DIRECTION('',(0.,-0.,1.));
#15417 = DIRECTION('',(0.707104335769,-0.707109226596,-0.));
#15418 = ADVANCED_FACE('',(#15419),#15437,.F.);
#15419 = FACE_BOUND('',#15420,.F.);
#15420 = EDGE_LOOP('',(#15421,#15429,#15435,#15436));
#15421 = ORIENTED_EDGE('',*,*,#15422,.T.);
#15422 = EDGE_CURVE('',#13240,#15423,#15425,.T.);
#15423 = VERTEX_POINT('',#15424);
#15424 = CARTESIAN_POINT('',(-70.339785,5.550109,-3.5E-02));
#15425 = LINE('',#15426,#15427);
#15426 = CARTESIAN_POINT('',(-70.339785,5.550109,0.));
#15427 = VECTOR('',#15428,1.);
#15428 = DIRECTION('',(0.,0.,-1.));
#15429 = ORIENTED_EDGE('',*,*,#15430,.T.);
#15430 = EDGE_CURVE('',#15423,#15398,#15431,.T.);
#15431 = LINE('',#15432,#15433);
#15432 = CARTESIAN_POINT('',(-70.339785,5.550109,-3.5E-02));
#15433 = VECTOR('',#15434,1.);
#15434 = DIRECTION('',(-0.707106781187,-0.707106781187,0.));
#15435 = ORIENTED_EDGE('',*,*,#15397,.F.);
#15436 = ORIENTED_EDGE('',*,*,#13248,.F.);
#15437 = PLANE('',#15438);
#15438 = AXIS2_PLACEMENT_3D('',#15439,#15440,#15441);
#15439 = CARTESIAN_POINT('',(-70.339785,5.550109,0.));
#15440 = DIRECTION('',(-0.707106781187,0.707106781187,0.));
#15441 = DIRECTION('',(-0.707106781187,-0.707106781187,0.));
#15442 = ADVANCED_FACE('',(#15443),#15462,.F.);
#15443 = FACE_BOUND('',#15444,.F.);
#15444 = EDGE_LOOP('',(#15445,#15453,#15460,#15461));
#15445 = ORIENTED_EDGE('',*,*,#15446,.T.);
#15446 = EDGE_CURVE('',#13232,#15447,#15449,.T.);
#15447 = VERTEX_POINT('',#15448);
#15448 = CARTESIAN_POINT('',(-68.429891,5.399785,-3.5E-02));
#15449 = LINE('',#15450,#15451);
#15450 = CARTESIAN_POINT('',(-68.429891,5.399785,0.));
#15451 = VECTOR('',#15452,1.);
#15452 = DIRECTION('',(0.,0.,-1.));
#15453 = ORIENTED_EDGE('',*,*,#15454,.T.);
#15454 = EDGE_CURVE('',#15447,#15423,#15455,.T.);
#15455 = CIRCLE('',#15456,1.35467962191);
#15456 = AXIS2_PLACEMENT_3D('',#15457,#15458,#15459);
#15457 = CARTESIAN_POINT('',(-69.46000043741,4.519994442557,-3.5E-02));
#15458 = DIRECTION('',(0.,0.,1.));
#15459 = DIRECTION('',(0.760408159062,0.649445480107,-0.));
#15460 = ORIENTED_EDGE('',*,*,#15422,.F.);
#15461 = ORIENTED_EDGE('',*,*,#13239,.F.);
#15462 = CYLINDRICAL_SURFACE('',#15463,1.35467962191);
#15463 = AXIS2_PLACEMENT_3D('',#15464,#15465,#15466);
#15464 = CARTESIAN_POINT('',(-69.46000043741,4.519994442557,0.));
#15465 = DIRECTION('',(0.,0.,1.));
#15466 = DIRECTION('',(0.760408159062,0.649445480107,-0.));
#15467 = ADVANCED_FACE('',(#15468),#15486,.F.);
#15468 = FACE_BOUND('',#15469,.F.);
#15469 = EDGE_LOOP('',(#15470,#15478,#15484,#15485));
#15470 = ORIENTED_EDGE('',*,*,#15471,.T.);
#15471 = EDGE_CURVE('',#13223,#15472,#15474,.T.);
#15472 = VERTEX_POINT('',#15473);
#15473 = CARTESIAN_POINT('',(-68.304952,5.227819,-3.5E-02));
#15474 = LINE('',#15475,#15476);
#15475 = CARTESIAN_POINT('',(-68.304952,5.227819,0.));
#15476 = VECTOR('',#15477,1.);
#15477 = DIRECTION('',(0.,0.,-1.));
#15478 = ORIENTED_EDGE('',*,*,#15479,.T.);
#15479 = EDGE_CURVE('',#15472,#15447,#15480,.T.);
#15480 = LINE('',#15481,#15482);
#15481 = CARTESIAN_POINT('',(-68.304952,5.227819,-3.5E-02));
#15482 = VECTOR('',#15483,1.);
#15483 = DIRECTION('',(-0.587780287533,0.809020601461,0.));
#15484 = ORIENTED_EDGE('',*,*,#15446,.F.);
#15485 = ORIENTED_EDGE('',*,*,#13231,.F.);
#15486 = PLANE('',#15487);
#15487 = AXIS2_PLACEMENT_3D('',#15488,#15489,#15490);
#15488 = CARTESIAN_POINT('',(-68.304952,5.227819,0.));
#15489 = DIRECTION('',(0.809020601461,0.587780287533,0.));
#15490 = DIRECTION('',(-0.587780287533,0.809020601461,0.));
#15491 = ADVANCED_FACE('',(#15492),#15511,.T.);
#15492 = FACE_BOUND('',#15493,.F.);
#15493 = EDGE_LOOP('',(#15494,#15502,#15509,#15510));
#15494 = ORIENTED_EDGE('',*,*,#15495,.T.);
#15495 = EDGE_CURVE('',#13215,#15496,#15498,.T.);
#15496 = VERTEX_POINT('',#15497);
#15497 = CARTESIAN_POINT('',(-68.127495,5.168256,-3.5E-02));
#15498 = LINE('',#15499,#15500);
#15499 = CARTESIAN_POINT('',(-68.127495,5.168256,0.));
#15500 = VECTOR('',#15501,1.);
#15501 = DIRECTION('',(0.,0.,-1.));
#15502 = ORIENTED_EDGE('',*,*,#15503,.T.);
#15503 = EDGE_CURVE('',#15496,#15472,#15504,.T.);
#15504 = CIRCLE('',#15505,0.124461738195);
#15505 = AXIS2_PLACEMENT_3D('',#15506,#15507,#15508);
#15506 = CARTESIAN_POINT('',(-68.19011731466,5.275816076146,-3.5E-02));
#15507 = DIRECTION('',(-0.,0.,-1.));
#15508 = DIRECTION('',(0.503145107672,-0.864201944354,-0.));
#15509 = ORIENTED_EDGE('',*,*,#15471,.F.);
#15510 = ORIENTED_EDGE('',*,*,#13222,.F.);
#15511 = CYLINDRICAL_SURFACE('',#15512,0.124461738195);
#15512 = AXIS2_PLACEMENT_3D('',#15513,#15514,#15515);
#15513 = CARTESIAN_POINT('',(-68.19011731466,5.275816076146,0.));
#15514 = DIRECTION('',(0.,-0.,1.));
#15515 = DIRECTION('',(0.503145107672,-0.864201944354,-0.));
#15516 = ADVANCED_FACE('',(#15517),#15535,.F.);
#15517 = FACE_BOUND('',#15518,.F.);
#15518 = EDGE_LOOP('',(#15519,#15527,#15533,#15534));
#15519 = ORIENTED_EDGE('',*,*,#15520,.T.);
#15520 = EDGE_CURVE('',#13206,#15521,#15523,.T.);
#15521 = VERTEX_POINT('',#15522);
#15522 = CARTESIAN_POINT('',(-68.079519,5.219049,-3.5E-02));
#15523 = LINE('',#15524,#15525);
#15524 = CARTESIAN_POINT('',(-68.079519,5.219049,0.));
#15525 = VECTOR('',#15526,1.);
#15526 = DIRECTION('',(0.,0.,-1.));
#15527 = ORIENTED_EDGE('',*,*,#15528,.T.);
#15528 = EDGE_CURVE('',#15521,#15496,#15529,.T.);
#15529 = LINE('',#15530,#15531);
#15530 = CARTESIAN_POINT('',(-68.079519,5.219049,-3.5E-02));
#15531 = VECTOR('',#15532,1.);
#15532 = DIRECTION('',(-0.686660095704,-0.726978619333,0.));
#15533 = ORIENTED_EDGE('',*,*,#15495,.F.);
#15534 = ORIENTED_EDGE('',*,*,#13214,.F.);
#15535 = PLANE('',#15536);
#15536 = AXIS2_PLACEMENT_3D('',#15537,#15538,#15539);
#15537 = CARTESIAN_POINT('',(-68.079519,5.219049,0.));
#15538 = DIRECTION('',(-0.726978619333,0.686660095704,0.));
#15539 = DIRECTION('',(-0.686660095704,-0.726978619333,0.));
#15540 = ADVANCED_FACE('',(#15541),#15560,.F.);
#15541 = FACE_BOUND('',#15542,.F.);
#15542 = EDGE_LOOP('',(#15543,#15551,#15558,#15559));
#15543 = ORIENTED_EDGE('',*,*,#15544,.T.);
#15544 = EDGE_CURVE('',#13198,#15545,#15547,.T.);
#15545 = VERTEX_POINT('',#15546);
#15546 = CARTESIAN_POINT('',(-65.889892,5.399785,-3.5E-02));
#15547 = LINE('',#15548,#15549);
#15548 = CARTESIAN_POINT('',(-65.889892,5.399785,0.));
#15549 = VECTOR('',#15550,1.);
#15550 = DIRECTION('',(0.,0.,-1.));
#15551 = ORIENTED_EDGE('',*,*,#15552,.T.);
#15552 = EDGE_CURVE('',#15545,#15521,#15553,.T.);
#15553 = CIRCLE('',#15554,1.353793755721);
#15554 = AXIS2_PLACEMENT_3D('',#15555,#15556,#15557);
#15555 = CARTESIAN_POINT('',(-66.91962087238,4.520913005672,-3.5E-02));
#15556 = DIRECTION('',(0.,0.,1.));
#15557 = DIRECTION('',(0.760624628404,0.649191939772,-0.));
#15558 = ORIENTED_EDGE('',*,*,#15520,.F.);
#15559 = ORIENTED_EDGE('',*,*,#13205,.F.);
#15560 = CYLINDRICAL_SURFACE('',#15561,1.353793755721);
#15561 = AXIS2_PLACEMENT_3D('',#15562,#15563,#15564);
#15562 = CARTESIAN_POINT('',(-66.91962087238,4.520913005672,0.));
#15563 = DIRECTION('',(0.,0.,1.));
#15564 = DIRECTION('',(0.760624628404,0.649191939772,-0.));
#15565 = ADVANCED_FACE('',(#15566),#15584,.F.);
#15566 = FACE_BOUND('',#15567,.F.);
#15567 = EDGE_LOOP('',(#15568,#15576,#15582,#15583));
#15568 = ORIENTED_EDGE('',*,*,#15569,.T.);
#15569 = EDGE_CURVE('',#13189,#15570,#15572,.T.);
#15570 = VERTEX_POINT('',#15571);
#15571 = CARTESIAN_POINT('',(-65.764951,5.227816,-3.5E-02));
#15572 = LINE('',#15573,#15574);
#15573 = CARTESIAN_POINT('',(-65.764951,5.227816,0.));
#15574 = VECTOR('',#15575,1.);
#15575 = DIRECTION('',(0.,0.,-1.));
#15576 = ORIENTED_EDGE('',*,*,#15577,.T.);
#15577 = EDGE_CURVE('',#15570,#15545,#15578,.T.);
#15578 = LINE('',#15579,#15580);
#15579 = CARTESIAN_POINT('',(-65.764951,5.227816,-3.5E-02));
#15580 = VECTOR('',#15581,1.);
#15581 = DIRECTION('',(-0.587779734522,0.809021003241,0.));
#15582 = ORIENTED_EDGE('',*,*,#15544,.F.);
#15583 = ORIENTED_EDGE('',*,*,#13197,.F.);
#15584 = PLANE('',#15585);
#15585 = AXIS2_PLACEMENT_3D('',#15586,#15587,#15588);
#15586 = CARTESIAN_POINT('',(-65.764951,5.227816,0.));
#15587 = DIRECTION('',(0.809021003241,0.587779734522,0.));
#15588 = DIRECTION('',(-0.587779734522,0.809021003241,0.));
#15589 = ADVANCED_FACE('',(#15590),#15609,.T.);
#15590 = FACE_BOUND('',#15591,.F.);
#15591 = EDGE_LOOP('',(#15592,#15600,#15607,#15608));
#15592 = ORIENTED_EDGE('',*,*,#15593,.T.);
#15593 = EDGE_CURVE('',#13181,#15594,#15596,.T.);
#15594 = VERTEX_POINT('',#15595);
#15595 = CARTESIAN_POINT('',(-65.587212,5.167704,-3.5E-02));
#15596 = LINE('',#15597,#15598);
#15597 = CARTESIAN_POINT('',(-65.587212,5.167704,0.));
#15598 = VECTOR('',#15599,1.);
#15599 = DIRECTION('',(0.,0.,-1.));
#15600 = ORIENTED_EDGE('',*,*,#15601,.T.);
#15601 = EDGE_CURVE('',#15594,#15570,#15602,.T.);
#15602 = CIRCLE('',#15603,0.124518666712);
#15603 = AXIS2_PLACEMENT_3D('',#15604,#15605,#15606);
#15604 = CARTESIAN_POINT('',(-65.64985017332,5.275320716181,-3.5E-02));
#15605 = DIRECTION('',(-0.,0.,-1.));
#15606 = DIRECTION('',(0.503042435191,-0.864261712907,-0.));
#15607 = ORIENTED_EDGE('',*,*,#15569,.F.);
#15608 = ORIENTED_EDGE('',*,*,#13188,.F.);
#15609 = CYLINDRICAL_SURFACE('',#15610,0.124518666712);
#15610 = AXIS2_PLACEMENT_3D('',#15611,#15612,#15613);
#15611 = CARTESIAN_POINT('',(-65.64985017332,5.275320716181,0.));
#15612 = DIRECTION('',(0.,-0.,1.));
#15613 = DIRECTION('',(0.503042435191,-0.864261712907,-0.));
#15614 = ADVANCED_FACE('',(#15615),#15633,.F.);
#15615 = FACE_BOUND('',#15616,.F.);
#15616 = EDGE_LOOP('',(#15617,#15625,#15631,#15632));
#15617 = ORIENTED_EDGE('',*,*,#15618,.T.);
#15618 = EDGE_CURVE('',#13172,#15619,#15621,.T.);
#15619 = VERTEX_POINT('',#15620);
#15620 = CARTESIAN_POINT('',(-65.539237,5.218498,-3.5E-02));
#15621 = LINE('',#15622,#15623);
#15622 = CARTESIAN_POINT('',(-65.539237,5.218498,0.));
#15623 = VECTOR('',#15624,1.);
#15624 = DIRECTION('',(0.,0.,-1.));
#15625 = ORIENTED_EDGE('',*,*,#15626,.T.);
#15626 = EDGE_CURVE('',#15619,#15594,#15627,.T.);
#15627 = LINE('',#15628,#15629);
#15628 = CARTESIAN_POINT('',(-65.539237,5.218498,-3.5E-02));
#15629 = VECTOR('',#15630,1.);
#15630 = DIRECTION('',(-0.686645386752,-0.726992512239,0.));
#15631 = ORIENTED_EDGE('',*,*,#15593,.F.);
#15632 = ORIENTED_EDGE('',*,*,#13180,.F.);
#15633 = PLANE('',#15634);
#15634 = AXIS2_PLACEMENT_3D('',#15635,#15636,#15637);
#15635 = CARTESIAN_POINT('',(-65.539237,5.218498,0.));
#15636 = DIRECTION('',(-0.726992512239,0.686645386752,0.));
#15637 = DIRECTION('',(-0.686645386752,-0.726992512239,0.));
#15638 = ADVANCED_FACE('',(#15639),#15658,.F.);
#15639 = FACE_BOUND('',#15640,.F.);
#15640 = EDGE_LOOP('',(#15641,#15649,#15656,#15657));
#15641 = ORIENTED_EDGE('',*,*,#15642,.T.);
#15642 = EDGE_CURVE('',#13164,#15643,#15645,.T.);
#15643 = VERTEX_POINT('',#15644);
#15644 = CARTESIAN_POINT('',(-64.898223,5.771091,-3.5E-02));
#15645 = LINE('',#15646,#15647);
#15646 = CARTESIAN_POINT('',(-64.898223,5.771091,0.));
#15647 = VECTOR('',#15648,1.);
#15648 = DIRECTION('',(0.,0.,-1.));
#15649 = ORIENTED_EDGE('',*,*,#15650,.T.);
#15650 = EDGE_CURVE('',#15643,#15619,#15651,.T.);
#15651 = CIRCLE('',#15652,1.346711871585);
#15652 = AXIS2_PLACEMENT_3D('',#15653,#15654,#15655);
#15653 = CARTESIAN_POINT('',(-64.38394970206,4.52644010915,-3.5E-02));
#15654 = DIRECTION('',(0.,0.,1.));
#15655 = DIRECTION('',(-0.381873293605,0.924214686981,0.));
#15656 = ORIENTED_EDGE('',*,*,#15618,.F.);
#15657 = ORIENTED_EDGE('',*,*,#13171,.F.);
#15658 = CYLINDRICAL_SURFACE('',#15659,1.346711871585);
#15659 = AXIS2_PLACEMENT_3D('',#15660,#15661,#15662);
#15660 = CARTESIAN_POINT('',(-64.38394970206,4.52644010915,0.));
#15661 = DIRECTION('',(0.,0.,1.));
#15662 = DIRECTION('',(-0.381873293605,0.924214686981,0.));
#15663 = ADVANCED_FACE('',(#15664),#15682,.F.);
#15664 = FACE_BOUND('',#15665,.F.);
#15665 = EDGE_LOOP('',(#15666,#15674,#15680,#15681));
#15666 = ORIENTED_EDGE('',*,*,#15667,.T.);
#15667 = EDGE_CURVE('',#13156,#15668,#15670,.T.);
#15668 = VERTEX_POINT('',#15669);
#15669 = CARTESIAN_POINT('',(-64.83,5.793258,-3.5E-02));
#15670 = LINE('',#15671,#15672);
#15671 = CARTESIAN_POINT('',(-64.83,5.793258,0.));
#15672 = VECTOR('',#15673,1.);
#15673 = DIRECTION('',(0.,0.,-1.));
#15674 = ORIENTED_EDGE('',*,*,#15675,.T.);
#15675 = EDGE_CURVE('',#15668,#15643,#15676,.T.);
#15676 = LINE('',#15677,#15678);
#15677 = CARTESIAN_POINT('',(-64.83,5.793258,-3.5E-02));
#15678 = VECTOR('',#15679,1.);
#15679 = DIRECTION('',(-0.951056501694,-0.309017039313,0.));
#15680 = ORIENTED_EDGE('',*,*,#15642,.F.);
#15681 = ORIENTED_EDGE('',*,*,#13163,.F.);
#15682 = PLANE('',#15683);
#15683 = AXIS2_PLACEMENT_3D('',#15684,#15685,#15686);
#15684 = CARTESIAN_POINT('',(-64.83,5.793258,0.));
#15685 = DIRECTION('',(-0.309017039313,0.951056501694,0.));
#15686 = DIRECTION('',(-0.951056501694,-0.309017039313,0.));
#15687 = ADVANCED_FACE('',(#15688),#15706,.F.);
#15688 = FACE_BOUND('',#15689,.F.);
#15689 = EDGE_LOOP('',(#15690,#15691,#15699,#15705));
#15690 = ORIENTED_EDGE('',*,*,#13155,.F.);
#15691 = ORIENTED_EDGE('',*,*,#15692,.F.);
#15692 = EDGE_CURVE('',#15693,#13147,#15695,.T.);
#15693 = VERTEX_POINT('',#15694);
#15694 = CARTESIAN_POINT('',(-64.83,5.241107076355,-3.5E-02));
#15695 = LINE('',#15696,#15697);
#15696 = CARTESIAN_POINT('',(-64.83,5.241107076355,0.));
#15697 = VECTOR('',#15698,1.);
#15698 = DIRECTION('',(0.,0.,1.));
#15699 = ORIENTED_EDGE('',*,*,#15700,.T.);
#15700 = EDGE_CURVE('',#15693,#15668,#15701,.T.);
#15701 = LINE('',#15702,#15703);
#15702 = CARTESIAN_POINT('',(-64.83,4.740574,-3.5E-02));
#15703 = VECTOR('',#15704,1.);
#15704 = DIRECTION('',(0.,1.,0.));
#15705 = ORIENTED_EDGE('',*,*,#15667,.F.);
#15706 = PLANE('',#15707);
#15707 = AXIS2_PLACEMENT_3D('',#15708,#15709,#15710);
#15708 = CARTESIAN_POINT('',(-64.83,4.740574,0.));
#15709 = DIRECTION('',(1.,-0.,0.));
#15710 = DIRECTION('',(0.,1.,0.));
#15711 = ADVANCED_FACE('',(#15712),#15737,.F.);
#15712 = FACE_BOUND('',#15713,.F.);
#15713 = EDGE_LOOP('',(#15714,#15715,#15723,#15731));
#15714 = ORIENTED_EDGE('',*,*,#13265,.F.);
#15715 = ORIENTED_EDGE('',*,*,#15716,.T.);
#15716 = EDGE_CURVE('',#13266,#15717,#15719,.T.);
#15717 = VERTEX_POINT('',#15718);
#15718 = CARTESIAN_POINT('',(-63.93,5.793258,-3.5E-02));
#15719 = LINE('',#15720,#15721);
#15720 = CARTESIAN_POINT('',(-63.93,5.793258,0.));
#15721 = VECTOR('',#15722,1.);
#15722 = DIRECTION('',(0.,0.,-1.));
#15723 = ORIENTED_EDGE('',*,*,#15724,.T.);
#15724 = EDGE_CURVE('',#15717,#15725,#15727,.T.);
#15725 = VERTEX_POINT('',#15726);
#15726 = CARTESIAN_POINT('',(-63.93,5.241107076356,-3.5E-02));
#15727 = LINE('',#15728,#15729);
#15728 = CARTESIAN_POINT('',(-63.93,5.793258,-3.5E-02));
#15729 = VECTOR('',#15730,1.);
#15730 = DIRECTION('',(0.,-1.,0.));
#15731 = ORIENTED_EDGE('',*,*,#15732,.T.);
#15732 = EDGE_CURVE('',#15725,#13268,#15733,.T.);
#15733 = LINE('',#15734,#15735);
#15734 = CARTESIAN_POINT('',(-63.93,5.241107076355,0.));
#15735 = VECTOR('',#15736,1.);
#15736 = DIRECTION('',(0.,0.,1.));
#15737 = PLANE('',#15738);
#15738 = AXIS2_PLACEMENT_3D('',#15739,#15740,#15741);
#15739 = CARTESIAN_POINT('',(-63.93,5.793258,0.));
#15740 = DIRECTION('',(-1.,-0.,-0.));
#15741 = DIRECTION('',(0.,-1.,0.));
#15742 = ADVANCED_FACE('',(#15743),#15761,.F.);
#15743 = FACE_BOUND('',#15744,.F.);
#15744 = EDGE_LOOP('',(#15745,#15753,#15759,#15760));
#15745 = ORIENTED_EDGE('',*,*,#15746,.T.);
#15746 = EDGE_CURVE('',#13378,#15747,#15749,.T.);
#15747 = VERTEX_POINT('',#15748);
#15748 = CARTESIAN_POINT('',(-63.861778,5.771091,-3.5E-02));
#15749 = LINE('',#15750,#15751);
#15750 = CARTESIAN_POINT('',(-63.861778,5.771091,0.));
#15751 = VECTOR('',#15752,1.);
#15752 = DIRECTION('',(0.,0.,-1.));
#15753 = ORIENTED_EDGE('',*,*,#15754,.T.);
#15754 = EDGE_CURVE('',#15747,#15717,#15755,.T.);
#15755 = LINE('',#15756,#15757);
#15756 = CARTESIAN_POINT('',(-63.861778,5.771091,-3.5E-02));
#15757 = VECTOR('',#15758,1.);
#15758 = DIRECTION('',(-0.951055170476,0.309021136348,0.));
#15759 = ORIENTED_EDGE('',*,*,#15716,.F.);
#15760 = ORIENTED_EDGE('',*,*,#13386,.F.);
#15761 = PLANE('',#15762);
#15762 = AXIS2_PLACEMENT_3D('',#15763,#15764,#15765);
#15763 = CARTESIAN_POINT('',(-63.861778,5.771091,0.));
#15764 = DIRECTION('',(0.309021136348,0.951055170476,0.));
#15765 = DIRECTION('',(-0.951055170476,0.309021136348,0.));
#15766 = ADVANCED_FACE('',(#15767),#15786,.F.);
#15767 = FACE_BOUND('',#15768,.F.);
#15768 = EDGE_LOOP('',(#15769,#15777,#15784,#15785));
#15769 = ORIENTED_EDGE('',*,*,#15770,.T.);
#15770 = EDGE_CURVE('',#13370,#15771,#15773,.T.);
#15771 = VERTEX_POINT('',#15772);
#15772 = CARTESIAN_POINT('',(-63.350277,5.399463,-3.5E-02));
#15773 = LINE('',#15774,#15775);
#15774 = CARTESIAN_POINT('',(-63.350277,5.399463,0.));
#15775 = VECTOR('',#15776,1.);
#15776 = DIRECTION('',(0.,0.,-1.));
#15777 = ORIENTED_EDGE('',*,*,#15778,.T.);
#15778 = EDGE_CURVE('',#15771,#15747,#15779,.T.);
#15779 = CIRCLE('',#15780,1.354176036978);
#15780 = AXIS2_PLACEMENT_3D('',#15781,#15782,#15783);
#15781 = CARTESIAN_POINT('',(-64.38000081085,4.519996336341,-3.5E-02));
#15782 = DIRECTION('',(0.,0.,1.));
#15783 = DIRECTION('',(0.760406167835,0.649447811543,-0.));
#15784 = ORIENTED_EDGE('',*,*,#15746,.F.);
#15785 = ORIENTED_EDGE('',*,*,#13377,.F.);
#15786 = CYLINDRICAL_SURFACE('',#15787,1.354176036978);
#15787 = AXIS2_PLACEMENT_3D('',#15788,#15789,#15790);
#15788 = CARTESIAN_POINT('',(-64.38000081085,4.519996336341,0.));
#15789 = DIRECTION('',(0.,0.,1.));
#15790 = DIRECTION('',(0.760406167835,0.649447811543,-0.));
#15791 = ADVANCED_FACE('',(#15792),#15810,.F.);
#15792 = FACE_BOUND('',#15793,.F.);
#15793 = EDGE_LOOP('',(#15794,#15802,#15808,#15809));
#15794 = ORIENTED_EDGE('',*,*,#15795,.T.);
#15795 = EDGE_CURVE('',#13361,#15796,#15798,.T.);
#15796 = VERTEX_POINT('',#15797);
#15797 = CARTESIAN_POINT('',(-63.225378,5.227554,-3.5E-02));
#15798 = LINE('',#15799,#15800);
#15799 = CARTESIAN_POINT('',(-63.225378,5.227554,0.));
#15800 = VECTOR('',#15801,1.);
#15801 = DIRECTION('',(0.,0.,-1.));
#15802 = ORIENTED_EDGE('',*,*,#15803,.T.);
#15803 = EDGE_CURVE('',#15796,#15771,#15804,.T.);
#15804 = LINE('',#15805,#15806);
#15805 = CARTESIAN_POINT('',(-63.225378,5.227554,-3.5E-02));
#15806 = VECTOR('',#15807,1.);
#15807 = DIRECTION('',(-0.587784637962,0.809017440712,0.));
#15808 = ORIENTED_EDGE('',*,*,#15770,.F.);
#15809 = ORIENTED_EDGE('',*,*,#13369,.F.);
#15810 = PLANE('',#15811);
#15811 = AXIS2_PLACEMENT_3D('',#15812,#15813,#15814);
#15812 = CARTESIAN_POINT('',(-63.225378,5.227554,0.));
#15813 = DIRECTION('',(0.809017440712,0.587784637962,0.));
#15814 = DIRECTION('',(-0.587784637962,0.809017440712,0.));
#15815 = ADVANCED_FACE('',(#15816),#15835,.T.);
#15816 = FACE_BOUND('',#15817,.F.);
#15817 = EDGE_LOOP('',(#15818,#15826,#15833,#15834));
#15818 = ORIENTED_EDGE('',*,*,#15819,.T.);
#15819 = EDGE_CURVE('',#13353,#15820,#15822,.T.);
#15820 = VERTEX_POINT('',#15821);
#15821 = CARTESIAN_POINT('',(-63.047773,5.167705,-3.5E-02));
#15822 = LINE('',#15823,#15824);
#15823 = CARTESIAN_POINT('',(-63.047773,5.167705,0.));
#15824 = VECTOR('',#15825,1.);
#15825 = DIRECTION('',(0.,0.,-1.));
#15826 = ORIENTED_EDGE('',*,*,#15827,.T.);
#15827 = EDGE_CURVE('',#15820,#15796,#15828,.T.);
#15828 = CIRCLE('',#15829,0.124491179479);
#15829 = AXIS2_PLACEMENT_3D('',#15830,#15831,#15832);
#15830 = CARTESIAN_POINT('',(-63.11040428998,5.27529391803,-3.5E-02));
#15831 = DIRECTION('',(-0.,0.,-1.));
#15832 = DIRECTION('',(0.503098213445,-0.864229244835,-0.));
#15833 = ORIENTED_EDGE('',*,*,#15795,.F.);
#15834 = ORIENTED_EDGE('',*,*,#13360,.F.);
#15835 = CYLINDRICAL_SURFACE('',#15836,0.124491179479);
#15836 = AXIS2_PLACEMENT_3D('',#15837,#15838,#15839);
#15837 = CARTESIAN_POINT('',(-63.11040428998,5.27529391803,0.));
#15838 = DIRECTION('',(0.,-0.,1.));
#15839 = DIRECTION('',(0.503098213445,-0.864229244835,-0.));
#15840 = ADVANCED_FACE('',(#15841),#15859,.F.);
#15841 = FACE_BOUND('',#15842,.F.);
#15842 = EDGE_LOOP('',(#15843,#15851,#15857,#15858));
#15843 = ORIENTED_EDGE('',*,*,#15844,.T.);
#15844 = EDGE_CURVE('',#13344,#15845,#15847,.T.);
#15845 = VERTEX_POINT('',#15846);
#15846 = CARTESIAN_POINT('',(-62.999798,5.218499,-3.5E-02));
#15847 = LINE('',#15848,#15849);
#15848 = CARTESIAN_POINT('',(-62.999798,5.218499,0.));
#15849 = VECTOR('',#15850,1.);
#15850 = DIRECTION('',(0.,0.,-1.));
#15851 = ORIENTED_EDGE('',*,*,#15852,.T.);
#15852 = EDGE_CURVE('',#15845,#15820,#15853,.T.);
#15853 = LINE('',#15854,#15855);
#15854 = CARTESIAN_POINT('',(-62.999798,5.218499,-3.5E-02));
#15855 = VECTOR('',#15856,1.);
#15856 = DIRECTION('',(-0.686645386752,-0.726992512239,0.));
#15857 = ORIENTED_EDGE('',*,*,#15819,.F.);
#15858 = ORIENTED_EDGE('',*,*,#13352,.F.);
#15859 = PLANE('',#15860);
#15860 = AXIS2_PLACEMENT_3D('',#15861,#15862,#15863);
#15861 = CARTESIAN_POINT('',(-62.999798,5.218499,0.));
#15862 = DIRECTION('',(-0.726992512239,0.686645386752,0.));
#15863 = DIRECTION('',(-0.686645386752,-0.726992512239,0.));
#15864 = ADVANCED_FACE('',(#15865),#15884,.F.);
#15865 = FACE_BOUND('',#15866,.F.);
#15866 = EDGE_LOOP('',(#15867,#15875,#15882,#15883));
#15867 = ORIENTED_EDGE('',*,*,#15868,.T.);
#15868 = EDGE_CURVE('',#13336,#15869,#15871,.T.);
#15869 = VERTEX_POINT('',#15870);
#15870 = CARTESIAN_POINT('',(-62.87011,3.640212,-3.5E-02));
#15871 = LINE('',#15872,#15873);
#15872 = CARTESIAN_POINT('',(-62.87011,3.640212,0.));
#15873 = VECTOR('',#15874,1.);
#15874 = DIRECTION('',(0.,0.,-1.));
#15875 = ORIENTED_EDGE('',*,*,#15876,.T.);
#15876 = EDGE_CURVE('',#15869,#15845,#15877,.T.);
#15877 = CIRCLE('',#15878,1.354460056435);
#15878 = AXIS2_PLACEMENT_3D('',#15879,#15880,#15881);
#15879 = CARTESIAN_POINT('',(-61.8397321827,4.51934998582,-3.5E-02));
#15880 = DIRECTION('',(0.,0.,1.));
#15881 = DIRECTION('',(-0.760729570722,-0.649068964155,0.));
#15882 = ORIENTED_EDGE('',*,*,#15844,.F.);
#15883 = ORIENTED_EDGE('',*,*,#13343,.F.);
#15884 = CYLINDRICAL_SURFACE('',#15885,1.354460056435);
#15885 = AXIS2_PLACEMENT_3D('',#15886,#15887,#15888);
#15886 = CARTESIAN_POINT('',(-61.8397321827,4.51934998582,0.));
#15887 = DIRECTION('',(0.,0.,1.));
#15888 = DIRECTION('',(-0.760729570722,-0.649068964155,0.));
#15889 = ADVANCED_FACE('',(#15890),#15908,.F.);
#15890 = FACE_BOUND('',#15891,.F.);
#15891 = EDGE_LOOP('',(#15892,#15900,#15906,#15907));
#15892 = ORIENTED_EDGE('',*,*,#15893,.T.);
#15893 = EDGE_CURVE('',#13327,#15894,#15896,.T.);
#15894 = VERTEX_POINT('',#15895);
#15895 = CARTESIAN_POINT('',(-62.995051,3.812181,-3.5E-02));
#15896 = LINE('',#15897,#15898);
#15897 = CARTESIAN_POINT('',(-62.995051,3.812181,0.));
#15898 = VECTOR('',#15899,1.);
#15899 = DIRECTION('',(0.,0.,-1.));
#15900 = ORIENTED_EDGE('',*,*,#15901,.T.);
#15901 = EDGE_CURVE('',#15894,#15869,#15902,.T.);
#15902 = LINE('',#15903,#15904);
#15903 = CARTESIAN_POINT('',(-62.995051,3.812181,-3.5E-02));
#15904 = VECTOR('',#15905,1.);
#15905 = DIRECTION('',(0.587779734522,-0.809021003241,0.));
#15906 = ORIENTED_EDGE('',*,*,#15868,.F.);
#15907 = ORIENTED_EDGE('',*,*,#13335,.F.);
#15908 = PLANE('',#15909);
#15909 = AXIS2_PLACEMENT_3D('',#15910,#15911,#15912);
#15910 = CARTESIAN_POINT('',(-62.995051,3.812181,0.));
#15911 = DIRECTION('',(-0.809021003241,-0.587779734522,-0.));
#15912 = DIRECTION('',(0.587779734522,-0.809021003241,0.));
#15913 = ADVANCED_FACE('',(#15914),#15933,.T.);
#15914 = FACE_BOUND('',#15915,.F.);
#15915 = EDGE_LOOP('',(#15916,#15924,#15931,#15932));
#15916 = ORIENTED_EDGE('',*,*,#15917,.T.);
#15917 = EDGE_CURVE('',#13319,#15918,#15920,.T.);
#15918 = VERTEX_POINT('',#15919);
#15919 = CARTESIAN_POINT('',(-63.172795,3.872289,-3.5E-02));
#15920 = LINE('',#15921,#15922);
#15921 = CARTESIAN_POINT('',(-63.172795,3.872289,0.));
#15922 = VECTOR('',#15923,1.);
#15923 = DIRECTION('',(0.,0.,-1.));
#15924 = ORIENTED_EDGE('',*,*,#15925,.T.);
#15925 = EDGE_CURVE('',#15918,#15894,#15926,.T.);
#15926 = CIRCLE('',#15927,0.124519597009);
#15927 = AXIS2_PLACEMENT_3D('',#15928,#15929,#15930);
#15928 = CARTESIAN_POINT('',(-63.11015191731,3.764674065017,-3.5E-02));
#15929 = DIRECTION('',(0.,0.,-1.));
#15930 = DIRECTION('',(-0.503078103252,0.864240951372,0.));
#15931 = ORIENTED_EDGE('',*,*,#15893,.F.);
#15932 = ORIENTED_EDGE('',*,*,#13326,.F.);
#15933 = CYLINDRICAL_SURFACE('',#15934,0.124519597009);
#15934 = AXIS2_PLACEMENT_3D('',#15935,#15936,#15937);
#15935 = CARTESIAN_POINT('',(-63.11015191731,3.764674065017,0.));
#15936 = DIRECTION('',(-0.,-0.,1.));
#15937 = DIRECTION('',(-0.503078103252,0.864240951372,0.));
#15938 = ADVANCED_FACE('',(#15939),#15957,.F.);
#15939 = FACE_BOUND('',#15940,.F.);
#15940 = EDGE_LOOP('',(#15941,#15949,#15955,#15956));
#15941 = ORIENTED_EDGE('',*,*,#15942,.T.);
#15942 = EDGE_CURVE('',#13310,#15943,#15945,.T.);
#15943 = VERTEX_POINT('',#15944);
#15944 = CARTESIAN_POINT('',(-63.220768,3.821491,-3.5E-02));
#15945 = LINE('',#15946,#15947);
#15946 = CARTESIAN_POINT('',(-63.220768,3.821491,0.));
#15947 = VECTOR('',#15948,1.);
#15948 = DIRECTION('',(0.,0.,-1.));
#15949 = ORIENTED_EDGE('',*,*,#15950,.T.);
#15950 = EDGE_CURVE('',#15943,#15918,#15951,.T.);
#15951 = LINE('',#15952,#15953);
#15952 = CARTESIAN_POINT('',(-63.220768,3.821491,-3.5E-02));
#15953 = VECTOR('',#15954,1.);
#15954 = DIRECTION('',(0.686601679035,0.72703379175,0.));
#15955 = ORIENTED_EDGE('',*,*,#15917,.F.);
#15956 = ORIENTED_EDGE('',*,*,#13318,.F.);
#15957 = PLANE('',#15958);
#15958 = AXIS2_PLACEMENT_3D('',#15959,#15960,#15961);
#15959 = CARTESIAN_POINT('',(-63.220768,3.821491,0.));
#15960 = DIRECTION('',(0.72703379175,-0.686601679035,0.));
#15961 = DIRECTION('',(0.686601679035,0.72703379175,0.));
#15962 = ADVANCED_FACE('',(#15963),#15982,.F.);
#15963 = FACE_BOUND('',#15964,.F.);
#15964 = EDGE_LOOP('',(#15965,#15973,#15980,#15981));
#15965 = ORIENTED_EDGE('',*,*,#15966,.T.);
#15966 = EDGE_CURVE('',#13302,#15967,#15969,.T.);
#15967 = VERTEX_POINT('',#15968);
#15968 = CARTESIAN_POINT('',(-63.86178,3.268904,-3.5E-02));
#15969 = LINE('',#15970,#15971);
#15970 = CARTESIAN_POINT('',(-63.86178,3.268904,0.));
#15971 = VECTOR('',#15972,1.);
#15972 = DIRECTION('',(0.,0.,-1.));
#15973 = ORIENTED_EDGE('',*,*,#15974,.T.);
#15974 = EDGE_CURVE('',#15967,#15943,#15975,.T.);
#15975 = CIRCLE('',#15976,1.346729336972);
#15976 = AXIS2_PLACEMENT_3D('',#15977,#15978,#15979);
#15977 = CARTESIAN_POINT('',(-64.37606319142,4.513569700531,-3.5E-02));
#15978 = DIRECTION('',(0.,0.,1.));
#15979 = DIRECTION('',(0.381875687495,-0.924213697853,0.));
#15980 = ORIENTED_EDGE('',*,*,#15942,.F.);
#15981 = ORIENTED_EDGE('',*,*,#13309,.F.);
#15982 = CYLINDRICAL_SURFACE('',#15983,1.346729336972);
#15983 = AXIS2_PLACEMENT_3D('',#15984,#15985,#15986);
#15984 = CARTESIAN_POINT('',(-64.37606319142,4.513569700531,0.));
#15985 = DIRECTION('',(0.,0.,1.));
#15986 = DIRECTION('',(0.381875687495,-0.924213697853,0.));
#15987 = ADVANCED_FACE('',(#15988),#16006,.F.);
#15988 = FACE_BOUND('',#15989,.F.);
#15989 = EDGE_LOOP('',(#15990,#15998,#16004,#16005));
#15990 = ORIENTED_EDGE('',*,*,#15991,.T.);
#15991 = EDGE_CURVE('',#13294,#15992,#15994,.T.);
#15992 = VERTEX_POINT('',#15993);
#15993 = CARTESIAN_POINT('',(-63.93,3.246739,-3.5E-02));
#15994 = LINE('',#15995,#15996);
#15995 = CARTESIAN_POINT('',(-63.93,3.246739,0.));
#15996 = VECTOR('',#15997,1.);
#15997 = DIRECTION('',(0.,0.,-1.));
#15998 = ORIENTED_EDGE('',*,*,#15999,.T.);
#15999 = EDGE_CURVE('',#15992,#15967,#16000,.T.);
#16000 = LINE('',#16001,#16002);
#16001 = CARTESIAN_POINT('',(-63.93,3.246739,-3.5E-02));
#16002 = VECTOR('',#16003,1.);
#16003 = DIRECTION('',(0.951060702204,0.309004111175,0.));
#16004 = ORIENTED_EDGE('',*,*,#15966,.F.);
#16005 = ORIENTED_EDGE('',*,*,#13301,.F.);
#16006 = PLANE('',#16007);
#16007 = AXIS2_PLACEMENT_3D('',#16008,#16009,#16010);
#16008 = CARTESIAN_POINT('',(-63.93,3.246739,0.));
#16009 = DIRECTION('',(0.309004111175,-0.951060702204,0.));
#16010 = DIRECTION('',(0.951060702204,0.309004111175,0.));
#16011 = ADVANCED_FACE('',(#16012),#16030,.F.);
#16012 = FACE_BOUND('',#16013,.F.);
#16013 = EDGE_LOOP('',(#16014,#16015,#16023,#16029));
#16014 = ORIENTED_EDGE('',*,*,#13293,.F.);
#16015 = ORIENTED_EDGE('',*,*,#16016,.F.);
#16016 = EDGE_CURVE('',#16017,#13285,#16019,.T.);
#16017 = VERTEX_POINT('',#16018);
#16018 = CARTESIAN_POINT('',(-63.93,3.798888923646,-3.5E-02));
#16019 = LINE('',#16020,#16021);
#16020 = CARTESIAN_POINT('',(-63.93,3.798888923645,0.));
#16021 = VECTOR('',#16022,1.);
#16022 = DIRECTION('',(0.,0.,1.));
#16023 = ORIENTED_EDGE('',*,*,#16024,.T.);
#16024 = EDGE_CURVE('',#16017,#15992,#16025,.T.);
#16025 = LINE('',#16026,#16027);
#16026 = CARTESIAN_POINT('',(-63.93,4.299423,-3.5E-02));
#16027 = VECTOR('',#16028,1.);
#16028 = DIRECTION('',(0.,-1.,0.));
#16029 = ORIENTED_EDGE('',*,*,#15991,.F.);
#16030 = PLANE('',#16031);
#16031 = AXIS2_PLACEMENT_3D('',#16032,#16033,#16034);
#16032 = CARTESIAN_POINT('',(-63.93,4.299423,0.));
#16033 = DIRECTION('',(-1.,-0.,-0.));
#16034 = DIRECTION('',(0.,-1.,0.));
#16035 = ADVANCED_FACE('',(#16036),#16061,.F.);
#16036 = FACE_BOUND('',#16037,.F.);
#16037 = EDGE_LOOP('',(#16038,#16039,#16047,#16055));
#16038 = ORIENTED_EDGE('',*,*,#13138,.F.);
#16039 = ORIENTED_EDGE('',*,*,#16040,.T.);
#16040 = EDGE_CURVE('',#13131,#16041,#16043,.T.);
#16041 = VERTEX_POINT('',#16042);
#16042 = CARTESIAN_POINT('',(-64.83,3.246739,-3.5E-02));
#16043 = LINE('',#16044,#16045);
#16044 = CARTESIAN_POINT('',(-64.83,3.246739,0.));
#16045 = VECTOR('',#16046,1.);
#16046 = DIRECTION('',(0.,0.,-1.));
#16047 = ORIENTED_EDGE('',*,*,#16048,.T.);
#16048 = EDGE_CURVE('',#16041,#16049,#16051,.T.);
#16049 = VERTEX_POINT('',#16050);
#16050 = CARTESIAN_POINT('',(-64.83,3.798888923645,-3.5E-02));
#16051 = LINE('',#16052,#16053);
#16052 = CARTESIAN_POINT('',(-64.83,3.246739,-3.5E-02));
#16053 = VECTOR('',#16054,1.);
#16054 = DIRECTION('',(0.,1.,0.));
#16055 = ORIENTED_EDGE('',*,*,#16056,.T.);
#16056 = EDGE_CURVE('',#16049,#13139,#16057,.T.);
#16057 = LINE('',#16058,#16059);
#16058 = CARTESIAN_POINT('',(-64.83,3.798888923645,0.));
#16059 = VECTOR('',#16060,1.);
#16060 = DIRECTION('',(0.,0.,1.));
#16061 = PLANE('',#16062);
#16062 = AXIS2_PLACEMENT_3D('',#16063,#16064,#16065);
#16063 = CARTESIAN_POINT('',(-64.83,3.246739,0.));
#16064 = DIRECTION('',(1.,-0.,0.));
#16065 = DIRECTION('',(0.,1.,0.));
#16066 = ADVANCED_FACE('',(#16067),#16085,.F.);
#16067 = FACE_BOUND('',#16068,.F.);
#16068 = EDGE_LOOP('',(#16069,#16077,#16083,#16084));
#16069 = ORIENTED_EDGE('',*,*,#16070,.T.);
#16070 = EDGE_CURVE('',#13122,#16071,#16073,.T.);
#16071 = VERTEX_POINT('',#16072);
#16072 = CARTESIAN_POINT('',(-64.898221,3.268904,-3.5E-02));
#16073 = LINE('',#16074,#16075);
#16074 = CARTESIAN_POINT('',(-64.898221,3.268904,0.));
#16075 = VECTOR('',#16076,1.);
#16076 = DIRECTION('',(0.,0.,-1.));
#16077 = ORIENTED_EDGE('',*,*,#16078,.T.);
#16078 = EDGE_CURVE('',#16071,#16041,#16079,.T.);
#16079 = LINE('',#16080,#16081);
#16080 = CARTESIAN_POINT('',(-64.898221,3.268904,-3.5E-02));
#16081 = VECTOR('',#16082,1.);
#16082 = DIRECTION('',(0.951062033322,-0.309000014198,0.));
#16083 = ORIENTED_EDGE('',*,*,#16040,.F.);
#16084 = ORIENTED_EDGE('',*,*,#13130,.F.);
#16085 = PLANE('',#16086);
#16086 = AXIS2_PLACEMENT_3D('',#16087,#16088,#16089);
#16087 = CARTESIAN_POINT('',(-64.898221,3.268904,0.));
#16088 = DIRECTION('',(-0.309000014198,-0.951062033322,-0.));
#16089 = DIRECTION('',(0.951062033322,-0.309000014198,0.));
#16090 = ADVANCED_FACE('',(#16091),#16110,.F.);
#16091 = FACE_BOUND('',#16092,.F.);
#16092 = EDGE_LOOP('',(#16093,#16101,#16108,#16109));
#16093 = ORIENTED_EDGE('',*,*,#16094,.T.);
#16094 = EDGE_CURVE('',#13114,#16095,#16097,.T.);
#16095 = VERTEX_POINT('',#16096);
#16096 = CARTESIAN_POINT('',(-65.409724,3.640534,-3.5E-02));
#16097 = LINE('',#16098,#16099);
#16098 = CARTESIAN_POINT('',(-65.409724,3.640534,0.));
#16099 = VECTOR('',#16100,1.);
#16100 = DIRECTION('',(0.,0.,-1.));
#16101 = ORIENTED_EDGE('',*,*,#16102,.T.);
#16102 = EDGE_CURVE('',#16095,#16071,#16103,.T.);
#16103 = CIRCLE('',#16104,1.354190811331);
#16104 = AXIS2_PLACEMENT_3D('',#16105,#16106,#16107);
#16105 = CARTESIAN_POINT('',(-64.37998970983,4.520011143047,-3.5E-02));
#16106 = DIRECTION('',(0.,0.,1.));
#16107 = DIRECTION('',(-0.760405610165,-0.649448464491,0.));
#16108 = ORIENTED_EDGE('',*,*,#16070,.F.);
#16109 = ORIENTED_EDGE('',*,*,#13121,.F.);
#16110 = CYLINDRICAL_SURFACE('',#16111,1.354190811331);
#16111 = AXIS2_PLACEMENT_3D('',#16112,#16113,#16114);
#16112 = CARTESIAN_POINT('',(-64.37998970983,4.520011143047,0.));
#16113 = DIRECTION('',(0.,0.,1.));
#16114 = DIRECTION('',(-0.760405610165,-0.649448464491,0.));
#16115 = ADVANCED_FACE('',(#16116),#16134,.F.);
#16116 = FACE_BOUND('',#16117,.F.);
#16117 = EDGE_LOOP('',(#16118,#16126,#16132,#16133));
#16118 = ORIENTED_EDGE('',*,*,#16119,.T.);
#16119 = EDGE_CURVE('',#13105,#16120,#16122,.T.);
#16120 = VERTEX_POINT('',#16121);
#16121 = CARTESIAN_POINT('',(-65.534623,3.812443,-3.5E-02));
#16122 = LINE('',#16123,#16124);
#16123 = CARTESIAN_POINT('',(-65.534623,3.812443,0.));
#16124 = VECTOR('',#16125,1.);
#16125 = DIRECTION('',(0.,0.,-1.));
#16126 = ORIENTED_EDGE('',*,*,#16127,.T.);
#16127 = EDGE_CURVE('',#16120,#16095,#16128,.T.);
#16128 = LINE('',#16129,#16130);
#16129 = CARTESIAN_POINT('',(-65.534623,3.812443,-3.5E-02));
#16130 = VECTOR('',#16131,1.);
#16131 = DIRECTION('',(0.587784637962,-0.809017440712,0.));
#16132 = ORIENTED_EDGE('',*,*,#16094,.F.);
#16133 = ORIENTED_EDGE('',*,*,#13113,.F.);
#16134 = PLANE('',#16135);
#16135 = AXIS2_PLACEMENT_3D('',#16136,#16137,#16138);
#16136 = CARTESIAN_POINT('',(-65.534623,3.812443,0.));
#16137 = DIRECTION('',(-0.809017440712,-0.587784637962,-0.));
#16138 = DIRECTION('',(0.587784637962,-0.809017440712,0.));
#16139 = ADVANCED_FACE('',(#16140),#16159,.T.);
#16140 = FACE_BOUND('',#16141,.F.);
#16141 = EDGE_LOOP('',(#16142,#16150,#16157,#16158));
#16142 = ORIENTED_EDGE('',*,*,#16143,.T.);
#16143 = EDGE_CURVE('',#13097,#16144,#16146,.T.);
#16144 = VERTEX_POINT('',#16145);
#16145 = CARTESIAN_POINT('',(-65.712234,3.87229,-3.5E-02));
#16146 = LINE('',#16147,#16148);
#16147 = CARTESIAN_POINT('',(-65.712234,3.87229,0.));
#16148 = VECTOR('',#16149,1.);
#16149 = DIRECTION('',(0.,0.,-1.));
#16150 = ORIENTED_EDGE('',*,*,#16151,.T.);
#16151 = EDGE_CURVE('',#16144,#16120,#16152,.T.);
#16152 = CIRCLE('',#16153,0.12449230214);
#16153 = AXIS2_PLACEMENT_3D('',#16154,#16155,#16156);
#16154 = CARTESIAN_POINT('',(-65.64959775381,3.764702668235,-3.5E-02));
#16155 = DIRECTION('',(0.,0.,-1.));
#16156 = DIRECTION('',(-0.503133487825,0.864208709415,0.));
#16157 = ORIENTED_EDGE('',*,*,#16119,.F.);
#16158 = ORIENTED_EDGE('',*,*,#13104,.F.);
#16159 = CYLINDRICAL_SURFACE('',#16160,0.12449230214);
#16160 = AXIS2_PLACEMENT_3D('',#16161,#16162,#16163);
#16161 = CARTESIAN_POINT('',(-65.64959775381,3.764702668235,0.));
#16162 = DIRECTION('',(-0.,-0.,1.));
#16163 = DIRECTION('',(-0.503133487825,0.864208709415,0.));
#16164 = ADVANCED_FACE('',(#16165),#16183,.F.);
#16165 = FACE_BOUND('',#16166,.F.);
#16166 = EDGE_LOOP('',(#16167,#16175,#16181,#16182));
#16167 = ORIENTED_EDGE('',*,*,#16168,.T.);
#16168 = EDGE_CURVE('',#13088,#16169,#16171,.T.);
#16169 = VERTEX_POINT('',#16170);
#16170 = CARTESIAN_POINT('',(-65.760206,3.821494,-3.5E-02));
#16171 = LINE('',#16172,#16173);
#16172 = CARTESIAN_POINT('',(-65.760206,3.821494,0.));
#16173 = VECTOR('',#16174,1.);
#16174 = DIRECTION('',(0.,0.,-1.));
#16175 = ORIENTED_EDGE('',*,*,#16176,.T.);
#16176 = EDGE_CURVE('',#16169,#16144,#16177,.T.);
#16177 = LINE('',#16178,#16179);
#16178 = CARTESIAN_POINT('',(-65.760206,3.821494,-3.5E-02));
#16179 = VECTOR('',#16180,1.);
#16180 = DIRECTION('',(0.686608402923,0.727027441735,0.));
#16181 = ORIENTED_EDGE('',*,*,#16143,.F.);
#16182 = ORIENTED_EDGE('',*,*,#13096,.F.);
#16183 = PLANE('',#16184);
#16184 = AXIS2_PLACEMENT_3D('',#16185,#16186,#16187);
#16185 = CARTESIAN_POINT('',(-65.760206,3.821494,0.));
#16186 = DIRECTION('',(0.727027441735,-0.686608402923,0.));
#16187 = DIRECTION('',(0.686608402923,0.727027441735,0.));
#16188 = ADVANCED_FACE('',(#16189),#16208,.F.);
#16189 = FACE_BOUND('',#16190,.F.);
#16190 = EDGE_LOOP('',(#16191,#16199,#16206,#16207));
#16191 = ORIENTED_EDGE('',*,*,#16192,.T.);
#16192 = EDGE_CURVE('',#13080,#16193,#16195,.T.);
#16193 = VERTEX_POINT('',#16194);
#16194 = CARTESIAN_POINT('',(-67.950111,3.640212,-3.5E-02));
#16195 = LINE('',#16196,#16197);
#16196 = CARTESIAN_POINT('',(-67.950111,3.640212,0.));
#16197 = VECTOR('',#16198,1.);
#16198 = DIRECTION('',(0.,0.,-1.));
#16199 = ORIENTED_EDGE('',*,*,#16200,.T.);
#16200 = EDGE_CURVE('',#16193,#16169,#16201,.T.);
#16201 = CIRCLE('',#16202,1.353740377985);
#16202 = AXIS2_PLACEMENT_3D('',#16203,#16204,#16205);
#16203 = CARTESIAN_POINT('',(-66.92040419453,4.519027626714,-3.5E-02));
#16204 = DIRECTION('',(0.,0.,1.));
#16205 = DIRECTION('',(-0.760638318998,-0.649175898869,0.));
#16206 = ORIENTED_EDGE('',*,*,#16168,.F.);
#16207 = ORIENTED_EDGE('',*,*,#13087,.F.);
#16208 = CYLINDRICAL_SURFACE('',#16209,1.353740377985);
#16209 = AXIS2_PLACEMENT_3D('',#16210,#16211,#16212);
#16210 = CARTESIAN_POINT('',(-66.92040419453,4.519027626714,0.));
#16211 = DIRECTION('',(0.,0.,1.));
#16212 = DIRECTION('',(-0.760638318998,-0.649175898869,0.));
#16213 = ADVANCED_FACE('',(#16214),#16232,.F.);
#16214 = FACE_BOUND('',#16215,.F.);
#16215 = EDGE_LOOP('',(#16216,#16224,#16230,#16231));
#16216 = ORIENTED_EDGE('',*,*,#16217,.T.);
#16217 = EDGE_CURVE('',#13071,#16218,#16220,.T.);
#16218 = VERTEX_POINT('',#16219);
#16219 = CARTESIAN_POINT('',(-68.075052,3.812181,-3.5E-02));
#16220 = LINE('',#16221,#16222);
#16221 = CARTESIAN_POINT('',(-68.075052,3.812181,0.));
#16222 = VECTOR('',#16223,1.);
#16223 = DIRECTION('',(0.,0.,-1.));
#16224 = ORIENTED_EDGE('',*,*,#16225,.T.);
#16225 = EDGE_CURVE('',#16218,#16193,#16226,.T.);
#16226 = LINE('',#16227,#16228);
#16227 = CARTESIAN_POINT('',(-68.075052,3.812181,-3.5E-02));
#16228 = VECTOR('',#16229,1.);
#16229 = DIRECTION('',(0.587779734522,-0.809021003241,0.));
#16230 = ORIENTED_EDGE('',*,*,#16192,.F.);
#16231 = ORIENTED_EDGE('',*,*,#13079,.F.);
#16232 = PLANE('',#16233);
#16233 = AXIS2_PLACEMENT_3D('',#16234,#16235,#16236);
#16234 = CARTESIAN_POINT('',(-68.075052,3.812181,0.));
#16235 = DIRECTION('',(-0.809021003241,-0.587779734522,-0.));
#16236 = DIRECTION('',(0.587779734522,-0.809021003241,0.));
#16237 = ADVANCED_FACE('',(#16238),#16257,.T.);
#16238 = FACE_BOUND('',#16239,.F.);
#16239 = EDGE_LOOP('',(#16240,#16248,#16255,#16256));
#16240 = ORIENTED_EDGE('',*,*,#16241,.T.);
#16241 = EDGE_CURVE('',#13063,#16242,#16244,.T.);
#16242 = VERTEX_POINT('',#16243);
#16243 = CARTESIAN_POINT('',(-68.252517,3.871736,-3.5E-02));
#16244 = LINE('',#16245,#16246);
#16245 = CARTESIAN_POINT('',(-68.252517,3.871736,0.));
#16246 = VECTOR('',#16247,1.);
#16247 = DIRECTION('',(0.,0.,-1.));
#16248 = ORIENTED_EDGE('',*,*,#16249,.T.);
#16249 = EDGE_CURVE('',#16242,#16218,#16250,.T.);
#16250 = CIRCLE('',#16251,0.124463436203);
#16251 = AXIS2_PLACEMENT_3D('',#16252,#16253,#16254);
#16252 = CARTESIAN_POINT('',(-68.18988638146,3.764178793951,-3.5E-02));
#16253 = DIRECTION('',(0.,0.,-1.));
#16254 = DIRECTION('',(-0.503204960815,0.864167094612,0.));
#16255 = ORIENTED_EDGE('',*,*,#16217,.F.);
#16256 = ORIENTED_EDGE('',*,*,#13070,.F.);
#16257 = CYLINDRICAL_SURFACE('',#16258,0.124463436203);
#16258 = AXIS2_PLACEMENT_3D('',#16259,#16260,#16261);
#16259 = CARTESIAN_POINT('',(-68.18988638146,3.764178793951,0.));
#16260 = DIRECTION('',(-0.,-0.,1.));
#16261 = DIRECTION('',(-0.503204960815,0.864167094612,0.));
#16262 = ADVANCED_FACE('',(#16263),#16281,.F.);
#16263 = FACE_BOUND('',#16264,.F.);
#16264 = EDGE_LOOP('',(#16265,#16273,#16279,#16280));
#16265 = ORIENTED_EDGE('',*,*,#16266,.T.);
#16266 = EDGE_CURVE('',#13054,#16267,#16269,.T.);
#16267 = VERTEX_POINT('',#16268);
#16268 = CARTESIAN_POINT('',(-68.300488,3.82094,-3.5E-02));
#16269 = LINE('',#16270,#16271);
#16270 = CARTESIAN_POINT('',(-68.300488,3.82094,0.));
#16271 = VECTOR('',#16272,1.);
#16272 = DIRECTION('',(0.,0.,-1.));
#16273 = ORIENTED_EDGE('',*,*,#16274,.T.);
#16274 = EDGE_CURVE('',#16267,#16242,#16275,.T.);
#16275 = LINE('',#16276,#16277);
#16276 = CARTESIAN_POINT('',(-68.300488,3.82094,-3.5E-02));
#16277 = VECTOR('',#16278,1.);
#16278 = DIRECTION('',(0.686600837569,0.727034586419,0.));
#16279 = ORIENTED_EDGE('',*,*,#16241,.F.);
#16280 = ORIENTED_EDGE('',*,*,#13062,.F.);
#16281 = PLANE('',#16282);
#16282 = AXIS2_PLACEMENT_3D('',#16283,#16284,#16285);
#16283 = CARTESIAN_POINT('',(-68.300488,3.82094,0.));
#16284 = DIRECTION('',(0.727034586419,-0.686600837569,0.));
#16285 = DIRECTION('',(0.686600837569,0.727034586419,0.));
#16286 = ADVANCED_FACE('',(#16287),#16306,.F.);
#16287 = FACE_BOUND('',#16288,.F.);
#16288 = EDGE_LOOP('',(#16289,#16297,#16304,#16305));
#16289 = ORIENTED_EDGE('',*,*,#16290,.T.);
#16290 = EDGE_CURVE('',#13046,#16291,#16293,.T.);
#16291 = VERTEX_POINT('',#16292);
#16292 = CARTESIAN_POINT('',(-70.339787,3.489889,-3.5E-02));
#16293 = LINE('',#16294,#16295);
#16294 = CARTESIAN_POINT('',(-70.339787,3.489889,0.));
#16295 = VECTOR('',#16296,1.);
#16296 = DIRECTION('',(0.,0.,-1.));
#16297 = ORIENTED_EDGE('',*,*,#16298,.T.);
#16298 = EDGE_CURVE('',#16291,#16267,#16299,.T.);
#16299 = CIRCLE('',#16300,1.353701359343);
#16300 = AXIS2_PLACEMENT_3D('',#16301,#16302,#16303);
#16301 = CARTESIAN_POINT('',(-69.46032734766,4.518994480602,-3.5E-02));
#16302 = DIRECTION('',(0.,0.,1.));
#16303 = DIRECTION('',(-0.649670362124,-0.760216035464,0.));
#16304 = ORIENTED_EDGE('',*,*,#16266,.F.);
#16305 = ORIENTED_EDGE('',*,*,#13053,.F.);
#16306 = CYLINDRICAL_SURFACE('',#16307,1.353701359343);
#16307 = AXIS2_PLACEMENT_3D('',#16308,#16309,#16310);
#16308 = CARTESIAN_POINT('',(-69.46032734766,4.518994480602,0.));
#16309 = DIRECTION('',(0.,0.,1.));
#16310 = DIRECTION('',(-0.649670362124,-0.760216035464,0.));
#16311 = ADVANCED_FACE('',(#16312),#16330,.F.);
#16312 = FACE_BOUND('',#16313,.F.);
#16313 = EDGE_LOOP('',(#16314,#16322,#16328,#16329));
#16314 = ORIENTED_EDGE('',*,*,#16315,.T.);
#16315 = EDGE_CURVE('',#13037,#16316,#16318,.T.);
#16316 = VERTEX_POINT('',#16317);
#16317 = CARTESIAN_POINT('',(-70.453327,3.603429,-3.5E-02));
#16318 = LINE('',#16319,#16320);
#16319 = CARTESIAN_POINT('',(-70.453327,3.603429,0.));
#16320 = VECTOR('',#16321,1.);
#16321 = DIRECTION('',(0.,0.,-1.));
#16322 = ORIENTED_EDGE('',*,*,#16323,.T.);
#16323 = EDGE_CURVE('',#16316,#16291,#16324,.T.);
#16324 = LINE('',#16325,#16326);
#16325 = CARTESIAN_POINT('',(-70.453327,3.603429,-3.5E-02));
#16326 = VECTOR('',#16327,1.);
#16327 = DIRECTION('',(0.707106781187,-0.707106781187,0.));
#16328 = ORIENTED_EDGE('',*,*,#16290,.F.);
#16329 = ORIENTED_EDGE('',*,*,#13045,.F.);
#16330 = PLANE('',#16331);
#16331 = AXIS2_PLACEMENT_3D('',#16332,#16333,#16334);
#16332 = CARTESIAN_POINT('',(-70.453327,3.603429,0.));
#16333 = DIRECTION('',(-0.707106781187,-0.707106781187,-0.));
#16334 = DIRECTION('',(0.707106781187,-0.707106781187,0.));
#16335 = ADVANCED_FACE('',(#16336),#16355,.T.);
#16336 = FACE_BOUND('',#16337,.F.);
#16337 = EDGE_LOOP('',(#16338,#16346,#16353,#16354));
#16338 = ORIENTED_EDGE('',*,*,#16339,.T.);
#16339 = EDGE_CURVE('',#13029,#16340,#16342,.T.);
#16340 = VERTEX_POINT('',#16341);
#16341 = CARTESIAN_POINT('',(-70.615319,3.615014,-3.5E-02));
#16342 = LINE('',#16343,#16344);
#16343 = CARTESIAN_POINT('',(-70.615319,3.615014,0.));
#16344 = VECTOR('',#16345,1.);
#16345 = DIRECTION('',(0.,0.,-1.));
#16346 = ORIENTED_EDGE('',*,*,#16347,.T.);
#16347 = EDGE_CURVE('',#16340,#16316,#16348,.T.);
#16348 = CIRCLE('',#16349,0.123998025781);
#16349 = AXIS2_PLACEMENT_3D('',#16350,#16351,#16352);
#16350 = CARTESIAN_POINT('',(-70.54100769588,3.51575000613,-3.5E-02));
#16351 = DIRECTION('',(0.,0.,-1.));
#16352 = DIRECTION('',(-0.599294252007,0.80052882491,0.));
#16353 = ORIENTED_EDGE('',*,*,#16315,.F.);
#16354 = ORIENTED_EDGE('',*,*,#13036,.F.);
#16355 = CYLINDRICAL_SURFACE('',#16356,0.123998025781);
#16356 = AXIS2_PLACEMENT_3D('',#16357,#16358,#16359);
#16357 = CARTESIAN_POINT('',(-70.54100769588,3.51575000613,0.));
#16358 = DIRECTION('',(-0.,-0.,1.));
#16359 = DIRECTION('',(-0.599294252007,0.80052882491,0.));
#16360 = ADVANCED_FACE('',(#16361),#16379,.F.);
#16361 = FACE_BOUND('',#16362,.F.);
#16362 = EDGE_LOOP('',(#16363,#16371,#16377,#16378));
#16363 = ORIENTED_EDGE('',*,*,#16364,.T.);
#16364 = EDGE_CURVE('',#13020,#16365,#16367,.T.);
#16365 = VERTEX_POINT('',#16366);
#16366 = CARTESIAN_POINT('',(-70.65719,3.559082,-3.5E-02));
#16367 = LINE('',#16368,#16369);
#16368 = CARTESIAN_POINT('',(-70.65719,3.559082,0.));
#16369 = VECTOR('',#16370,1.);
#16370 = DIRECTION('',(0.,0.,-1.));
#16371 = ORIENTED_EDGE('',*,*,#16372,.T.);
#16372 = EDGE_CURVE('',#16365,#16340,#16373,.T.);
#16373 = LINE('',#16374,#16375);
#16374 = CARTESIAN_POINT('',(-70.65719,3.559082,-3.5E-02));
#16375 = VECTOR('',#16376,1.);
#16376 = DIRECTION('',(0.599285272855,0.80053554683,0.));
#16377 = ORIENTED_EDGE('',*,*,#16339,.F.);
#16378 = ORIENTED_EDGE('',*,*,#13028,.F.);
#16379 = PLANE('',#16380);
#16380 = AXIS2_PLACEMENT_3D('',#16381,#16382,#16383);
#16381 = CARTESIAN_POINT('',(-70.65719,3.559082,0.));
#16382 = DIRECTION('',(0.80053554683,-0.599285272855,0.));
#16383 = DIRECTION('',(0.599285272855,0.80053554683,0.));
#16384 = ADVANCED_FACE('',(#16385),#16404,.F.);
#16385 = FACE_BOUND('',#16386,.F.);
#16386 = EDGE_LOOP('',(#16387,#16395,#16402,#16403));
#16387 = ORIENTED_EDGE('',*,*,#16388,.T.);
#16388 = EDGE_CURVE('',#13012,#16389,#16391,.T.);
#16389 = VERTEX_POINT('',#16390);
#16390 = CARTESIAN_POINT('',(-71.042517,3.175907,-3.5E-02));
#16391 = LINE('',#16392,#16393);
#16392 = CARTESIAN_POINT('',(-71.042517,3.175907,0.));
#16393 = VECTOR('',#16394,1.);
#16394 = DIRECTION('',(0.,0.,-1.));
#16395 = ORIENTED_EDGE('',*,*,#16396,.T.);
#16396 = EDGE_CURVE('',#16389,#16365,#16397,.T.);
#16397 = CIRCLE('',#16398,0.504020426174);
#16398 = AXIS2_PLACEMENT_3D('',#16399,#16400,#16401);
#16399 = CARTESIAN_POINT('',(-71.14918803477,3.668510167205,-3.5E-02));
#16400 = DIRECTION('',(0.,0.,1.));
#16401 = DIRECTION('',(0.211640301139,-0.977347626453,0.));
#16402 = ORIENTED_EDGE('',*,*,#16364,.F.);
#16403 = ORIENTED_EDGE('',*,*,#13019,.F.);
#16404 = CYLINDRICAL_SURFACE('',#16405,0.504020426174);
#16405 = AXIS2_PLACEMENT_3D('',#16406,#16407,#16408);
#16406 = CARTESIAN_POINT('',(-71.14918803477,3.668510167205,0.));
#16407 = DIRECTION('',(0.,0.,1.));
#16408 = DIRECTION('',(0.211640301139,-0.977347626453,0.));
#16409 = ADVANCED_FACE('',(#16410),#16428,.F.);
#16410 = FACE_BOUND('',#16411,.F.);
#16411 = EDGE_LOOP('',(#16412,#16420,#16426,#16427));
#16412 = ORIENTED_EDGE('',*,*,#16413,.T.);
#16413 = EDGE_CURVE('',#13004,#16414,#16416,.T.);
#16414 = VERTEX_POINT('',#16415);
#16415 = CARTESIAN_POINT('',(-71.102128,3.169499,-3.5E-02));
#16416 = LINE('',#16417,#16418);
#16417 = CARTESIAN_POINT('',(-71.102128,3.169499,0.));
#16418 = VECTOR('',#16419,1.);
#16419 = DIRECTION('',(0.,0.,-1.));
#16420 = ORIENTED_EDGE('',*,*,#16421,.T.);
#16421 = EDGE_CURVE('',#16414,#16389,#16422,.T.);
#16422 = LINE('',#16423,#16424);
#16423 = CARTESIAN_POINT('',(-71.102128,3.169499,-3.5E-02));
#16424 = VECTOR('',#16425,1.);
#16425 = DIRECTION('',(0.994271801122,0.106881174642,0.));
#16426 = ORIENTED_EDGE('',*,*,#16388,.F.);
#16427 = ORIENTED_EDGE('',*,*,#13011,.F.);
#16428 = PLANE('',#16429);
#16429 = AXIS2_PLACEMENT_3D('',#16430,#16431,#16432);
#16430 = CARTESIAN_POINT('',(-71.102128,3.169499,0.));
#16431 = DIRECTION('',(0.106881174642,-0.994271801122,0.));
#16432 = DIRECTION('',(0.994271801122,0.106881174642,0.));
#16433 = ADVANCED_FACE('',(#16434),#16452,.F.);
#16434 = FACE_BOUND('',#16435,.F.);
#16435 = EDGE_LOOP('',(#16436,#16444,#16450,#16451));
#16436 = ORIENTED_EDGE('',*,*,#16437,.T.);
#16437 = EDGE_CURVE('',#12996,#16438,#16440,.T.);
#16438 = VERTEX_POINT('',#16439);
#16439 = CARTESIAN_POINT('',(-72.897873,3.169498,-3.5E-02));
#16440 = LINE('',#16441,#16442);
#16441 = CARTESIAN_POINT('',(-72.897873,3.169498,0.));
#16442 = VECTOR('',#16443,1.);
#16443 = DIRECTION('',(0.,0.,-1.));
#16444 = ORIENTED_EDGE('',*,*,#16445,.T.);
#16445 = EDGE_CURVE('',#16438,#16414,#16446,.T.);
#16446 = LINE('',#16447,#16448);
#16447 = CARTESIAN_POINT('',(-72.897873,3.169498,-3.5E-02));
#16448 = VECTOR('',#16449,1.);
#16449 = DIRECTION('',(1.,5.568719390223E-07,0.));
#16450 = ORIENTED_EDGE('',*,*,#16413,.F.);
#16451 = ORIENTED_EDGE('',*,*,#13003,.F.);
#16452 = PLANE('',#16453);
#16453 = AXIS2_PLACEMENT_3D('',#16454,#16455,#16456);
#16454 = CARTESIAN_POINT('',(-72.897873,3.169498,0.));
#16455 = DIRECTION('',(5.568719390223E-07,-1.,0.));
#16456 = DIRECTION('',(1.,5.568719390223E-07,0.));
#16457 = ADVANCED_FACE('',(#16458),#16476,.F.);
#16458 = FACE_BOUND('',#16459,.F.);
#16459 = EDGE_LOOP('',(#16460,#16468,#16474,#16475));
#16460 = ORIENTED_EDGE('',*,*,#16461,.T.);
#16461 = EDGE_CURVE('',#12987,#16462,#16464,.T.);
#16462 = VERTEX_POINT('',#16463);
#16463 = CARTESIAN_POINT('',(-72.957484,3.175907,-3.5E-02));
#16464 = LINE('',#16465,#16466);
#16465 = CARTESIAN_POINT('',(-72.957484,3.175907,0.));
#16466 = VECTOR('',#16467,1.);
#16467 = DIRECTION('',(0.,0.,-1.));
#16468 = ORIENTED_EDGE('',*,*,#16469,.T.);
#16469 = EDGE_CURVE('',#16462,#16438,#16470,.T.);
#16470 = LINE('',#16471,#16472);
#16471 = CARTESIAN_POINT('',(-72.957484,3.175907,-3.5E-02));
#16472 = VECTOR('',#16473,1.);
#16473 = DIRECTION('',(0.994270028494,-0.106897663395,0.));
#16474 = ORIENTED_EDGE('',*,*,#16437,.F.);
#16475 = ORIENTED_EDGE('',*,*,#12995,.F.);
#16476 = PLANE('',#16477);
#16477 = AXIS2_PLACEMENT_3D('',#16478,#16479,#16480);
#16478 = CARTESIAN_POINT('',(-72.957484,3.175907,0.));
#16479 = DIRECTION('',(-0.106897663395,-0.994270028494,-0.));
#16480 = DIRECTION('',(0.994270028494,-0.106897663395,0.));
#16481 = ADVANCED_FACE('',(#16482),#16501,.F.);
#16482 = FACE_BOUND('',#16483,.F.);
#16483 = EDGE_LOOP('',(#16484,#16492,#16499,#16500));
#16484 = ORIENTED_EDGE('',*,*,#16485,.T.);
#16485 = EDGE_CURVE('',#12979,#16486,#16488,.T.);
#16486 = VERTEX_POINT('',#16487);
#16487 = CARTESIAN_POINT('',(-73.344092,3.562515,-3.5E-02));
#16488 = LINE('',#16489,#16490);
#16489 = CARTESIAN_POINT('',(-73.344092,3.562515,0.));
#16490 = VECTOR('',#16491,1.);
#16491 = DIRECTION('',(0.,0.,-1.));
#16492 = ORIENTED_EDGE('',*,*,#16493,.T.);
#16493 = EDGE_CURVE('',#16486,#16462,#16494,.T.);
#16494 = CIRCLE('',#16495,0.505651565713);
#16495 = AXIS2_PLACEMENT_3D('',#16496,#16497,#16498);
#16496 = CARTESIAN_POINT('',(-72.84999684897,3.67000215103,-3.5E-02));
#16497 = DIRECTION('',(0.,0.,1.));
#16498 = DIRECTION('',(-0.977145498073,-0.212571577582,0.));
#16499 = ORIENTED_EDGE('',*,*,#16461,.F.);
#16500 = ORIENTED_EDGE('',*,*,#12986,.F.);
#16501 = CYLINDRICAL_SURFACE('',#16502,0.505651565713);
#16502 = AXIS2_PLACEMENT_3D('',#16503,#16504,#16505);
#16503 = CARTESIAN_POINT('',(-72.84999684897,3.67000215103,0.));
#16504 = DIRECTION('',(0.,0.,1.));
#16505 = DIRECTION('',(-0.977145498073,-0.212571577582,0.));
#16506 = ADVANCED_FACE('',(#16507),#16525,.F.);
#16507 = FACE_BOUND('',#16508,.F.);
#16508 = EDGE_LOOP('',(#16509,#16517,#16523,#16524));
#16509 = ORIENTED_EDGE('',*,*,#16510,.T.);
#16510 = EDGE_CURVE('',#12971,#16511,#16513,.T.);
#16511 = VERTEX_POINT('',#16512);
#16512 = CARTESIAN_POINT('',(-73.3505,3.622128,-3.5E-02));
#16513 = LINE('',#16514,#16515);
#16514 = CARTESIAN_POINT('',(-73.3505,3.622128,0.));
#16515 = VECTOR('',#16516,1.);
#16516 = DIRECTION('',(0.,0.,-1.));
#16517 = ORIENTED_EDGE('',*,*,#16518,.T.);
#16518 = EDGE_CURVE('',#16511,#16486,#16519,.T.);
#16519 = LINE('',#16520,#16521);
#16520 = CARTESIAN_POINT('',(-73.3505,3.622128,-3.5E-02));
#16521 = VECTOR('',#16522,1.);
#16522 = DIRECTION('',(0.106877629769,-0.994272182179,0.));
#16523 = ORIENTED_EDGE('',*,*,#16485,.F.);
#16524 = ORIENTED_EDGE('',*,*,#12978,.F.);
#16525 = PLANE('',#16526);
#16526 = AXIS2_PLACEMENT_3D('',#16527,#16528,#16529);
#16527 = CARTESIAN_POINT('',(-73.3505,3.622128,0.));
#16528 = DIRECTION('',(-0.994272182179,-0.106877629769,-0.));
#16529 = DIRECTION('',(0.106877629769,-0.994272182179,0.));
#16530 = ADVANCED_FACE('',(#16531),#16549,.F.);
#16531 = FACE_BOUND('',#16532,.F.);
#16532 = EDGE_LOOP('',(#16533,#16541,#16547,#16548));
#16533 = ORIENTED_EDGE('',*,*,#16534,.T.);
#16534 = EDGE_CURVE('',#12963,#16535,#16537,.T.);
#16535 = VERTEX_POINT('',#16536);
#16536 = CARTESIAN_POINT('',(-73.3505,5.417863,-3.5E-02));
#16537 = LINE('',#16538,#16539);
#16538 = CARTESIAN_POINT('',(-73.3505,5.417863,0.));
#16539 = VECTOR('',#16540,1.);
#16540 = DIRECTION('',(0.,0.,-1.));
#16541 = ORIENTED_EDGE('',*,*,#16542,.T.);
#16542 = EDGE_CURVE('',#16535,#16511,#16543,.T.);
#16543 = LINE('',#16544,#16545);
#16544 = CARTESIAN_POINT('',(-73.3505,5.417863,-3.5E-02));
#16545 = VECTOR('',#16546,1.);
#16546 = DIRECTION('',(0.,-1.,0.));
#16547 = ORIENTED_EDGE('',*,*,#16510,.F.);
#16548 = ORIENTED_EDGE('',*,*,#12970,.F.);
#16549 = PLANE('',#16550);
#16550 = AXIS2_PLACEMENT_3D('',#16551,#16552,#16553);
#16551 = CARTESIAN_POINT('',(-73.3505,5.417863,0.));
#16552 = DIRECTION('',(-1.,-0.,-0.));
#16553 = DIRECTION('',(0.,-1.,0.));
#16554 = ADVANCED_FACE('',(#16555),#16573,.F.);
#16555 = FACE_BOUND('',#16556,.F.);
#16556 = EDGE_LOOP('',(#16557,#16565,#16571,#16572));
#16557 = ORIENTED_EDGE('',*,*,#16558,.T.);
#16558 = EDGE_CURVE('',#12954,#16559,#16561,.T.);
#16559 = VERTEX_POINT('',#16560);
#16560 = CARTESIAN_POINT('',(-73.344092,5.477481,-3.5E-02));
#16561 = LINE('',#16562,#16563);
#16562 = CARTESIAN_POINT('',(-73.344092,5.477481,0.));
#16563 = VECTOR('',#16564,1.);
#16564 = DIRECTION('',(0.,0.,-1.));
#16565 = ORIENTED_EDGE('',*,*,#16566,.T.);
#16566 = EDGE_CURVE('',#16559,#16535,#16567,.T.);
#16567 = LINE('',#16568,#16569);
#16568 = CARTESIAN_POINT('',(-73.344092,5.477481,-3.5E-02));
#16569 = VECTOR('',#16570,1.);
#16570 = DIRECTION('',(-0.106868768608,-0.994273134655,0.));
#16571 = ORIENTED_EDGE('',*,*,#16534,.F.);
#16572 = ORIENTED_EDGE('',*,*,#12962,.F.);
#16573 = PLANE('',#16574);
#16574 = AXIS2_PLACEMENT_3D('',#16575,#16576,#16577);
#16575 = CARTESIAN_POINT('',(-73.344092,5.477481,0.));
#16576 = DIRECTION('',(-0.994273134655,0.106868768608,0.));
#16577 = DIRECTION('',(-0.106868768608,-0.994273134655,0.));
#16578 = ADVANCED_FACE('',(#16579),#16598,.F.);
#16579 = FACE_BOUND('',#16580,.F.);
#16580 = EDGE_LOOP('',(#16581,#16589,#16596,#16597));
#16581 = ORIENTED_EDGE('',*,*,#16582,.T.);
#16582 = EDGE_CURVE('',#12946,#16583,#16585,.T.);
#16583 = VERTEX_POINT('',#16584);
#16584 = CARTESIAN_POINT('',(-72.957484,5.86409,-3.5E-02));
#16585 = LINE('',#16586,#16587);
#16586 = CARTESIAN_POINT('',(-72.957484,5.86409,0.));
#16587 = VECTOR('',#16588,1.);
#16588 = DIRECTION('',(0.,0.,-1.));
#16589 = ORIENTED_EDGE('',*,*,#16590,.T.);
#16590 = EDGE_CURVE('',#16583,#16559,#16591,.T.);
#16591 = CIRCLE('',#16592,0.505650896169);
#16592 = AXIS2_PLACEMENT_3D('',#16593,#16594,#16595);
#16593 = CARTESIAN_POINT('',(-72.84999718339,5.369995461421,-3.5E-02));
#16594 = DIRECTION('',(0.,0.,1.));
#16595 = DIRECTION('',(-0.212571197671,0.97714558072,0.));
#16596 = ORIENTED_EDGE('',*,*,#16558,.F.);
#16597 = ORIENTED_EDGE('',*,*,#12953,.F.);
#16598 = CYLINDRICAL_SURFACE('',#16599,0.505650896169);
#16599 = AXIS2_PLACEMENT_3D('',#16600,#16601,#16602);
#16600 = CARTESIAN_POINT('',(-72.84999718339,5.369995461421,0.));
#16601 = DIRECTION('',(0.,0.,1.));
#16602 = DIRECTION('',(-0.212571197671,0.97714558072,0.));
#16603 = ADVANCED_FACE('',(#16604),#16622,.F.);
#16604 = FACE_BOUND('',#16605,.F.);
#16605 = EDGE_LOOP('',(#16606,#16614,#16620,#16621));
#16606 = ORIENTED_EDGE('',*,*,#16607,.T.);
#16607 = EDGE_CURVE('',#12938,#16608,#16610,.T.);
#16608 = VERTEX_POINT('',#16609);
#16609 = CARTESIAN_POINT('',(-72.897871,5.870498,-3.5E-02));
#16610 = LINE('',#16611,#16612);
#16611 = CARTESIAN_POINT('',(-72.897871,5.870498,0.));
#16612 = VECTOR('',#16613,1.);
#16613 = DIRECTION('',(0.,0.,-1.));
#16614 = ORIENTED_EDGE('',*,*,#16615,.T.);
#16615 = EDGE_CURVE('',#16608,#16583,#16616,.T.);
#16616 = LINE('',#16617,#16618);
#16617 = CARTESIAN_POINT('',(-72.897871,5.870498,-3.5E-02));
#16618 = VECTOR('',#16619,1.);
#16619 = DIRECTION('',(-0.994272182179,-0.106877629769,0.));
#16620 = ORIENTED_EDGE('',*,*,#16582,.F.);
#16621 = ORIENTED_EDGE('',*,*,#12945,.F.);
#16622 = PLANE('',#16623);
#16623 = AXIS2_PLACEMENT_3D('',#16624,#16625,#16626);
#16624 = CARTESIAN_POINT('',(-72.897871,5.870498,0.));
#16625 = DIRECTION('',(-0.106877629769,0.994272182179,0.));
#16626 = DIRECTION('',(-0.994272182179,-0.106877629769,0.));
#16627 = ADVANCED_FACE('',(#16628),#16646,.F.);
#16628 = FACE_BOUND('',#16629,.F.);
#16629 = EDGE_LOOP('',(#16630,#16638,#16644,#16645));
#16630 = ORIENTED_EDGE('',*,*,#16631,.T.);
#16631 = EDGE_CURVE('',#12930,#16632,#16634,.T.);
#16632 = VERTEX_POINT('',#16633);
#16633 = CARTESIAN_POINT('',(-71.102119,5.870498,-3.5E-02));
#16634 = LINE('',#16635,#16636);
#16635 = CARTESIAN_POINT('',(-71.102119,5.870498,0.));
#16636 = VECTOR('',#16637,1.);
#16637 = DIRECTION('',(0.,0.,-1.));
#16638 = ORIENTED_EDGE('',*,*,#16639,.T.);
#16639 = EDGE_CURVE('',#16632,#16608,#16640,.T.);
#16640 = LINE('',#16641,#16642);
#16641 = CARTESIAN_POINT('',(-71.102119,5.870498,-3.5E-02));
#16642 = VECTOR('',#16643,1.);
#16643 = DIRECTION('',(-1.,0.,0.));
#16644 = ORIENTED_EDGE('',*,*,#16607,.F.);
#16645 = ORIENTED_EDGE('',*,*,#12937,.F.);
#16646 = PLANE('',#16647);
#16647 = AXIS2_PLACEMENT_3D('',#16648,#16649,#16650);
#16648 = CARTESIAN_POINT('',(-71.102119,5.870498,0.));
#16649 = DIRECTION('',(0.,1.,0.));
#16650 = DIRECTION('',(-1.,0.,0.));
#16651 = ADVANCED_FACE('',(#16652),#16670,.F.);
#16652 = FACE_BOUND('',#16653,.F.);
#16653 = EDGE_LOOP('',(#16654,#16662,#16668,#16669));
#16654 = ORIENTED_EDGE('',*,*,#16655,.T.);
#16655 = EDGE_CURVE('',#12921,#16656,#16658,.T.);
#16656 = VERTEX_POINT('',#16657);
#16657 = CARTESIAN_POINT('',(-71.042517,5.86409,-3.5E-02));
#16658 = LINE('',#16659,#16660);
#16659 = CARTESIAN_POINT('',(-71.042517,5.86409,0.));
#16660 = VECTOR('',#16661,1.);
#16661 = DIRECTION('',(0.,0.,-1.));
#16662 = ORIENTED_EDGE('',*,*,#16663,.T.);
#16663 = EDGE_CURVE('',#16656,#16632,#16664,.T.);
#16664 = LINE('',#16665,#16666);
#16665 = CARTESIAN_POINT('',(-71.042517,5.86409,-3.5E-02));
#16666 = VECTOR('',#16667,1.);
#16667 = DIRECTION('',(-0.994270085898,0.106897129466,0.));
#16668 = ORIENTED_EDGE('',*,*,#16631,.F.);
#16669 = ORIENTED_EDGE('',*,*,#12929,.F.);
#16670 = PLANE('',#16671);
#16671 = AXIS2_PLACEMENT_3D('',#16672,#16673,#16674);
#16672 = CARTESIAN_POINT('',(-71.042517,5.86409,0.));
#16673 = DIRECTION('',(0.106897129466,0.994270085898,0.));
#16674 = DIRECTION('',(-0.994270085898,0.106897129466,0.));
#16675 = ADVANCED_FACE('',(#16676),#16688,.F.);
#16676 = FACE_BOUND('',#16677,.F.);
#16677 = EDGE_LOOP('',(#16678,#16679,#16686,#16687));
#16678 = ORIENTED_EDGE('',*,*,#15382,.T.);
#16679 = ORIENTED_EDGE('',*,*,#16680,.T.);
#16680 = EDGE_CURVE('',#15375,#16656,#16681,.T.);
#16681 = CIRCLE('',#16682,0.505656938024);
#16682 = AXIS2_PLACEMENT_3D('',#16683,#16684,#16685);
#16683 = CARTESIAN_POINT('',(-71.1500068344,5.369989934758,-3.5E-02));
#16684 = DIRECTION('',(0.,0.,1.));
#16685 = DIRECTION('',(0.877669821232,0.479265776891,-0.));
#16686 = ORIENTED_EDGE('',*,*,#16655,.F.);
#16687 = ORIENTED_EDGE('',*,*,#12920,.F.);
#16688 = CYLINDRICAL_SURFACE('',#16689,0.505656938024);
#16689 = AXIS2_PLACEMENT_3D('',#16690,#16691,#16692);
#16690 = CARTESIAN_POINT('',(-71.1500068344,5.369989934758,0.));
#16691 = DIRECTION('',(0.,0.,1.));
#16692 = DIRECTION('',(0.877669821232,0.479265776891,-0.));
#16693 = ADVANCED_FACE('',(#16694),#16713,.T.);
#16694 = FACE_BOUND('',#16695,.F.);
#16695 = EDGE_LOOP('',(#16696,#16697,#16705,#16712));
#16696 = ORIENTED_EDGE('',*,*,#13394,.T.);
#16697 = ORIENTED_EDGE('',*,*,#16698,.T.);
#16698 = EDGE_CURVE('',#13395,#16699,#16701,.T.);
#16699 = VERTEX_POINT('',#16700);
#16700 = CARTESIAN_POINT('',(-65.749999,7.749999,1.51));
#16701 = LINE('',#16702,#16703);
#16702 = CARTESIAN_POINT('',(-65.749999,7.749999,-3.5E-02));
#16703 = VECTOR('',#16704,1.);
#16704 = DIRECTION('',(0.,0.,1.));
#16705 = ORIENTED_EDGE('',*,*,#16706,.F.);
#16706 = EDGE_CURVE('',#16699,#16699,#16707,.T.);
#16707 = CIRCLE('',#16708,0.25);
#16708 = AXIS2_PLACEMENT_3D('',#16709,#16710,#16711);
#16709 = CARTESIAN_POINT('',(-65.749999,7.999999,1.51));
#16710 = DIRECTION('',(-0.,0.,-1.));
#16711 = DIRECTION('',(-0.,-1.,0.));
#16712 = ORIENTED_EDGE('',*,*,#16698,.F.);
#16713 = CYLINDRICAL_SURFACE('',#16714,0.25);
#16714 = AXIS2_PLACEMENT_3D('',#16715,#16716,#16717);
#16715 = CARTESIAN_POINT('',(-65.749999,7.999999,-3.5E-02));
#16716 = DIRECTION('',(-0.,-0.,-1.));
#16717 = DIRECTION('',(-0.,-1.,0.));
#16718 = ADVANCED_FACE('',(#16719),#16738,.T.);
#16719 = FACE_BOUND('',#16720,.F.);
#16720 = EDGE_LOOP('',(#16721,#16722,#16730,#16737));
#16721 = ORIENTED_EDGE('',*,*,#13405,.T.);
#16722 = ORIENTED_EDGE('',*,*,#16723,.T.);
#16723 = EDGE_CURVE('',#13406,#16724,#16726,.T.);
#16724 = VERTEX_POINT('',#16725);
#16725 = CARTESIAN_POINT('',(-67.749999,7.749999,1.51));
#16726 = LINE('',#16727,#16728);
#16727 = CARTESIAN_POINT('',(-67.749999,7.749999,-3.5E-02));
#16728 = VECTOR('',#16729,1.);
#16729 = DIRECTION('',(0.,0.,1.));
#16730 = ORIENTED_EDGE('',*,*,#16731,.F.);
#16731 = EDGE_CURVE('',#16724,#16724,#16732,.T.);
#16732 = CIRCLE('',#16733,0.25);
#16733 = AXIS2_PLACEMENT_3D('',#16734,#16735,#16736);
#16734 = CARTESIAN_POINT('',(-67.749999,7.999999,1.51));
#16735 = DIRECTION('',(-0.,0.,-1.));
#16736 = DIRECTION('',(-0.,-1.,0.));
#16737 = ORIENTED_EDGE('',*,*,#16723,.F.);
#16738 = CYLINDRICAL_SURFACE('',#16739,0.25);
#16739 = AXIS2_PLACEMENT_3D('',#16740,#16741,#16742);
#16740 = CARTESIAN_POINT('',(-67.749999,7.999999,-3.5E-02));
#16741 = DIRECTION('',(-0.,-0.,-1.));
#16742 = DIRECTION('',(-0.,-1.,0.));
#16743 = ADVANCED_FACE('',(#16744),#16763,.F.);
#16744 = FACE_BOUND('',#16745,.T.);
#16745 = EDGE_LOOP('',(#16746,#16755,#16761,#16762));
#16746 = ORIENTED_EDGE('',*,*,#16747,.T.);
#16747 = EDGE_CURVE('',#16748,#16748,#16750,.T.);
#16748 = VERTEX_POINT('',#16749);
#16749 = CARTESIAN_POINT('',(-47.749999,3.065998,-3.5E-02));
#16750 = CIRCLE('',#16751,0.175);
#16751 = AXIS2_PLACEMENT_3D('',#16752,#16753,#16754);
#16752 = CARTESIAN_POINT('',(-47.749999,3.240998,-3.5E-02));
#16753 = DIRECTION('',(-0.,0.,-1.));
#16754 = DIRECTION('',(-0.,-1.,0.));
#16755 = ORIENTED_EDGE('',*,*,#16756,.T.);
#16756 = EDGE_CURVE('',#16748,#11492,#16757,.T.);
#16757 = LINE('',#16758,#16759);
#16758 = CARTESIAN_POINT('',(-47.749999,3.065998,-3.6E-02));
#16759 = VECTOR('',#16760,1.);
#16760 = DIRECTION('',(0.,0.,1.));
#16761 = ORIENTED_EDGE('',*,*,#11491,.F.);
#16762 = ORIENTED_EDGE('',*,*,#16756,.F.);
#16763 = CYLINDRICAL_SURFACE('',#16764,0.175);
#16764 = AXIS2_PLACEMENT_3D('',#16765,#16766,#16767);
#16765 = CARTESIAN_POINT('',(-47.749999,3.240998,-3.6E-02));
#16766 = DIRECTION('',(-0.,-0.,-1.));
#16767 = DIRECTION('',(-0.,-1.,0.));
#16768 = ADVANCED_FACE('',(#16769),#16788,.F.);
#16769 = FACE_BOUND('',#16770,.T.);
#16770 = EDGE_LOOP('',(#16771,#16780,#16786,#16787));
#16771 = ORIENTED_EDGE('',*,*,#16772,.T.);
#16772 = EDGE_CURVE('',#16773,#16773,#16775,.T.);
#16773 = VERTEX_POINT('',#16774);
#16774 = CARTESIAN_POINT('',(-46.749999,3.065998,-3.5E-02));
#16775 = CIRCLE('',#16776,0.175);
#16776 = AXIS2_PLACEMENT_3D('',#16777,#16778,#16779);
#16777 = CARTESIAN_POINT('',(-46.749999,3.240998,-3.5E-02));
#16778 = DIRECTION('',(-0.,0.,-1.));
#16779 = DIRECTION('',(-0.,-1.,0.));
#16780 = ORIENTED_EDGE('',*,*,#16781,.T.);
#16781 = EDGE_CURVE('',#16773,#11503,#16782,.T.);
#16782 = LINE('',#16783,#16784);
#16783 = CARTESIAN_POINT('',(-46.749999,3.065998,-3.6E-02));
#16784 = VECTOR('',#16785,1.);
#16785 = DIRECTION('',(0.,0.,1.));
#16786 = ORIENTED_EDGE('',*,*,#11502,.F.);
#16787 = ORIENTED_EDGE('',*,*,#16781,.F.);
#16788 = CYLINDRICAL_SURFACE('',#16789,0.175);
#16789 = AXIS2_PLACEMENT_3D('',#16790,#16791,#16792);
#16790 = CARTESIAN_POINT('',(-46.749999,3.240998,-3.6E-02));
#16791 = DIRECTION('',(-0.,-0.,-1.));
#16792 = DIRECTION('',(-0.,-1.,0.));
#16793 = ADVANCED_FACE('',(#16794),#16813,.F.);
#16794 = FACE_BOUND('',#16795,.T.);
#16795 = EDGE_LOOP('',(#16796,#16805,#16811,#16812));
#16796 = ORIENTED_EDGE('',*,*,#16797,.T.);
#16797 = EDGE_CURVE('',#16798,#16798,#16800,.T.);
#16798 = VERTEX_POINT('',#16799);
#16799 = CARTESIAN_POINT('',(-45.749999,3.065998,-3.5E-02));
#16800 = CIRCLE('',#16801,0.175);
#16801 = AXIS2_PLACEMENT_3D('',#16802,#16803,#16804);
#16802 = CARTESIAN_POINT('',(-45.749999,3.240998,-3.5E-02));
#16803 = DIRECTION('',(-0.,0.,-1.));
#16804 = DIRECTION('',(-0.,-1.,0.));
#16805 = ORIENTED_EDGE('',*,*,#16806,.T.);
#16806 = EDGE_CURVE('',#16798,#11514,#16807,.T.);
#16807 = LINE('',#16808,#16809);
#16808 = CARTESIAN_POINT('',(-45.749999,3.065998,-3.6E-02));
#16809 = VECTOR('',#16810,1.);
#16810 = DIRECTION('',(0.,0.,1.));
#16811 = ORIENTED_EDGE('',*,*,#11513,.F.);
#16812 = ORIENTED_EDGE('',*,*,#16806,.F.);
#16813 = CYLINDRICAL_SURFACE('',#16814,0.175);
#16814 = AXIS2_PLACEMENT_3D('',#16815,#16816,#16817);
#16815 = CARTESIAN_POINT('',(-45.749999,3.240998,-3.6E-02));
#16816 = DIRECTION('',(-0.,-0.,-1.));
#16817 = DIRECTION('',(-0.,-1.,0.));
#16818 = ADVANCED_FACE('',(#16819),#16838,.F.);
#16819 = FACE_BOUND('',#16820,.T.);
#16820 = EDGE_LOOP('',(#16821,#16830,#16836,#16837));
#16821 = ORIENTED_EDGE('',*,*,#16822,.T.);
#16822 = EDGE_CURVE('',#16823,#16823,#16825,.T.);
#16823 = VERTEX_POINT('',#16824);
#16824 = CARTESIAN_POINT('',(-44.749999,3.065998,-3.5E-02));
#16825 = CIRCLE('',#16826,0.175);
#16826 = AXIS2_PLACEMENT_3D('',#16827,#16828,#16829);
#16827 = CARTESIAN_POINT('',(-44.749999,3.240998,-3.5E-02));
#16828 = DIRECTION('',(-0.,0.,-1.));
#16829 = DIRECTION('',(-0.,-1.,0.));
#16830 = ORIENTED_EDGE('',*,*,#16831,.T.);
#16831 = EDGE_CURVE('',#16823,#11525,#16832,.T.);
#16832 = LINE('',#16833,#16834);
#16833 = CARTESIAN_POINT('',(-44.749999,3.065998,-3.6E-02));
#16834 = VECTOR('',#16835,1.);
#16835 = DIRECTION('',(0.,0.,1.));
#16836 = ORIENTED_EDGE('',*,*,#11524,.F.);
#16837 = ORIENTED_EDGE('',*,*,#16831,.F.);
#16838 = CYLINDRICAL_SURFACE('',#16839,0.175);
#16839 = AXIS2_PLACEMENT_3D('',#16840,#16841,#16842);
#16840 = CARTESIAN_POINT('',(-44.749999,3.240998,-3.6E-02));
#16841 = DIRECTION('',(-0.,-0.,-1.));
#16842 = DIRECTION('',(-0.,-1.,0.));
#16843 = ADVANCED_FACE('',(#16844),#16863,.F.);
#16844 = FACE_BOUND('',#16845,.T.);
#16845 = EDGE_LOOP('',(#16846,#16855,#16861,#16862));
#16846 = ORIENTED_EDGE('',*,*,#16847,.T.);
#16847 = EDGE_CURVE('',#16848,#16848,#16850,.T.);
#16848 = VERTEX_POINT('',#16849);
#16849 = CARTESIAN_POINT('',(45.250001,3.065998,-3.5E-02));
#16850 = CIRCLE('',#16851,0.175);
#16851 = AXIS2_PLACEMENT_3D('',#16852,#16853,#16854);
#16852 = CARTESIAN_POINT('',(45.250001,3.240998,-3.5E-02));
#16853 = DIRECTION('',(-0.,0.,-1.));
#16854 = DIRECTION('',(-0.,-1.,0.));
#16855 = ORIENTED_EDGE('',*,*,#16856,.T.);
#16856 = EDGE_CURVE('',#16848,#11536,#16857,.T.);
#16857 = LINE('',#16858,#16859);
#16858 = CARTESIAN_POINT('',(45.250001,3.065998,-3.6E-02));
#16859 = VECTOR('',#16860,1.);
#16860 = DIRECTION('',(0.,0.,1.));
#16861 = ORIENTED_EDGE('',*,*,#11535,.F.);
#16862 = ORIENTED_EDGE('',*,*,#16856,.F.);
#16863 = CYLINDRICAL_SURFACE('',#16864,0.175);
#16864 = AXIS2_PLACEMENT_3D('',#16865,#16866,#16867);
#16865 = CARTESIAN_POINT('',(45.250001,3.240998,-3.6E-02));
#16866 = DIRECTION('',(-0.,-0.,-1.));
#16867 = DIRECTION('',(-0.,-1.,0.));
#16868 = ADVANCED_FACE('',(#16869),#16888,.F.);
#16869 = FACE_BOUND('',#16870,.T.);
#16870 = EDGE_LOOP('',(#16871,#16880,#16886,#16887));
#16871 = ORIENTED_EDGE('',*,*,#16872,.T.);
#16872 = EDGE_CURVE('',#16873,#16873,#16875,.T.);
#16873 = VERTEX_POINT('',#16874);
#16874 = CARTESIAN_POINT('',(46.250001,3.065998,-3.5E-02));
#16875 = CIRCLE('',#16876,0.175);
#16876 = AXIS2_PLACEMENT_3D('',#16877,#16878,#16879);
#16877 = CARTESIAN_POINT('',(46.250001,3.240998,-3.5E-02));
#16878 = DIRECTION('',(-0.,0.,-1.));
#16879 = DIRECTION('',(-0.,-1.,0.));
#16880 = ORIENTED_EDGE('',*,*,#16881,.T.);
#16881 = EDGE_CURVE('',#16873,#11547,#16882,.T.);
#16882 = LINE('',#16883,#16884);
#16883 = CARTESIAN_POINT('',(46.250001,3.065998,-3.6E-02));
#16884 = VECTOR('',#16885,1.);
#16885 = DIRECTION('',(0.,0.,1.));
#16886 = ORIENTED_EDGE('',*,*,#11546,.F.);
#16887 = ORIENTED_EDGE('',*,*,#16881,.F.);
#16888 = CYLINDRICAL_SURFACE('',#16889,0.175);
#16889 = AXIS2_PLACEMENT_3D('',#16890,#16891,#16892);
#16890 = CARTESIAN_POINT('',(46.250001,3.240998,-3.6E-02));
#16891 = DIRECTION('',(-0.,-0.,-1.));
#16892 = DIRECTION('',(-0.,-1.,0.));
#16893 = ADVANCED_FACE('',(#16894),#16913,.F.);
#16894 = FACE_BOUND('',#16895,.T.);
#16895 = EDGE_LOOP('',(#16896,#16905,#16911,#16912));
#16896 = ORIENTED_EDGE('',*,*,#16897,.T.);
#16897 = EDGE_CURVE('',#16898,#16898,#16900,.T.);
#16898 = VERTEX_POINT('',#16899);
#16899 = CARTESIAN_POINT('',(47.250001,3.065998,-3.5E-02));
#16900 = CIRCLE('',#16901,0.175);
#16901 = AXIS2_PLACEMENT_3D('',#16902,#16903,#16904);
#16902 = CARTESIAN_POINT('',(47.250001,3.240998,-3.5E-02));
#16903 = DIRECTION('',(-0.,0.,-1.));
#16904 = DIRECTION('',(-0.,-1.,0.));
#16905 = ORIENTED_EDGE('',*,*,#16906,.T.);
#16906 = EDGE_CURVE('',#16898,#11558,#16907,.T.);
#16907 = LINE('',#16908,#16909);
#16908 = CARTESIAN_POINT('',(47.250001,3.065998,-3.6E-02));
#16909 = VECTOR('',#16910,1.);
#16910 = DIRECTION('',(0.,0.,1.));
#16911 = ORIENTED_EDGE('',*,*,#11557,.F.);
#16912 = ORIENTED_EDGE('',*,*,#16906,.F.);
#16913 = CYLINDRICAL_SURFACE('',#16914,0.175);
#16914 = AXIS2_PLACEMENT_3D('',#16915,#16916,#16917);
#16915 = CARTESIAN_POINT('',(47.250001,3.240998,-3.6E-02));
#16916 = DIRECTION('',(-0.,-0.,-1.));
#16917 = DIRECTION('',(-0.,-1.,0.));
#16918 = ADVANCED_FACE('',(#16919),#16938,.F.);
#16919 = FACE_BOUND('',#16920,.T.);
#16920 = EDGE_LOOP('',(#16921,#16930,#16936,#16937));
#16921 = ORIENTED_EDGE('',*,*,#16922,.T.);
#16922 = EDGE_CURVE('',#16923,#16923,#16925,.T.);
#16923 = VERTEX_POINT('',#16924);
#16924 = CARTESIAN_POINT('',(48.250001,3.065998,-3.5E-02));
#16925 = CIRCLE('',#16926,0.175);
#16926 = AXIS2_PLACEMENT_3D('',#16927,#16928,#16929);
#16927 = CARTESIAN_POINT('',(48.250001,3.240998,-3.5E-02));
#16928 = DIRECTION('',(-0.,0.,-1.));
#16929 = DIRECTION('',(-0.,-1.,0.));
#16930 = ORIENTED_EDGE('',*,*,#16931,.T.);
#16931 = EDGE_CURVE('',#16923,#11569,#16932,.T.);
#16932 = LINE('',#16933,#16934);
#16933 = CARTESIAN_POINT('',(48.250001,3.065998,-3.6E-02));
#16934 = VECTOR('',#16935,1.);
#16935 = DIRECTION('',(0.,0.,1.));
#16936 = ORIENTED_EDGE('',*,*,#11568,.F.);
#16937 = ORIENTED_EDGE('',*,*,#16931,.F.);
#16938 = CYLINDRICAL_SURFACE('',#16939,0.175);
#16939 = AXIS2_PLACEMENT_3D('',#16940,#16941,#16942);
#16940 = CARTESIAN_POINT('',(48.250001,3.240998,-3.6E-02));
#16941 = DIRECTION('',(-0.,-0.,-1.));
#16942 = DIRECTION('',(-0.,-1.,0.));
#16943 = ADVANCED_FACE('',(#16944,#16962,#17048,#17118,#17121,#17124,
    #17127,#17130,#17133,#17136,#17139,#17142,#17153),#17164,.T.);
#16944 = FACE_BOUND('',#16945,.T.);
#16945 = EDGE_LOOP('',(#16946,#16947,#16948,#16949,#16950,#16951,#16952,
    #16953,#16954,#16955,#16956,#16957,#16958,#16959,#16960,#16961));
#16946 = ORIENTED_EDGE('',*,*,#13594,.T.);
#16947 = ORIENTED_EDGE('',*,*,#13643,.T.);
#16948 = ORIENTED_EDGE('',*,*,#13692,.T.);
#16949 = ORIENTED_EDGE('',*,*,#13741,.T.);
#16950 = ORIENTED_EDGE('',*,*,#13790,.T.);
#16951 = ORIENTED_EDGE('',*,*,#13839,.T.);
#16952 = ORIENTED_EDGE('',*,*,#13888,.T.);
#16953 = ORIENTED_EDGE('',*,*,#13937,.T.);
#16954 = ORIENTED_EDGE('',*,*,#13961,.T.);
#16955 = ORIENTED_EDGE('',*,*,#13920,.T.);
#16956 = ORIENTED_EDGE('',*,*,#13870,.T.);
#16957 = ORIENTED_EDGE('',*,*,#13822,.T.);
#16958 = ORIENTED_EDGE('',*,*,#13772,.T.);
#16959 = ORIENTED_EDGE('',*,*,#13724,.T.);
#16960 = ORIENTED_EDGE('',*,*,#13674,.T.);
#16961 = ORIENTED_EDGE('',*,*,#13626,.T.);
#16962 = FACE_BOUND('',#16963,.T.);
#16963 = EDGE_LOOP('',(#16964,#16965,#16966,#16967,#16968,#16969,#16970,
    #16971,#16972,#16973,#16974,#16975,#16976,#16977,#16978,#16979,
    #16980,#16981,#16982,#16989,#16990,#16991,#16992,#16993,#16994,
    #17001,#17002,#17003,#17004,#17005,#17006,#17007,#17008,#17009,
    #17010,#17011,#17012,#17013,#17014,#17015,#17016,#17017,#17018,
    #17019,#17020,#17021,#17022,#17023,#17024,#17025,#17032,#17033,
    #17034,#17035,#17036,#17037,#17038,#17045,#17046,#17047));
#16964 = ORIENTED_EDGE('',*,*,#13986,.T.);
#16965 = ORIENTED_EDGE('',*,*,#15349,.T.);
#16966 = ORIENTED_EDGE('',*,*,#15332,.T.);
#16967 = ORIENTED_EDGE('',*,*,#15308,.T.);
#16968 = ORIENTED_EDGE('',*,*,#15284,.T.);
#16969 = ORIENTED_EDGE('',*,*,#15259,.T.);
#16970 = ORIENTED_EDGE('',*,*,#15235,.T.);
#16971 = ORIENTED_EDGE('',*,*,#15211,.T.);
#16972 = ORIENTED_EDGE('',*,*,#15187,.T.);
#16973 = ORIENTED_EDGE('',*,*,#15162,.T.);
#16974 = ORIENTED_EDGE('',*,*,#15138,.T.);
#16975 = ORIENTED_EDGE('',*,*,#15114,.T.);
#16976 = ORIENTED_EDGE('',*,*,#15090,.T.);
#16977 = ORIENTED_EDGE('',*,*,#15065,.T.);
#16978 = ORIENTED_EDGE('',*,*,#15041,.T.);
#16979 = ORIENTED_EDGE('',*,*,#15017,.T.);
#16980 = ORIENTED_EDGE('',*,*,#14993,.T.);
#16981 = ORIENTED_EDGE('',*,*,#14963,.T.);
#16982 = ORIENTED_EDGE('',*,*,#16983,.T.);
#16983 = EDGE_CURVE('',#14964,#14932,#16984,.T.);
#16984 = CIRCLE('',#16985,0.849999);
#16985 = AXIS2_PLACEMENT_3D('',#16986,#16987,#16988);
#16986 = CARTESIAN_POINT('',(64.379998,4.519998,-3.5E-02));
#16987 = DIRECTION('',(0.,0.,1.));
#16988 = DIRECTION('',(1.,0.,-0.));
#16989 = ORIENTED_EDGE('',*,*,#14939,.T.);
#16990 = ORIENTED_EDGE('',*,*,#14914,.T.);
#16991 = ORIENTED_EDGE('',*,*,#14889,.T.);
#16992 = ORIENTED_EDGE('',*,*,#14865,.T.);
#16993 = ORIENTED_EDGE('',*,*,#14835,.T.);
#16994 = ORIENTED_EDGE('',*,*,#16995,.T.);
#16995 = EDGE_CURVE('',#14836,#14804,#16996,.T.);
#16996 = CIRCLE('',#16997,0.849999);
#16997 = AXIS2_PLACEMENT_3D('',#16998,#16999,#17000);
#16998 = CARTESIAN_POINT('',(64.379998,4.519998,-3.5E-02));
#16999 = DIRECTION('',(0.,0.,1.));
#17000 = DIRECTION('',(1.,0.,-0.));
#17001 = ORIENTED_EDGE('',*,*,#14811,.T.);
#17002 = ORIENTED_EDGE('',*,*,#14786,.T.);
#17003 = ORIENTED_EDGE('',*,*,#14762,.T.);
#17004 = ORIENTED_EDGE('',*,*,#14738,.T.);
#17005 = ORIENTED_EDGE('',*,*,#14713,.T.);
#17006 = ORIENTED_EDGE('',*,*,#14689,.T.);
#17007 = ORIENTED_EDGE('',*,*,#14664,.T.);
#17008 = ORIENTED_EDGE('',*,*,#14640,.T.);
#17009 = ORIENTED_EDGE('',*,*,#14615,.T.);
#17010 = ORIENTED_EDGE('',*,*,#14591,.T.);
#17011 = ORIENTED_EDGE('',*,*,#14566,.T.);
#17012 = ORIENTED_EDGE('',*,*,#14542,.T.);
#17013 = ORIENTED_EDGE('',*,*,#14517,.T.);
#17014 = ORIENTED_EDGE('',*,*,#14493,.T.);
#17015 = ORIENTED_EDGE('',*,*,#14468,.T.);
#17016 = ORIENTED_EDGE('',*,*,#14444,.T.);
#17017 = ORIENTED_EDGE('',*,*,#14419,.T.);
#17018 = ORIENTED_EDGE('',*,*,#14395,.T.);
#17019 = ORIENTED_EDGE('',*,*,#14370,.T.);
#17020 = ORIENTED_EDGE('',*,*,#14346,.T.);
#17021 = ORIENTED_EDGE('',*,*,#14321,.T.);
#17022 = ORIENTED_EDGE('',*,*,#14297,.T.);
#17023 = ORIENTED_EDGE('',*,*,#14272,.T.);
#17024 = ORIENTED_EDGE('',*,*,#14242,.T.);
#17025 = ORIENTED_EDGE('',*,*,#17026,.T.);
#17026 = EDGE_CURVE('',#14243,#14211,#17027,.T.);
#17027 = CIRCLE('',#17028,0.849999);
#17028 = AXIS2_PLACEMENT_3D('',#17029,#17030,#17031);
#17029 = CARTESIAN_POINT('',(64.379998,4.519998,-3.5E-02));
#17030 = DIRECTION('',(0.,0.,1.));
#17031 = DIRECTION('',(1.,0.,-0.));
#17032 = ORIENTED_EDGE('',*,*,#14218,.T.);
#17033 = ORIENTED_EDGE('',*,*,#14193,.T.);
#17034 = ORIENTED_EDGE('',*,*,#14169,.T.);
#17035 = ORIENTED_EDGE('',*,*,#14144,.T.);
#17036 = ORIENTED_EDGE('',*,*,#14120,.T.);
#17037 = ORIENTED_EDGE('',*,*,#14090,.T.);
#17038 = ORIENTED_EDGE('',*,*,#17039,.T.);
#17039 = EDGE_CURVE('',#14091,#14059,#17040,.T.);
#17040 = CIRCLE('',#17041,0.849999);
#17041 = AXIS2_PLACEMENT_3D('',#17042,#17043,#17044);
#17042 = CARTESIAN_POINT('',(64.379998,4.519998,-3.5E-02));
#17043 = DIRECTION('',(0.,0.,1.));
#17044 = DIRECTION('',(1.,0.,-0.));
#17045 = ORIENTED_EDGE('',*,*,#14066,.T.);
#17046 = ORIENTED_EDGE('',*,*,#14041,.T.);
#17047 = ORIENTED_EDGE('',*,*,#14017,.T.);
#17048 = FACE_BOUND('',#17049,.T.);
#17049 = EDGE_LOOP('',(#17050,#17051,#17052,#17053,#17054,#17055,#17056,
    #17057,#17058,#17059,#17060,#17061,#17062,#17063,#17064,#17065,
    #17066,#17067,#17068,#17069,#17070,#17071,#17072,#17073,#17074,
    #17075,#17076,#17077,#17078,#17085,#17086,#17087,#17088,#17089,
    #17090,#17091,#17092,#17093,#17094,#17095,#17096,#17097,#17098,
    #17105,#17106,#17107,#17108,#17109,#17110,#17111,#17112,#17113,
    #17114,#17115,#17116,#17117));
#17050 = ORIENTED_EDGE('',*,*,#15374,.T.);
#17051 = ORIENTED_EDGE('',*,*,#16680,.T.);
#17052 = ORIENTED_EDGE('',*,*,#16663,.T.);
#17053 = ORIENTED_EDGE('',*,*,#16639,.T.);
#17054 = ORIENTED_EDGE('',*,*,#16615,.T.);
#17055 = ORIENTED_EDGE('',*,*,#16590,.T.);
#17056 = ORIENTED_EDGE('',*,*,#16566,.T.);
#17057 = ORIENTED_EDGE('',*,*,#16542,.T.);
#17058 = ORIENTED_EDGE('',*,*,#16518,.T.);
#17059 = ORIENTED_EDGE('',*,*,#16493,.T.);
#17060 = ORIENTED_EDGE('',*,*,#16469,.T.);
#17061 = ORIENTED_EDGE('',*,*,#16445,.T.);
#17062 = ORIENTED_EDGE('',*,*,#16421,.T.);
#17063 = ORIENTED_EDGE('',*,*,#16396,.T.);
#17064 = ORIENTED_EDGE('',*,*,#16372,.T.);
#17065 = ORIENTED_EDGE('',*,*,#16347,.T.);
#17066 = ORIENTED_EDGE('',*,*,#16323,.T.);
#17067 = ORIENTED_EDGE('',*,*,#16298,.T.);
#17068 = ORIENTED_EDGE('',*,*,#16274,.T.);
#17069 = ORIENTED_EDGE('',*,*,#16249,.T.);
#17070 = ORIENTED_EDGE('',*,*,#16225,.T.);
#17071 = ORIENTED_EDGE('',*,*,#16200,.T.);
#17072 = ORIENTED_EDGE('',*,*,#16176,.T.);
#17073 = ORIENTED_EDGE('',*,*,#16151,.T.);
#17074 = ORIENTED_EDGE('',*,*,#16127,.T.);
#17075 = ORIENTED_EDGE('',*,*,#16102,.T.);
#17076 = ORIENTED_EDGE('',*,*,#16078,.T.);
#17077 = ORIENTED_EDGE('',*,*,#16048,.T.);
#17078 = ORIENTED_EDGE('',*,*,#17079,.T.);
#17079 = EDGE_CURVE('',#16049,#16017,#17080,.T.);
#17080 = CIRCLE('',#17081,0.849999);
#17081 = AXIS2_PLACEMENT_3D('',#17082,#17083,#17084);
#17082 = CARTESIAN_POINT('',(-64.38,4.519998,-3.5E-02));
#17083 = DIRECTION('',(0.,0.,1.));
#17084 = DIRECTION('',(1.,0.,-0.));
#17085 = ORIENTED_EDGE('',*,*,#16024,.T.);
#17086 = ORIENTED_EDGE('',*,*,#15999,.T.);
#17087 = ORIENTED_EDGE('',*,*,#15974,.T.);
#17088 = ORIENTED_EDGE('',*,*,#15950,.T.);
#17089 = ORIENTED_EDGE('',*,*,#15925,.T.);
#17090 = ORIENTED_EDGE('',*,*,#15901,.T.);
#17091 = ORIENTED_EDGE('',*,*,#15876,.T.);
#17092 = ORIENTED_EDGE('',*,*,#15852,.T.);
#17093 = ORIENTED_EDGE('',*,*,#15827,.T.);
#17094 = ORIENTED_EDGE('',*,*,#15803,.T.);
#17095 = ORIENTED_EDGE('',*,*,#15778,.T.);
#17096 = ORIENTED_EDGE('',*,*,#15754,.T.);
#17097 = ORIENTED_EDGE('',*,*,#15724,.T.);
#17098 = ORIENTED_EDGE('',*,*,#17099,.T.);
#17099 = EDGE_CURVE('',#15725,#15693,#17100,.T.);
#17100 = CIRCLE('',#17101,0.849999);
#17101 = AXIS2_PLACEMENT_3D('',#17102,#17103,#17104);
#17102 = CARTESIAN_POINT('',(-64.38,4.519998,-3.5E-02));
#17103 = DIRECTION('',(0.,0.,1.));
#17104 = DIRECTION('',(1.,0.,-0.));
#17105 = ORIENTED_EDGE('',*,*,#15700,.T.);
#17106 = ORIENTED_EDGE('',*,*,#15675,.T.);
#17107 = ORIENTED_EDGE('',*,*,#15650,.T.);
#17108 = ORIENTED_EDGE('',*,*,#15626,.T.);
#17109 = ORIENTED_EDGE('',*,*,#15601,.T.);
#17110 = ORIENTED_EDGE('',*,*,#15577,.T.);
#17111 = ORIENTED_EDGE('',*,*,#15552,.T.);
#17112 = ORIENTED_EDGE('',*,*,#15528,.T.);
#17113 = ORIENTED_EDGE('',*,*,#15503,.T.);
#17114 = ORIENTED_EDGE('',*,*,#15479,.T.);
#17115 = ORIENTED_EDGE('',*,*,#15454,.T.);
#17116 = ORIENTED_EDGE('',*,*,#15430,.T.);
#17117 = ORIENTED_EDGE('',*,*,#15405,.T.);
#17118 = FACE_BOUND('',#17119,.T.);
#17119 = EDGE_LOOP('',(#17120));
#17120 = ORIENTED_EDGE('',*,*,#16922,.F.);
#17121 = FACE_BOUND('',#17122,.T.);
#17122 = EDGE_LOOP('',(#17123));
#17123 = ORIENTED_EDGE('',*,*,#16897,.F.);
#17124 = FACE_BOUND('',#17125,.T.);
#17125 = EDGE_LOOP('',(#17126));
#17126 = ORIENTED_EDGE('',*,*,#16872,.F.);
#17127 = FACE_BOUND('',#17128,.T.);
#17128 = EDGE_LOOP('',(#17129));
#17129 = ORIENTED_EDGE('',*,*,#16847,.F.);
#17130 = FACE_BOUND('',#17131,.T.);
#17131 = EDGE_LOOP('',(#17132));
#17132 = ORIENTED_EDGE('',*,*,#16822,.F.);
#17133 = FACE_BOUND('',#17134,.T.);
#17134 = EDGE_LOOP('',(#17135));
#17135 = ORIENTED_EDGE('',*,*,#16797,.F.);
#17136 = FACE_BOUND('',#17137,.T.);
#17137 = EDGE_LOOP('',(#17138));
#17138 = ORIENTED_EDGE('',*,*,#16772,.F.);
#17139 = FACE_BOUND('',#17140,.T.);
#17140 = EDGE_LOOP('',(#17141));
#17141 = ORIENTED_EDGE('',*,*,#16747,.F.);
#17142 = FACE_BOUND('',#17143,.T.);
#17143 = EDGE_LOOP('',(#17144));
#17144 = ORIENTED_EDGE('',*,*,#17145,.F.);
#17145 = EDGE_CURVE('',#17146,#17146,#17148,.T.);
#17146 = VERTEX_POINT('',#17147);
#17147 = CARTESIAN_POINT('',(-65.749999,7.774999,-3.5E-02));
#17148 = CIRCLE('',#17149,0.225);
#17149 = AXIS2_PLACEMENT_3D('',#17150,#17151,#17152);
#17150 = CARTESIAN_POINT('',(-65.749999,7.999999,-3.5E-02));
#17151 = DIRECTION('',(-0.,0.,-1.));
#17152 = DIRECTION('',(-0.,-1.,0.));
#17153 = FACE_BOUND('',#17154,.T.);
#17154 = EDGE_LOOP('',(#17155));
#17155 = ORIENTED_EDGE('',*,*,#17156,.F.);
#17156 = EDGE_CURVE('',#17157,#17157,#17159,.T.);
#17157 = VERTEX_POINT('',#17158);
#17158 = CARTESIAN_POINT('',(-67.749999,7.774999,-3.5E-02));
#17159 = CIRCLE('',#17160,0.225);
#17160 = AXIS2_PLACEMENT_3D('',#17161,#17162,#17163);
#17161 = CARTESIAN_POINT('',(-67.749999,7.999999,-3.5E-02));
#17162 = DIRECTION('',(-0.,0.,-1.));
#17163 = DIRECTION('',(-0.,-1.,0.));
#17164 = PLANE('',#17165);
#17165 = AXIS2_PLACEMENT_3D('',#17166,#17167,#17168);
#17166 = CARTESIAN_POINT('',(0.,0.,-3.5E-02));
#17167 = DIRECTION('',(-0.,-0.,-1.));
#17168 = DIRECTION('',(-1.,0.,0.));
#17169 = ADVANCED_FACE('',(#17170),#17205,.T.);
#17170 = FACE_BOUND('',#17171,.T.);
#17171 = EDGE_LOOP('',(#17172,#17173,#17181,#17188,#17189,#17190,#17191,
    #17192,#17193,#17194,#17195,#17196,#17197,#17198,#17199,#17200,
    #17201,#17202,#17203,#17204));
#17172 = ORIENTED_EDGE('',*,*,#12634,.F.);
#17173 = ORIENTED_EDGE('',*,*,#17174,.T.);
#17174 = EDGE_CURVE('',#12635,#17175,#17177,.T.);
#17175 = VERTEX_POINT('',#17176);
#17176 = CARTESIAN_POINT('',(65.229997,4.519998,-4.E-02));
#17177 = LINE('',#17178,#17179);
#17178 = CARTESIAN_POINT('',(65.229997,4.519998,0.));
#17179 = VECTOR('',#17180,1.);
#17180 = DIRECTION('',(0.,0.,-1.));
#17181 = ORIENTED_EDGE('',*,*,#17182,.T.);
#17182 = EDGE_CURVE('',#17175,#17175,#17183,.T.);
#17183 = CIRCLE('',#17184,0.849999);
#17184 = AXIS2_PLACEMENT_3D('',#17185,#17186,#17187);
#17185 = CARTESIAN_POINT('',(64.379998,4.519998,-4.E-02));
#17186 = DIRECTION('',(0.,0.,1.));
#17187 = DIRECTION('',(1.,0.,-0.));
#17188 = ORIENTED_EDGE('',*,*,#17174,.F.);
#17189 = ORIENTED_EDGE('',*,*,#12643,.F.);
#17190 = ORIENTED_EDGE('',*,*,#14803,.F.);
#17191 = ORIENTED_EDGE('',*,*,#16995,.F.);
#17192 = ORIENTED_EDGE('',*,*,#14843,.T.);
#17193 = ORIENTED_EDGE('',*,*,#12856,.F.);
#17194 = ORIENTED_EDGE('',*,*,#14931,.F.);
#17195 = ORIENTED_EDGE('',*,*,#16983,.F.);
#17196 = ORIENTED_EDGE('',*,*,#14971,.T.);
#17197 = ORIENTED_EDGE('',*,*,#12531,.F.);
#17198 = ORIENTED_EDGE('',*,*,#14058,.F.);
#17199 = ORIENTED_EDGE('',*,*,#17039,.F.);
#17200 = ORIENTED_EDGE('',*,*,#14098,.T.);
#17201 = ORIENTED_EDGE('',*,*,#12574,.F.);
#17202 = ORIENTED_EDGE('',*,*,#14210,.F.);
#17203 = ORIENTED_EDGE('',*,*,#17026,.F.);
#17204 = ORIENTED_EDGE('',*,*,#14250,.T.);
#17205 = CYLINDRICAL_SURFACE('',#17206,0.849999);
#17206 = AXIS2_PLACEMENT_3D('',#17207,#17208,#17209);
#17207 = CARTESIAN_POINT('',(64.379998,4.519998,0.));
#17208 = DIRECTION('',(0.,0.,1.));
#17209 = DIRECTION('',(1.,0.,-0.));
#17210 = ADVANCED_FACE('',(#17211),#17238,.T.);
#17211 = FACE_BOUND('',#17212,.T.);
#17212 = EDGE_LOOP('',(#17213,#17214,#17222,#17229,#17230,#17231,#17232,
    #17233,#17234,#17235,#17236,#17237));
#17213 = ORIENTED_EDGE('',*,*,#13275,.F.);
#17214 = ORIENTED_EDGE('',*,*,#17215,.T.);
#17215 = EDGE_CURVE('',#13276,#17216,#17218,.T.);
#17216 = VERTEX_POINT('',#17217);
#17217 = CARTESIAN_POINT('',(-63.530001,4.519998,-4.E-02));
#17218 = LINE('',#17219,#17220);
#17219 = CARTESIAN_POINT('',(-63.530001,4.519998,0.));
#17220 = VECTOR('',#17221,1.);
#17221 = DIRECTION('',(0.,0.,-1.));
#17222 = ORIENTED_EDGE('',*,*,#17223,.T.);
#17223 = EDGE_CURVE('',#17216,#17216,#17224,.T.);
#17224 = CIRCLE('',#17225,0.849999);
#17225 = AXIS2_PLACEMENT_3D('',#17226,#17227,#17228);
#17226 = CARTESIAN_POINT('',(-64.38,4.519998,-4.E-02));
#17227 = DIRECTION('',(0.,0.,1.));
#17228 = DIRECTION('',(1.,0.,-0.));
#17229 = ORIENTED_EDGE('',*,*,#17215,.F.);
#17230 = ORIENTED_EDGE('',*,*,#13284,.F.);
#17231 = ORIENTED_EDGE('',*,*,#16016,.F.);
#17232 = ORIENTED_EDGE('',*,*,#17079,.F.);
#17233 = ORIENTED_EDGE('',*,*,#16056,.T.);
#17234 = ORIENTED_EDGE('',*,*,#13146,.F.);
#17235 = ORIENTED_EDGE('',*,*,#15692,.F.);
#17236 = ORIENTED_EDGE('',*,*,#17099,.F.);
#17237 = ORIENTED_EDGE('',*,*,#15732,.T.);
#17238 = CYLINDRICAL_SURFACE('',#17239,0.849999);
#17239 = AXIS2_PLACEMENT_3D('',#17240,#17241,#17242);
#17240 = CARTESIAN_POINT('',(-64.38,4.519998,0.));
#17241 = DIRECTION('',(0.,0.,1.));
#17242 = DIRECTION('',(1.,0.,-0.));
#17243 = ADVANCED_FACE('',(#17244),#17267,.T.);
#17244 = FACE_BOUND('',#17245,.F.);
#17245 = EDGE_LOOP('',(#17246,#17254,#17255,#17256,#17257,#17258,#17259,
    #17260));
#17246 = ORIENTED_EDGE('',*,*,#17247,.F.);
#17247 = EDGE_CURVE('',#13427,#17248,#17250,.T.);
#17248 = VERTEX_POINT('',#17249);
#17249 = CARTESIAN_POINT('',(-64.38,4.019998,1.51));
#17250 = LINE('',#17251,#17252);
#17251 = CARTESIAN_POINT('',(-64.38,4.019998,-4.E-02));
#17252 = VECTOR('',#17253,1.);
#17253 = DIRECTION('',(0.,0.,1.));
#17254 = ORIENTED_EDGE('',*,*,#13426,.T.);
#17255 = ORIENTED_EDGE('',*,*,#13416,.F.);
#17256 = ORIENTED_EDGE('',*,*,#13452,.T.);
#17257 = ORIENTED_EDGE('',*,*,#13444,.F.);
#17258 = ORIENTED_EDGE('',*,*,#13435,.T.);
#17259 = ORIENTED_EDGE('',*,*,#17247,.T.);
#17260 = ORIENTED_EDGE('',*,*,#17261,.F.);
#17261 = EDGE_CURVE('',#17248,#17248,#17262,.T.);
#17262 = CIRCLE('',#17263,0.5);
#17263 = AXIS2_PLACEMENT_3D('',#17264,#17265,#17266);
#17264 = CARTESIAN_POINT('',(-64.38,4.519998,1.51));
#17265 = DIRECTION('',(-0.,0.,-1.));
#17266 = DIRECTION('',(-0.,-1.,0.));
#17267 = CYLINDRICAL_SURFACE('',#17268,0.5);
#17268 = AXIS2_PLACEMENT_3D('',#17269,#17270,#17271);
#17269 = CARTESIAN_POINT('',(-64.38,4.519998,-4.E-02));
#17270 = DIRECTION('',(-0.,-0.,-1.));
#17271 = DIRECTION('',(-0.,-1.,0.));
#17272 = ADVANCED_FACE('',(#17273,#17402),#17405,.F.);
#17273 = FACE_BOUND('',#17274,.F.);
#17274 = EDGE_LOOP('',(#17275,#17286,#17295,#17303,#17312,#17320,#17328,
    #17337,#17345,#17354,#17362,#17371,#17379,#17388,#17396));
#17275 = ORIENTED_EDGE('',*,*,#17276,.F.);
#17276 = EDGE_CURVE('',#17277,#17279,#17281,.T.);
#17277 = VERTEX_POINT('',#17278);
#17278 = CARTESIAN_POINT('',(-65.941341,8.461939,1.51));
#17279 = VERTEX_POINT('',#17280);
#17280 = CARTESIAN_POINT('',(-65.451374,8.399999,1.51));
#17281 = CIRCLE('',#17282,0.496833792162);
#17282 = AXIS2_PLACEMENT_3D('',#17283,#17284,#17285);
#17283 = CARTESIAN_POINT('',(-65.75042839685,8.003249350025,1.51));
#17284 = DIRECTION('',(0.,0.,-1.));
#17285 = DIRECTION('',(-0.38425849078,0.923225547883,0.));
#17286 = ORIENTED_EDGE('',*,*,#17287,.F.);
#17287 = EDGE_CURVE('',#17288,#17277,#17290,.T.);
#17288 = VERTEX_POINT('',#17289);
#17289 = CARTESIAN_POINT('',(-65.941341,7.538059,1.51));
#17290 = CIRCLE('',#17291,0.500000804907);
#17291 = AXIS2_PLACEMENT_3D('',#17292,#17293,#17294);
#17292 = CARTESIAN_POINT('',(-65.7499977448,7.999999,1.51));
#17293 = DIRECTION('',(0.,0.,-1.));
#17294 = DIRECTION('',(-0.382685894332,-0.923878512727,-0.));
#17295 = ORIENTED_EDGE('',*,*,#17296,.F.);
#17296 = EDGE_CURVE('',#17297,#17288,#17299,.T.);
#17297 = VERTEX_POINT('',#17298);
#17298 = CARTESIAN_POINT('',(-65.815262,7.504277,1.51));
#17299 = LINE('',#17300,#17301);
#17300 = CARTESIAN_POINT('',(-65.815262,7.504277,1.51));
#17301 = VECTOR('',#17302,1.);
#17302 = DIRECTION('',(-0.965927293855,0.258813568009,0.));
#17303 = ORIENTED_EDGE('',*,*,#17304,.F.);
#17304 = EDGE_CURVE('',#17305,#17297,#17307,.T.);
#17305 = VERTEX_POINT('',#17306);
#17306 = CARTESIAN_POINT('',(-65.451374,7.599999,1.51));
#17307 = CIRCLE('',#17308,0.491612866447);
#17308 = AXIS2_PLACEMENT_3D('',#17309,#17310,#17311);
#17309 = CARTESIAN_POINT('',(-65.74886351311,7.991385254288,1.51));
#17310 = DIRECTION('',(0.,0.,-1.));
#17311 = DIRECTION('',(0.605129632308,-0.796126954765,0.));
#17312 = ORIENTED_EDGE('',*,*,#17313,.F.);
#17313 = EDGE_CURVE('',#17314,#17305,#17316,.T.);
#17314 = VERTEX_POINT('',#17315);
#17315 = CARTESIAN_POINT('',(-65.099999,7.599999,1.51));
#17316 = LINE('',#17317,#17318);
#17317 = CARTESIAN_POINT('',(-64.449999,7.599999,1.51));
#17318 = VECTOR('',#17319,1.);
#17319 = DIRECTION('',(-1.,0.,0.));
#17320 = ORIENTED_EDGE('',*,*,#17321,.F.);
#17321 = EDGE_CURVE('',#17322,#17314,#17324,.T.);
#17322 = VERTEX_POINT('',#17323);
#17323 = CARTESIAN_POINT('',(-65.099999,7.549999,1.51));
#17324 = LINE('',#17325,#17326);
#17325 = CARTESIAN_POINT('',(-65.099999,7.549999,1.51));
#17326 = VECTOR('',#17327,1.);
#17327 = DIRECTION('',(0.,1.,0.));
#17328 = ORIENTED_EDGE('',*,*,#17329,.F.);
#17329 = EDGE_CURVE('',#17330,#17322,#17332,.T.);
#17330 = VERTEX_POINT('',#17331);
#17331 = CARTESIAN_POINT('',(-64.849999,7.299999,1.51));
#17332 = CIRCLE('',#17333,0.249998959685);
#17333 = AXIS2_PLACEMENT_3D('',#17334,#17335,#17336);
#17334 = CARTESIAN_POINT('',(-64.85000004031,7.549997959683,1.51));
#17335 = DIRECTION('',(0.,0.,-1.));
#17336 = DIRECTION('',(4.16128589391E-06,-0.999999999991,0.));
#17337 = ORIENTED_EDGE('',*,*,#17338,.F.);
#17338 = EDGE_CURVE('',#17339,#17330,#17341,.T.);
#17339 = VERTEX_POINT('',#17340);
#17340 = CARTESIAN_POINT('',(-64.049999,7.299999,1.51));
#17341 = LINE('',#17342,#17343);
#17342 = CARTESIAN_POINT('',(-64.049999,7.299999,1.51));
#17343 = VECTOR('',#17344,1.);
#17344 = DIRECTION('',(-1.,0.,0.));
#17345 = ORIENTED_EDGE('',*,*,#17346,.F.);
#17346 = EDGE_CURVE('',#17347,#17339,#17349,.T.);
#17347 = VERTEX_POINT('',#17348);
#17348 = CARTESIAN_POINT('',(-63.799999,7.549999,1.51));
#17349 = CIRCLE('',#17350,0.249998959685);
#17350 = AXIS2_PLACEMENT_3D('',#17351,#17352,#17353);
#17351 = CARTESIAN_POINT('',(-64.04999795968,7.549997959683,1.51));
#17352 = DIRECTION('',(0.,0.,-1.));
#17353 = DIRECTION('',(0.999999999991,4.161285837066E-06,0.));
#17354 = ORIENTED_EDGE('',*,*,#17355,.F.);
#17355 = EDGE_CURVE('',#17356,#17347,#17358,.T.);
#17356 = VERTEX_POINT('',#17357);
#17357 = CARTESIAN_POINT('',(-63.799999,8.449999,1.51));
#17358 = LINE('',#17359,#17360);
#17359 = CARTESIAN_POINT('',(-63.799999,8.449999,1.51));
#17360 = VECTOR('',#17361,1.);
#17361 = DIRECTION('',(0.,-1.,0.));
#17362 = ORIENTED_EDGE('',*,*,#17363,.F.);
#17363 = EDGE_CURVE('',#17364,#17356,#17366,.T.);
#17364 = VERTEX_POINT('',#17365);
#17365 = CARTESIAN_POINT('',(-64.049999,8.699999,1.51));
#17366 = CIRCLE('',#17367,0.249998959685);
#17367 = AXIS2_PLACEMENT_3D('',#17368,#17369,#17370);
#17368 = CARTESIAN_POINT('',(-64.04999795968,8.450000040317,1.51));
#17369 = DIRECTION('',(0.,0.,-1.));
#17370 = DIRECTION('',(-4.161285837066E-06,0.999999999991,0.));
#17371 = ORIENTED_EDGE('',*,*,#17372,.F.);
#17372 = EDGE_CURVE('',#17373,#17364,#17375,.T.);
#17373 = VERTEX_POINT('',#17374);
#17374 = CARTESIAN_POINT('',(-64.849999,8.699999,1.51));
#17375 = LINE('',#17376,#17377);
#17376 = CARTESIAN_POINT('',(-64.849999,8.699999,1.51));
#17377 = VECTOR('',#17378,1.);
#17378 = DIRECTION('',(1.,0.,0.));
#17379 = ORIENTED_EDGE('',*,*,#17380,.F.);
#17380 = EDGE_CURVE('',#17381,#17373,#17383,.T.);
#17381 = VERTEX_POINT('',#17382);
#17382 = CARTESIAN_POINT('',(-65.099999,8.449999,1.51));
#17383 = CIRCLE('',#17384,0.249998959685);
#17384 = AXIS2_PLACEMENT_3D('',#17385,#17386,#17387);
#17385 = CARTESIAN_POINT('',(-64.85000004031,8.450000040317,1.51));
#17386 = DIRECTION('',(0.,0.,-1.));
#17387 = DIRECTION('',(-0.999999999991,-4.161285837067E-06,-0.));
#17388 = ORIENTED_EDGE('',*,*,#17389,.F.);
#17389 = EDGE_CURVE('',#17390,#17381,#17392,.T.);
#17390 = VERTEX_POINT('',#17391);
#17391 = CARTESIAN_POINT('',(-65.099999,8.399999,1.51));
#17392 = LINE('',#17393,#17394);
#17393 = CARTESIAN_POINT('',(-65.099999,7.549999,1.51));
#17394 = VECTOR('',#17395,1.);
#17395 = DIRECTION('',(0.,1.,0.));
#17396 = ORIENTED_EDGE('',*,*,#17397,.F.);
#17397 = EDGE_CURVE('',#17279,#17390,#17398,.T.);
#17398 = LINE('',#17399,#17400);
#17399 = CARTESIAN_POINT('',(-65.451374,8.399999,1.51));
#17400 = VECTOR('',#17401,1.);
#17401 = DIRECTION('',(1.,0.,0.));
#17402 = FACE_BOUND('',#17403,.F.);
#17403 = EDGE_LOOP('',(#17404));
#17404 = ORIENTED_EDGE('',*,*,#16706,.T.);
#17405 = PLANE('',#17406);
#17406 = AXIS2_PLACEMENT_3D('',#17407,#17408,#17409);
#17407 = CARTESIAN_POINT('',(0.,0.,1.51));
#17408 = DIRECTION('',(0.,0.,1.));
#17409 = DIRECTION('',(1.,0.,-0.));
#17410 = ADVANCED_FACE('',(#17411,#17522),#17525,.F.);
#17411 = FACE_BOUND('',#17412,.F.);
#17412 = EDGE_LOOP('',(#17413,#17424,#17432,#17440,#17448,#17457,#17465,
    #17474,#17482,#17491,#17499,#17508,#17516));
#17413 = ORIENTED_EDGE('',*,*,#17414,.F.);
#17414 = EDGE_CURVE('',#17415,#17417,#17419,.T.);
#17415 = VERTEX_POINT('',#17416);
#17416 = CARTESIAN_POINT('',(-67.941341,8.461939,1.51));
#17417 = VERTEX_POINT('',#17418);
#17418 = CARTESIAN_POINT('',(-68.048624,7.599999,1.51));
#17419 = CIRCLE('',#17420,0.499725502682);
#17420 = AXIS2_PLACEMENT_3D('',#17421,#17422,#17423);
#17421 = CARTESIAN_POINT('',(-67.74966493734,8.0004350834,1.51));
#17422 = DIRECTION('',(0.,0.,-1.));
#17423 = DIRECTION('',(-0.383562699167,0.923514837892,-0.));
#17424 = ORIENTED_EDGE('',*,*,#17425,.F.);
#17425 = EDGE_CURVE('',#17426,#17415,#17428,.T.);
#17426 = VERTEX_POINT('',#17427);
#17427 = CARTESIAN_POINT('',(-68.048624,8.399999,1.51));
#17428 = LINE('',#17429,#17430);
#17429 = CARTESIAN_POINT('',(-68.048624,8.399999,1.51));
#17430 = VECTOR('',#17431,1.);
#17431 = DIRECTION('',(0.866024945637,0.500000793534,0.));
#17432 = ORIENTED_EDGE('',*,*,#17433,.F.);
#17433 = EDGE_CURVE('',#17434,#17426,#17436,.T.);
#17434 = VERTEX_POINT('',#17435);
#17435 = CARTESIAN_POINT('',(-68.449999,8.399999,1.51));
#17436 = LINE('',#17437,#17438);
#17437 = CARTESIAN_POINT('',(-69.099999,8.399999,1.51));
#17438 = VECTOR('',#17439,1.);
#17439 = DIRECTION('',(1.,0.,0.));
#17440 = ORIENTED_EDGE('',*,*,#17441,.F.);
#17441 = EDGE_CURVE('',#17442,#17434,#17444,.T.);
#17442 = VERTEX_POINT('',#17443);
#17443 = CARTESIAN_POINT('',(-68.449999,8.449999,1.51));
#17444 = LINE('',#17445,#17446);
#17445 = CARTESIAN_POINT('',(-68.449999,8.449999,1.51));
#17446 = VECTOR('',#17447,1.);
#17447 = DIRECTION('',(0.,-1.,0.));
#17448 = ORIENTED_EDGE('',*,*,#17449,.F.);
#17449 = EDGE_CURVE('',#17450,#17442,#17452,.T.);
#17450 = VERTEX_POINT('',#17451);
#17451 = CARTESIAN_POINT('',(-68.699999,8.699999,1.51));
#17452 = CIRCLE('',#17453,0.249998959685);
#17453 = AXIS2_PLACEMENT_3D('',#17454,#17455,#17456);
#17454 = CARTESIAN_POINT('',(-68.69999795968,8.450000040317,1.51));
#17455 = DIRECTION('',(0.,0.,-1.));
#17456 = DIRECTION('',(-4.161285837066E-06,0.999999999991,0.));
#17457 = ORIENTED_EDGE('',*,*,#17458,.F.);
#17458 = EDGE_CURVE('',#17459,#17450,#17461,.T.);
#17459 = VERTEX_POINT('',#17460);
#17460 = CARTESIAN_POINT('',(-69.499999,8.699999,1.51));
#17461 = LINE('',#17462,#17463);
#17462 = CARTESIAN_POINT('',(-69.499999,8.699999,1.51));
#17463 = VECTOR('',#17464,1.);
#17464 = DIRECTION('',(1.,0.,0.));
#17465 = ORIENTED_EDGE('',*,*,#17466,.F.);
#17466 = EDGE_CURVE('',#17467,#17459,#17469,.T.);
#17467 = VERTEX_POINT('',#17468);
#17468 = CARTESIAN_POINT('',(-69.749999,8.449999,1.51));
#17469 = CIRCLE('',#17470,0.249998959685);
#17470 = AXIS2_PLACEMENT_3D('',#17471,#17472,#17473);
#17471 = CARTESIAN_POINT('',(-69.50000004031,8.450000040317,1.51));
#17472 = DIRECTION('',(0.,0.,-1.));
#17473 = DIRECTION('',(-0.999999999991,-4.161285837067E-06,-0.));
#17474 = ORIENTED_EDGE('',*,*,#17475,.F.);
#17475 = EDGE_CURVE('',#17476,#17467,#17478,.T.);
#17476 = VERTEX_POINT('',#17477);
#17477 = CARTESIAN_POINT('',(-69.749999,7.549999,1.51));
#17478 = LINE('',#17479,#17480);
#17479 = CARTESIAN_POINT('',(-69.749999,7.549999,1.51));
#17480 = VECTOR('',#17481,1.);
#17481 = DIRECTION('',(0.,1.,0.));
#17482 = ORIENTED_EDGE('',*,*,#17483,.F.);
#17483 = EDGE_CURVE('',#17484,#17476,#17486,.T.);
#17484 = VERTEX_POINT('',#17485);
#17485 = CARTESIAN_POINT('',(-69.499999,7.299999,1.51));
#17486 = CIRCLE('',#17487,0.249998959685);
#17487 = AXIS2_PLACEMENT_3D('',#17488,#17489,#17490);
#17488 = CARTESIAN_POINT('',(-69.50000004031,7.549997959683,1.51));
#17489 = DIRECTION('',(0.,0.,-1.));
#17490 = DIRECTION('',(4.16128589391E-06,-0.999999999991,0.));
#17491 = ORIENTED_EDGE('',*,*,#17492,.F.);
#17492 = EDGE_CURVE('',#17493,#17484,#17495,.T.);
#17493 = VERTEX_POINT('',#17494);
#17494 = CARTESIAN_POINT('',(-68.699999,7.299999,1.51));
#17495 = LINE('',#17496,#17497);
#17496 = CARTESIAN_POINT('',(-68.699999,7.299999,1.51));
#17497 = VECTOR('',#17498,1.);
#17498 = DIRECTION('',(-1.,0.,0.));
#17499 = ORIENTED_EDGE('',*,*,#17500,.F.);
#17500 = EDGE_CURVE('',#17501,#17493,#17503,.T.);
#17501 = VERTEX_POINT('',#17502);
#17502 = CARTESIAN_POINT('',(-68.449999,7.549999,1.51));
#17503 = CIRCLE('',#17504,0.249998959685);
#17504 = AXIS2_PLACEMENT_3D('',#17505,#17506,#17507);
#17505 = CARTESIAN_POINT('',(-68.69999795968,7.549997959683,1.51));
#17506 = DIRECTION('',(0.,0.,-1.));
#17507 = DIRECTION('',(0.999999999991,4.161285837066E-06,0.));
#17508 = ORIENTED_EDGE('',*,*,#17509,.F.);
#17509 = EDGE_CURVE('',#17510,#17501,#17512,.T.);
#17510 = VERTEX_POINT('',#17511);
#17511 = CARTESIAN_POINT('',(-68.449999,7.599999,1.51));
#17512 = LINE('',#17513,#17514);
#17513 = CARTESIAN_POINT('',(-68.449999,8.449999,1.51));
#17514 = VECTOR('',#17515,1.);
#17515 = DIRECTION('',(0.,-1.,0.));
#17516 = ORIENTED_EDGE('',*,*,#17517,.F.);
#17517 = EDGE_CURVE('',#17417,#17510,#17518,.T.);
#17518 = LINE('',#17519,#17520);
#17519 = CARTESIAN_POINT('',(-68.048624,7.599999,1.51));
#17520 = VECTOR('',#17521,1.);
#17521 = DIRECTION('',(-1.,0.,0.));
#17522 = FACE_BOUND('',#17523,.F.);
#17523 = EDGE_LOOP('',(#17524));
#17524 = ORIENTED_EDGE('',*,*,#16731,.T.);
#17525 = PLANE('',#17526);
#17526 = AXIS2_PLACEMENT_3D('',#17527,#17528,#17529);
#17527 = CARTESIAN_POINT('',(0.,0.,1.51));
#17528 = DIRECTION('',(0.,0.,1.));
#17529 = DIRECTION('',(1.,0.,-0.));
#17530 = ADVANCED_FACE('',(#17531,#17534),#17545,.T.);
#17531 = FACE_BOUND('',#17532,.T.);
#17532 = EDGE_LOOP('',(#17533));
#17533 = ORIENTED_EDGE('',*,*,#17182,.F.);
#17534 = FACE_BOUND('',#17535,.T.);
#17535 = EDGE_LOOP('',(#17536));
#17536 = ORIENTED_EDGE('',*,*,#17537,.F.);
#17537 = EDGE_CURVE('',#17538,#17538,#17540,.T.);
#17538 = VERTEX_POINT('',#17539);
#17539 = CARTESIAN_POINT('',(64.379998,4.044998,-4.E-02));
#17540 = CIRCLE('',#17541,0.475);
#17541 = AXIS2_PLACEMENT_3D('',#17542,#17543,#17544);
#17542 = CARTESIAN_POINT('',(64.379998,4.519998,-4.E-02));
#17543 = DIRECTION('',(-0.,0.,-1.));
#17544 = DIRECTION('',(-0.,-1.,0.));
#17545 = PLANE('',#17546);
#17546 = AXIS2_PLACEMENT_3D('',#17547,#17548,#17549);
#17547 = CARTESIAN_POINT('',(0.,0.,-4.E-02));
#17548 = DIRECTION('',(-0.,-0.,-1.));
#17549 = DIRECTION('',(-1.,0.,0.));
#17550 = ADVANCED_FACE('',(#17551),#17570,.T.);
#17551 = FACE_BOUND('',#17552,.F.);
#17552 = EDGE_LOOP('',(#17553,#17554,#17562,#17569));
#17553 = ORIENTED_EDGE('',*,*,#13461,.T.);
#17554 = ORIENTED_EDGE('',*,*,#17555,.T.);
#17555 = EDGE_CURVE('',#13462,#17556,#17558,.T.);
#17556 = VERTEX_POINT('',#17557);
#17557 = CARTESIAN_POINT('',(64.379998,4.019998,1.51));
#17558 = LINE('',#17559,#17560);
#17559 = CARTESIAN_POINT('',(64.379998,4.019998,-4.E-02));
#17560 = VECTOR('',#17561,1.);
#17561 = DIRECTION('',(0.,0.,1.));
#17562 = ORIENTED_EDGE('',*,*,#17563,.F.);
#17563 = EDGE_CURVE('',#17556,#17556,#17564,.T.);
#17564 = CIRCLE('',#17565,0.5);
#17565 = AXIS2_PLACEMENT_3D('',#17566,#17567,#17568);
#17566 = CARTESIAN_POINT('',(64.379998,4.519998,1.51));
#17567 = DIRECTION('',(-0.,0.,-1.));
#17568 = DIRECTION('',(-0.,-1.,0.));
#17569 = ORIENTED_EDGE('',*,*,#17555,.F.);
#17570 = CYLINDRICAL_SURFACE('',#17571,0.5);
#17571 = AXIS2_PLACEMENT_3D('',#17572,#17573,#17574);
#17572 = CARTESIAN_POINT('',(64.379998,4.519998,-4.E-02));
#17573 = DIRECTION('',(-0.,-0.,-1.));
#17574 = DIRECTION('',(-0.,-1.,0.));
#17575 = ADVANCED_FACE('',(#17576,#17579),#17590,.T.);
#17576 = FACE_BOUND('',#17577,.T.);
#17577 = EDGE_LOOP('',(#17578));
#17578 = ORIENTED_EDGE('',*,*,#17223,.F.);
#17579 = FACE_BOUND('',#17580,.T.);
#17580 = EDGE_LOOP('',(#17581));
#17581 = ORIENTED_EDGE('',*,*,#17582,.F.);
#17582 = EDGE_CURVE('',#17583,#17583,#17585,.T.);
#17583 = VERTEX_POINT('',#17584);
#17584 = CARTESIAN_POINT('',(-64.38,4.044998,-4.E-02));
#17585 = CIRCLE('',#17586,0.475);
#17586 = AXIS2_PLACEMENT_3D('',#17587,#17588,#17589);
#17587 = CARTESIAN_POINT('',(-64.38,4.519998,-4.E-02));
#17588 = DIRECTION('',(-0.,0.,-1.));
#17589 = DIRECTION('',(-0.,-1.,0.));
#17590 = PLANE('',#17591);
#17591 = AXIS2_PLACEMENT_3D('',#17592,#17593,#17594);
#17592 = CARTESIAN_POINT('',(0.,0.,-4.E-02));
#17593 = DIRECTION('',(-0.,-0.,-1.));
#17594 = DIRECTION('',(-1.,0.,0.));
#17595 = ADVANCED_FACE('',(#17596,#17607),#17610,.F.);
#17596 = FACE_BOUND('',#17597,.F.);
#17597 = EDGE_LOOP('',(#17598));
#17598 = ORIENTED_EDGE('',*,*,#17599,.T.);
#17599 = EDGE_CURVE('',#17600,#17600,#17602,.T.);
#17600 = VERTEX_POINT('',#17601);
#17601 = CARTESIAN_POINT('',(-63.530001,4.519998,1.51));
#17602 = CIRCLE('',#17603,0.849999);
#17603 = AXIS2_PLACEMENT_3D('',#17604,#17605,#17606);
#17604 = CARTESIAN_POINT('',(-64.38,4.519998,1.51));
#17605 = DIRECTION('',(0.,0.,1.));
#17606 = DIRECTION('',(1.,0.,-0.));
#17607 = FACE_BOUND('',#17608,.F.);
#17608 = EDGE_LOOP('',(#17609));
#17609 = ORIENTED_EDGE('',*,*,#17261,.T.);
#17610 = PLANE('',#17611);
#17611 = AXIS2_PLACEMENT_3D('',#17612,#17613,#17614);
#17612 = CARTESIAN_POINT('',(0.,0.,1.51));
#17613 = DIRECTION('',(0.,0.,1.));
#17614 = DIRECTION('',(1.,0.,-0.));
#17615 = ADVANCED_FACE('',(#17616),#17642,.T.);
#17616 = FACE_BOUND('',#17617,.T.);
#17617 = EDGE_LOOP('',(#17618,#17626,#17635,#17641));
#17618 = ORIENTED_EDGE('',*,*,#17619,.T.);
#17619 = EDGE_CURVE('',#17277,#17620,#17622,.T.);
#17620 = VERTEX_POINT('',#17621);
#17621 = CARTESIAN_POINT('',(-65.941341,8.461939,1.545));
#17622 = LINE('',#17623,#17624);
#17623 = CARTESIAN_POINT('',(-65.941341,8.461939,1.51));
#17624 = VECTOR('',#17625,1.);
#17625 = DIRECTION('',(0.,0.,1.));
#17626 = ORIENTED_EDGE('',*,*,#17627,.T.);
#17627 = EDGE_CURVE('',#17620,#17628,#17630,.T.);
#17628 = VERTEX_POINT('',#17629);
#17629 = CARTESIAN_POINT('',(-65.451374,8.399999,1.545));
#17630 = CIRCLE('',#17631,0.496833792162);
#17631 = AXIS2_PLACEMENT_3D('',#17632,#17633,#17634);
#17632 = CARTESIAN_POINT('',(-65.75042839685,8.003249350025,1.545));
#17633 = DIRECTION('',(0.,0.,-1.));
#17634 = DIRECTION('',(-0.38425849078,0.923225547883,0.));
#17635 = ORIENTED_EDGE('',*,*,#17636,.F.);
#17636 = EDGE_CURVE('',#17279,#17628,#17637,.T.);
#17637 = LINE('',#17638,#17639);
#17638 = CARTESIAN_POINT('',(-65.451374,8.399999,1.51));
#17639 = VECTOR('',#17640,1.);
#17640 = DIRECTION('',(0.,0.,1.));
#17641 = ORIENTED_EDGE('',*,*,#17276,.F.);
#17642 = CYLINDRICAL_SURFACE('',#17643,0.496833792162);
#17643 = AXIS2_PLACEMENT_3D('',#17644,#17645,#17646);
#17644 = CARTESIAN_POINT('',(-65.75042839685,8.003249350025,1.51));
#17645 = DIRECTION('',(0.,0.,-1.));
#17646 = DIRECTION('',(-0.38425849078,0.923225547883,0.));
#17647 = ADVANCED_FACE('',(#17648),#17666,.T.);
#17648 = FACE_BOUND('',#17649,.T.);
#17649 = EDGE_LOOP('',(#17650,#17651,#17652,#17660));
#17650 = ORIENTED_EDGE('',*,*,#17397,.F.);
#17651 = ORIENTED_EDGE('',*,*,#17636,.T.);
#17652 = ORIENTED_EDGE('',*,*,#17653,.T.);
#17653 = EDGE_CURVE('',#17628,#17654,#17656,.T.);
#17654 = VERTEX_POINT('',#17655);
#17655 = CARTESIAN_POINT('',(-65.099999,8.399999,1.545));
#17656 = LINE('',#17657,#17658);
#17657 = CARTESIAN_POINT('',(-65.451374,8.399999,1.545));
#17658 = VECTOR('',#17659,1.);
#17659 = DIRECTION('',(1.,0.,0.));
#17660 = ORIENTED_EDGE('',*,*,#17661,.F.);
#17661 = EDGE_CURVE('',#17390,#17654,#17662,.T.);
#17662 = LINE('',#17663,#17664);
#17663 = CARTESIAN_POINT('',(-65.099999,8.399999,1.51));
#17664 = VECTOR('',#17665,1.);
#17665 = DIRECTION('',(0.,-0.,1.));
#17666 = PLANE('',#17667);
#17667 = AXIS2_PLACEMENT_3D('',#17668,#17669,#17670);
#17668 = CARTESIAN_POINT('',(-65.451374,8.399999,1.51));
#17669 = DIRECTION('',(0.,1.,0.));
#17670 = DIRECTION('',(1.,0.,0.));
#17671 = ADVANCED_FACE('',(#17672),#17697,.T.);
#17672 = FACE_BOUND('',#17673,.T.);
#17673 = EDGE_LOOP('',(#17674,#17675,#17683,#17691));
#17674 = ORIENTED_EDGE('',*,*,#17313,.F.);
#17675 = ORIENTED_EDGE('',*,*,#17676,.F.);
#17676 = EDGE_CURVE('',#17677,#17314,#17679,.T.);
#17677 = VERTEX_POINT('',#17678);
#17678 = CARTESIAN_POINT('',(-65.099999,7.599999,1.545));
#17679 = LINE('',#17680,#17681);
#17680 = CARTESIAN_POINT('',(-65.099999,7.599999,1.51));
#17681 = VECTOR('',#17682,1.);
#17682 = DIRECTION('',(-0.,-0.,-1.));
#17683 = ORIENTED_EDGE('',*,*,#17684,.T.);
#17684 = EDGE_CURVE('',#17677,#17685,#17687,.T.);
#17685 = VERTEX_POINT('',#17686);
#17686 = CARTESIAN_POINT('',(-65.451374,7.599999,1.545));
#17687 = LINE('',#17688,#17689);
#17688 = CARTESIAN_POINT('',(-64.449999,7.599999,1.545));
#17689 = VECTOR('',#17690,1.);
#17690 = DIRECTION('',(-1.,0.,0.));
#17691 = ORIENTED_EDGE('',*,*,#17692,.F.);
#17692 = EDGE_CURVE('',#17305,#17685,#17693,.T.);
#17693 = LINE('',#17694,#17695);
#17694 = CARTESIAN_POINT('',(-65.451374,7.599999,1.51));
#17695 = VECTOR('',#17696,1.);
#17696 = DIRECTION('',(0.,0.,1.));
#17697 = PLANE('',#17698);
#17698 = AXIS2_PLACEMENT_3D('',#17699,#17700,#17701);
#17699 = CARTESIAN_POINT('',(-64.449999,7.599999,1.51));
#17700 = DIRECTION('',(0.,-1.,0.));
#17701 = DIRECTION('',(-1.,0.,0.));
#17702 = ADVANCED_FACE('',(#17703),#17722,.T.);
#17703 = FACE_BOUND('',#17704,.T.);
#17704 = EDGE_LOOP('',(#17705,#17706,#17715,#17721));
#17705 = ORIENTED_EDGE('',*,*,#17692,.T.);
#17706 = ORIENTED_EDGE('',*,*,#17707,.T.);
#17707 = EDGE_CURVE('',#17685,#17708,#17710,.T.);
#17708 = VERTEX_POINT('',#17709);
#17709 = CARTESIAN_POINT('',(-65.815262,7.504277,1.545));
#17710 = CIRCLE('',#17711,0.491612866447);
#17711 = AXIS2_PLACEMENT_3D('',#17712,#17713,#17714);
#17712 = CARTESIAN_POINT('',(-65.74886351311,7.991385254288,1.545));
#17713 = DIRECTION('',(0.,0.,-1.));
#17714 = DIRECTION('',(0.605129632308,-0.796126954765,0.));
#17715 = ORIENTED_EDGE('',*,*,#17716,.F.);
#17716 = EDGE_CURVE('',#17297,#17708,#17717,.T.);
#17717 = LINE('',#17718,#17719);
#17718 = CARTESIAN_POINT('',(-65.815262,7.504277,1.51));
#17719 = VECTOR('',#17720,1.);
#17720 = DIRECTION('',(0.,0.,1.));
#17721 = ORIENTED_EDGE('',*,*,#17304,.F.);
#17722 = CYLINDRICAL_SURFACE('',#17723,0.491612866447);
#17723 = AXIS2_PLACEMENT_3D('',#17724,#17725,#17726);
#17724 = CARTESIAN_POINT('',(-65.74886351311,7.991385254288,1.51));
#17725 = DIRECTION('',(0.,0.,-1.));
#17726 = DIRECTION('',(0.605129632308,-0.796126954765,0.));
#17727 = ADVANCED_FACE('',(#17728),#17746,.T.);
#17728 = FACE_BOUND('',#17729,.T.);
#17729 = EDGE_LOOP('',(#17730,#17731,#17739,#17745));
#17730 = ORIENTED_EDGE('',*,*,#17716,.T.);
#17731 = ORIENTED_EDGE('',*,*,#17732,.T.);
#17732 = EDGE_CURVE('',#17708,#17733,#17735,.T.);
#17733 = VERTEX_POINT('',#17734);
#17734 = CARTESIAN_POINT('',(-65.941341,7.538059,1.545));
#17735 = LINE('',#17736,#17737);
#17736 = CARTESIAN_POINT('',(-65.815262,7.504277,1.545));
#17737 = VECTOR('',#17738,1.);
#17738 = DIRECTION('',(-0.965927293855,0.258813568009,0.));
#17739 = ORIENTED_EDGE('',*,*,#17740,.F.);
#17740 = EDGE_CURVE('',#17288,#17733,#17741,.T.);
#17741 = LINE('',#17742,#17743);
#17742 = CARTESIAN_POINT('',(-65.941341,7.538059,1.51));
#17743 = VECTOR('',#17744,1.);
#17744 = DIRECTION('',(0.,0.,1.));
#17745 = ORIENTED_EDGE('',*,*,#17296,.F.);
#17746 = PLANE('',#17747);
#17747 = AXIS2_PLACEMENT_3D('',#17748,#17749,#17750);
#17748 = CARTESIAN_POINT('',(-65.815262,7.504277,1.51));
#17749 = DIRECTION('',(-0.258813568009,-0.965927293855,0.));
#17750 = DIRECTION('',(-0.965927293855,0.258813568009,0.));
#17751 = ADVANCED_FACE('',(#17752),#17764,.T.);
#17752 = FACE_BOUND('',#17753,.T.);
#17753 = EDGE_LOOP('',(#17754,#17755,#17762,#17763));
#17754 = ORIENTED_EDGE('',*,*,#17740,.T.);
#17755 = ORIENTED_EDGE('',*,*,#17756,.T.);
#17756 = EDGE_CURVE('',#17733,#17620,#17757,.T.);
#17757 = CIRCLE('',#17758,0.500000804907);
#17758 = AXIS2_PLACEMENT_3D('',#17759,#17760,#17761);
#17759 = CARTESIAN_POINT('',(-65.7499977448,7.999999,1.545));
#17760 = DIRECTION('',(0.,0.,-1.));
#17761 = DIRECTION('',(-0.382685894332,-0.923878512727,-0.));
#17762 = ORIENTED_EDGE('',*,*,#17619,.F.);
#17763 = ORIENTED_EDGE('',*,*,#17287,.F.);
#17764 = CYLINDRICAL_SURFACE('',#17765,0.500000804907);
#17765 = AXIS2_PLACEMENT_3D('',#17766,#17767,#17768);
#17766 = CARTESIAN_POINT('',(-65.7499977448,7.999999,1.51));
#17767 = DIRECTION('',(0.,0.,-1.));
#17768 = DIRECTION('',(-0.382685894332,-0.923878512727,-0.));
#17769 = ADVANCED_FACE('',(#17770),#17796,.T.);
#17770 = FACE_BOUND('',#17771,.T.);
#17771 = EDGE_LOOP('',(#17772,#17780,#17789,#17795));
#17772 = ORIENTED_EDGE('',*,*,#17773,.T.);
#17773 = EDGE_CURVE('',#17415,#17774,#17776,.T.);
#17774 = VERTEX_POINT('',#17775);
#17775 = CARTESIAN_POINT('',(-67.941341,8.461939,1.545));
#17776 = LINE('',#17777,#17778);
#17777 = CARTESIAN_POINT('',(-67.941341,8.461939,1.51));
#17778 = VECTOR('',#17779,1.);
#17779 = DIRECTION('',(0.,0.,1.));
#17780 = ORIENTED_EDGE('',*,*,#17781,.T.);
#17781 = EDGE_CURVE('',#17774,#17782,#17784,.T.);
#17782 = VERTEX_POINT('',#17783);
#17783 = CARTESIAN_POINT('',(-68.048624,7.599999,1.545));
#17784 = CIRCLE('',#17785,0.499725502682);
#17785 = AXIS2_PLACEMENT_3D('',#17786,#17787,#17788);
#17786 = CARTESIAN_POINT('',(-67.74966493734,8.0004350834,1.545));
#17787 = DIRECTION('',(0.,0.,-1.));
#17788 = DIRECTION('',(-0.383562699167,0.923514837892,-0.));
#17789 = ORIENTED_EDGE('',*,*,#17790,.F.);
#17790 = EDGE_CURVE('',#17417,#17782,#17791,.T.);
#17791 = LINE('',#17792,#17793);
#17792 = CARTESIAN_POINT('',(-68.048624,7.599999,1.51));
#17793 = VECTOR('',#17794,1.);
#17794 = DIRECTION('',(0.,0.,1.));
#17795 = ORIENTED_EDGE('',*,*,#17414,.F.);
#17796 = CYLINDRICAL_SURFACE('',#17797,0.499725502682);
#17797 = AXIS2_PLACEMENT_3D('',#17798,#17799,#17800);
#17798 = CARTESIAN_POINT('',(-67.74966493734,8.0004350834,1.51));
#17799 = DIRECTION('',(0.,0.,-1.));
#17800 = DIRECTION('',(-0.383562699167,0.923514837892,-0.));
#17801 = ADVANCED_FACE('',(#17802),#17820,.T.);
#17802 = FACE_BOUND('',#17803,.T.);
#17803 = EDGE_LOOP('',(#17804,#17805,#17806,#17814));
#17804 = ORIENTED_EDGE('',*,*,#17517,.F.);
#17805 = ORIENTED_EDGE('',*,*,#17790,.T.);
#17806 = ORIENTED_EDGE('',*,*,#17807,.T.);
#17807 = EDGE_CURVE('',#17782,#17808,#17810,.T.);
#17808 = VERTEX_POINT('',#17809);
#17809 = CARTESIAN_POINT('',(-68.449999,7.599999,1.545));
#17810 = LINE('',#17811,#17812);
#17811 = CARTESIAN_POINT('',(-68.048624,7.599999,1.545));
#17812 = VECTOR('',#17813,1.);
#17813 = DIRECTION('',(-1.,0.,0.));
#17814 = ORIENTED_EDGE('',*,*,#17815,.F.);
#17815 = EDGE_CURVE('',#17510,#17808,#17816,.T.);
#17816 = LINE('',#17817,#17818);
#17817 = CARTESIAN_POINT('',(-68.449999,7.599999,1.51));
#17818 = VECTOR('',#17819,1.);
#17819 = DIRECTION('',(0.,0.,1.));
#17820 = PLANE('',#17821);
#17821 = AXIS2_PLACEMENT_3D('',#17822,#17823,#17824);
#17822 = CARTESIAN_POINT('',(-68.048624,7.599999,1.51));
#17823 = DIRECTION('',(0.,-1.,0.));
#17824 = DIRECTION('',(-1.,0.,0.));
#17825 = ADVANCED_FACE('',(#17826),#17851,.T.);
#17826 = FACE_BOUND('',#17827,.T.);
#17827 = EDGE_LOOP('',(#17828,#17829,#17837,#17845));
#17828 = ORIENTED_EDGE('',*,*,#17433,.F.);
#17829 = ORIENTED_EDGE('',*,*,#17830,.F.);
#17830 = EDGE_CURVE('',#17831,#17434,#17833,.T.);
#17831 = VERTEX_POINT('',#17832);
#17832 = CARTESIAN_POINT('',(-68.449999,8.399999,1.545));
#17833 = LINE('',#17834,#17835);
#17834 = CARTESIAN_POINT('',(-68.449999,8.399999,1.51));
#17835 = VECTOR('',#17836,1.);
#17836 = DIRECTION('',(-0.,0.,-1.));
#17837 = ORIENTED_EDGE('',*,*,#17838,.T.);
#17838 = EDGE_CURVE('',#17831,#17839,#17841,.T.);
#17839 = VERTEX_POINT('',#17840);
#17840 = CARTESIAN_POINT('',(-68.048624,8.399999,1.545));
#17841 = LINE('',#17842,#17843);
#17842 = CARTESIAN_POINT('',(-69.099999,8.399999,1.545));
#17843 = VECTOR('',#17844,1.);
#17844 = DIRECTION('',(1.,0.,0.));
#17845 = ORIENTED_EDGE('',*,*,#17846,.F.);
#17846 = EDGE_CURVE('',#17426,#17839,#17847,.T.);
#17847 = LINE('',#17848,#17849);
#17848 = CARTESIAN_POINT('',(-68.048624,8.399999,1.51));
#17849 = VECTOR('',#17850,1.);
#17850 = DIRECTION('',(0.,0.,1.));
#17851 = PLANE('',#17852);
#17852 = AXIS2_PLACEMENT_3D('',#17853,#17854,#17855);
#17853 = CARTESIAN_POINT('',(-69.099999,8.399999,1.51));
#17854 = DIRECTION('',(0.,1.,0.));
#17855 = DIRECTION('',(1.,0.,0.));
#17856 = ADVANCED_FACE('',(#17857),#17868,.T.);
#17857 = FACE_BOUND('',#17858,.T.);
#17858 = EDGE_LOOP('',(#17859,#17860,#17866,#17867));
#17859 = ORIENTED_EDGE('',*,*,#17846,.T.);
#17860 = ORIENTED_EDGE('',*,*,#17861,.T.);
#17861 = EDGE_CURVE('',#17839,#17774,#17862,.T.);
#17862 = LINE('',#17863,#17864);
#17863 = CARTESIAN_POINT('',(-68.048624,8.399999,1.545));
#17864 = VECTOR('',#17865,1.);
#17865 = DIRECTION('',(0.866024945637,0.500000793534,0.));
#17866 = ORIENTED_EDGE('',*,*,#17773,.F.);
#17867 = ORIENTED_EDGE('',*,*,#17425,.F.);
#17868 = PLANE('',#17869);
#17869 = AXIS2_PLACEMENT_3D('',#17870,#17871,#17872);
#17870 = CARTESIAN_POINT('',(-68.048624,8.399999,1.51));
#17871 = DIRECTION('',(-0.500000793534,0.866024945637,0.));
#17872 = DIRECTION('',(0.866024945637,0.500000793534,0.));
#17873 = ADVANCED_FACE('',(#17874),#17893,.F.);
#17874 = FACE_BOUND('',#17875,.T.);
#17875 = EDGE_LOOP('',(#17876,#17877,#17885,#17892));
#17876 = ORIENTED_EDGE('',*,*,#17537,.T.);
#17877 = ORIENTED_EDGE('',*,*,#17878,.T.);
#17878 = EDGE_CURVE('',#17538,#17879,#17881,.T.);
#17879 = VERTEX_POINT('',#17880);
#17880 = CARTESIAN_POINT('',(64.379998,4.044998,1.55));
#17881 = LINE('',#17882,#17883);
#17882 = CARTESIAN_POINT('',(64.379998,4.044998,-4.6E-02));
#17883 = VECTOR('',#17884,1.);
#17884 = DIRECTION('',(0.,0.,1.));
#17885 = ORIENTED_EDGE('',*,*,#17886,.F.);
#17886 = EDGE_CURVE('',#17879,#17879,#17887,.T.);
#17887 = CIRCLE('',#17888,0.475);
#17888 = AXIS2_PLACEMENT_3D('',#17889,#17890,#17891);
#17889 = CARTESIAN_POINT('',(64.379998,4.519998,1.55));
#17890 = DIRECTION('',(-0.,0.,-1.));
#17891 = DIRECTION('',(-0.,-1.,0.));
#17892 = ORIENTED_EDGE('',*,*,#17878,.F.);
#17893 = CYLINDRICAL_SURFACE('',#17894,0.475);
#17894 = AXIS2_PLACEMENT_3D('',#17895,#17896,#17897);
#17895 = CARTESIAN_POINT('',(64.379998,4.519998,-4.6E-02));
#17896 = DIRECTION('',(-0.,-0.,-1.));
#17897 = DIRECTION('',(-0.,-1.,0.));
#17898 = ADVANCED_FACE('',(#17899,#17910),#17913,.F.);
#17899 = FACE_BOUND('',#17900,.F.);
#17900 = EDGE_LOOP('',(#17901));
#17901 = ORIENTED_EDGE('',*,*,#17902,.T.);
#17902 = EDGE_CURVE('',#17903,#17903,#17905,.T.);
#17903 = VERTEX_POINT('',#17904);
#17904 = CARTESIAN_POINT('',(65.229997,4.519998,1.51));
#17905 = CIRCLE('',#17906,0.849999);
#17906 = AXIS2_PLACEMENT_3D('',#17907,#17908,#17909);
#17907 = CARTESIAN_POINT('',(64.379998,4.519998,1.51));
#17908 = DIRECTION('',(0.,0.,1.));
#17909 = DIRECTION('',(1.,0.,-0.));
#17910 = FACE_BOUND('',#17911,.F.);
#17911 = EDGE_LOOP('',(#17912));
#17912 = ORIENTED_EDGE('',*,*,#17563,.T.);
#17913 = PLANE('',#17914);
#17914 = AXIS2_PLACEMENT_3D('',#17915,#17916,#17917);
#17915 = CARTESIAN_POINT('',(0.,0.,1.51));
#17916 = DIRECTION('',(0.,0.,1.));
#17917 = DIRECTION('',(1.,0.,-0.));
#17918 = ADVANCED_FACE('',(#17919),#17938,.F.);
#17919 = FACE_BOUND('',#17920,.T.);
#17920 = EDGE_LOOP('',(#17921,#17922,#17930,#17937));
#17921 = ORIENTED_EDGE('',*,*,#17582,.T.);
#17922 = ORIENTED_EDGE('',*,*,#17923,.T.);
#17923 = EDGE_CURVE('',#17583,#17924,#17926,.T.);
#17924 = VERTEX_POINT('',#17925);
#17925 = CARTESIAN_POINT('',(-64.38,4.044998,1.55));
#17926 = LINE('',#17927,#17928);
#17927 = CARTESIAN_POINT('',(-64.38,4.044998,-4.6E-02));
#17928 = VECTOR('',#17929,1.);
#17929 = DIRECTION('',(0.,0.,1.));
#17930 = ORIENTED_EDGE('',*,*,#17931,.F.);
#17931 = EDGE_CURVE('',#17924,#17924,#17932,.T.);
#17932 = CIRCLE('',#17933,0.475);
#17933 = AXIS2_PLACEMENT_3D('',#17934,#17935,#17936);
#17934 = CARTESIAN_POINT('',(-64.38,4.519998,1.55));
#17935 = DIRECTION('',(-0.,0.,-1.));
#17936 = DIRECTION('',(-0.,-1.,0.));
#17937 = ORIENTED_EDGE('',*,*,#17923,.F.);
#17938 = CYLINDRICAL_SURFACE('',#17939,0.475);
#17939 = AXIS2_PLACEMENT_3D('',#17940,#17941,#17942);
#17940 = CARTESIAN_POINT('',(-64.38,4.519998,-4.6E-02));
#17941 = DIRECTION('',(-0.,-0.,-1.));
#17942 = DIRECTION('',(-0.,-1.,0.));
#17943 = ADVANCED_FACE('',(#17944),#17963,.T.);
#17944 = FACE_BOUND('',#17945,.F.);
#17945 = EDGE_LOOP('',(#17946,#17954,#17961,#17962));
#17946 = ORIENTED_EDGE('',*,*,#17947,.T.);
#17947 = EDGE_CURVE('',#17600,#17948,#17950,.T.);
#17948 = VERTEX_POINT('',#17949);
#17949 = CARTESIAN_POINT('',(-63.530001,4.519998,1.55));
#17950 = LINE('',#17951,#17952);
#17951 = CARTESIAN_POINT('',(-63.530001,4.519998,1.51));
#17952 = VECTOR('',#17953,1.);
#17953 = DIRECTION('',(0.,0.,1.));
#17954 = ORIENTED_EDGE('',*,*,#17955,.T.);
#17955 = EDGE_CURVE('',#17948,#17948,#17956,.T.);
#17956 = CIRCLE('',#17957,0.849999);
#17957 = AXIS2_PLACEMENT_3D('',#17958,#17959,#17960);
#17958 = CARTESIAN_POINT('',(-64.38,4.519998,1.55));
#17959 = DIRECTION('',(0.,0.,1.));
#17960 = DIRECTION('',(1.,0.,-0.));
#17961 = ORIENTED_EDGE('',*,*,#17947,.F.);
#17962 = ORIENTED_EDGE('',*,*,#17599,.F.);
#17963 = CYLINDRICAL_SURFACE('',#17964,0.849999);
#17964 = AXIS2_PLACEMENT_3D('',#17965,#17966,#17967);
#17965 = CARTESIAN_POINT('',(-64.38,4.519998,1.51));
#17966 = DIRECTION('',(-0.,-0.,-1.));
#17967 = DIRECTION('',(1.,0.,-0.));
#17968 = ADVANCED_FACE('',(#17969,#17983),#17994,.T.);
#17969 = FACE_BOUND('',#17970,.T.);
#17970 = EDGE_LOOP('',(#17971,#17972,#17973,#17974,#17975,#17976,#17982)
  );
#17971 = ORIENTED_EDGE('',*,*,#17627,.F.);
#17972 = ORIENTED_EDGE('',*,*,#17756,.F.);
#17973 = ORIENTED_EDGE('',*,*,#17732,.F.);
#17974 = ORIENTED_EDGE('',*,*,#17707,.F.);
#17975 = ORIENTED_EDGE('',*,*,#17684,.F.);
#17976 = ORIENTED_EDGE('',*,*,#17977,.F.);
#17977 = EDGE_CURVE('',#17654,#17677,#17978,.T.);
#17978 = LINE('',#17979,#17980);
#17979 = CARTESIAN_POINT('',(-65.099999,3.7749995,1.545));
#17980 = VECTOR('',#17981,1.);
#17981 = DIRECTION('',(0.,-1.,0.));
#17982 = ORIENTED_EDGE('',*,*,#17653,.F.);
#17983 = FACE_BOUND('',#17984,.T.);
#17984 = EDGE_LOOP('',(#17985));
#17985 = ORIENTED_EDGE('',*,*,#17986,.T.);
#17986 = EDGE_CURVE('',#17987,#17987,#17989,.T.);
#17987 = VERTEX_POINT('',#17988);
#17988 = CARTESIAN_POINT('',(-65.749999,7.774999,1.545));
#17989 = CIRCLE('',#17990,0.225);
#17990 = AXIS2_PLACEMENT_3D('',#17991,#17992,#17993);
#17991 = CARTESIAN_POINT('',(-65.749999,7.999999,1.545));
#17992 = DIRECTION('',(-0.,0.,-1.));
#17993 = DIRECTION('',(-0.,-1.,0.));
#17994 = PLANE('',#17995);
#17995 = AXIS2_PLACEMENT_3D('',#17996,#17997,#17998);
#17996 = CARTESIAN_POINT('',(0.,0.,1.545));
#17997 = DIRECTION('',(0.,0.,1.));
#17998 = DIRECTION('',(1.,0.,-0.));
#17999 = ADVANCED_FACE('',(#18000),#18029,.T.);
#18000 = FACE_BOUND('',#18001,.T.);
#18001 = EDGE_LOOP('',(#18002,#18003,#18011,#18019,#18025,#18026,#18027,
    #18028));
#18002 = ORIENTED_EDGE('',*,*,#17321,.F.);
#18003 = ORIENTED_EDGE('',*,*,#18004,.T.);
#18004 = EDGE_CURVE('',#17322,#18005,#18007,.T.);
#18005 = VERTEX_POINT('',#18006);
#18006 = CARTESIAN_POINT('',(-65.099999,7.549999,1.55));
#18007 = LINE('',#18008,#18009);
#18008 = CARTESIAN_POINT('',(-65.099999,7.549999,1.51));
#18009 = VECTOR('',#18010,1.);
#18010 = DIRECTION('',(0.,0.,1.));
#18011 = ORIENTED_EDGE('',*,*,#18012,.T.);
#18012 = EDGE_CURVE('',#18005,#18013,#18015,.T.);
#18013 = VERTEX_POINT('',#18014);
#18014 = CARTESIAN_POINT('',(-65.099999,8.449999,1.55));
#18015 = LINE('',#18016,#18017);
#18016 = CARTESIAN_POINT('',(-65.099999,7.549999,1.55));
#18017 = VECTOR('',#18018,1.);
#18018 = DIRECTION('',(0.,1.,0.));
#18019 = ORIENTED_EDGE('',*,*,#18020,.F.);
#18020 = EDGE_CURVE('',#17381,#18013,#18021,.T.);
#18021 = LINE('',#18022,#18023);
#18022 = CARTESIAN_POINT('',(-65.099999,8.449999,1.51));
#18023 = VECTOR('',#18024,1.);
#18024 = DIRECTION('',(0.,0.,1.));
#18025 = ORIENTED_EDGE('',*,*,#17389,.F.);
#18026 = ORIENTED_EDGE('',*,*,#17661,.T.);
#18027 = ORIENTED_EDGE('',*,*,#17977,.T.);
#18028 = ORIENTED_EDGE('',*,*,#17676,.T.);
#18029 = PLANE('',#18030);
#18030 = AXIS2_PLACEMENT_3D('',#18031,#18032,#18033);
#18031 = CARTESIAN_POINT('',(-65.099999,7.549999,1.51));
#18032 = DIRECTION('',(-1.,0.,0.));
#18033 = DIRECTION('',(0.,1.,0.));
#18034 = ADVANCED_FACE('',(#18035,#18047),#18058,.T.);
#18035 = FACE_BOUND('',#18036,.T.);
#18036 = EDGE_LOOP('',(#18037,#18038,#18039,#18040,#18046));
#18037 = ORIENTED_EDGE('',*,*,#17781,.F.);
#18038 = ORIENTED_EDGE('',*,*,#17861,.F.);
#18039 = ORIENTED_EDGE('',*,*,#17838,.F.);
#18040 = ORIENTED_EDGE('',*,*,#18041,.F.);
#18041 = EDGE_CURVE('',#17808,#17831,#18042,.T.);
#18042 = LINE('',#18043,#18044);
#18043 = CARTESIAN_POINT('',(-68.449999,4.2249995,1.545));
#18044 = VECTOR('',#18045,1.);
#18045 = DIRECTION('',(-0.,1.,0.));
#18046 = ORIENTED_EDGE('',*,*,#17807,.F.);
#18047 = FACE_BOUND('',#18048,.T.);
#18048 = EDGE_LOOP('',(#18049));
#18049 = ORIENTED_EDGE('',*,*,#18050,.T.);
#18050 = EDGE_CURVE('',#18051,#18051,#18053,.T.);
#18051 = VERTEX_POINT('',#18052);
#18052 = CARTESIAN_POINT('',(-67.749999,7.774999,1.545));
#18053 = CIRCLE('',#18054,0.225);
#18054 = AXIS2_PLACEMENT_3D('',#18055,#18056,#18057);
#18055 = CARTESIAN_POINT('',(-67.749999,7.999999,1.545));
#18056 = DIRECTION('',(-0.,0.,-1.));
#18057 = DIRECTION('',(-0.,-1.,0.));
#18058 = PLANE('',#18059);
#18059 = AXIS2_PLACEMENT_3D('',#18060,#18061,#18062);
#18060 = CARTESIAN_POINT('',(0.,0.,1.545));
#18061 = DIRECTION('',(0.,0.,1.));
#18062 = DIRECTION('',(1.,0.,-0.));
#18063 = ADVANCED_FACE('',(#18064),#18093,.T.);
#18064 = FACE_BOUND('',#18065,.T.);
#18065 = EDGE_LOOP('',(#18066,#18067,#18075,#18083,#18089,#18090,#18091,
    #18092));
#18066 = ORIENTED_EDGE('',*,*,#17441,.F.);
#18067 = ORIENTED_EDGE('',*,*,#18068,.T.);
#18068 = EDGE_CURVE('',#17442,#18069,#18071,.T.);
#18069 = VERTEX_POINT('',#18070);
#18070 = CARTESIAN_POINT('',(-68.449999,8.449999,1.55));
#18071 = LINE('',#18072,#18073);
#18072 = CARTESIAN_POINT('',(-68.449999,8.449999,1.51));
#18073 = VECTOR('',#18074,1.);
#18074 = DIRECTION('',(0.,0.,1.));
#18075 = ORIENTED_EDGE('',*,*,#18076,.T.);
#18076 = EDGE_CURVE('',#18069,#18077,#18079,.T.);
#18077 = VERTEX_POINT('',#18078);
#18078 = CARTESIAN_POINT('',(-68.449999,7.549999,1.55));
#18079 = LINE('',#18080,#18081);
#18080 = CARTESIAN_POINT('',(-68.449999,8.449999,1.55));
#18081 = VECTOR('',#18082,1.);
#18082 = DIRECTION('',(0.,-1.,0.));
#18083 = ORIENTED_EDGE('',*,*,#18084,.F.);
#18084 = EDGE_CURVE('',#17501,#18077,#18085,.T.);
#18085 = LINE('',#18086,#18087);
#18086 = CARTESIAN_POINT('',(-68.449999,7.549999,1.51));
#18087 = VECTOR('',#18088,1.);
#18088 = DIRECTION('',(0.,0.,1.));
#18089 = ORIENTED_EDGE('',*,*,#17509,.F.);
#18090 = ORIENTED_EDGE('',*,*,#17815,.T.);
#18091 = ORIENTED_EDGE('',*,*,#18041,.T.);
#18092 = ORIENTED_EDGE('',*,*,#17830,.T.);
#18093 = PLANE('',#18094);
#18094 = AXIS2_PLACEMENT_3D('',#18095,#18096,#18097);
#18095 = CARTESIAN_POINT('',(-68.449999,8.449999,1.51));
#18096 = DIRECTION('',(1.,0.,-0.));
#18097 = DIRECTION('',(0.,-1.,0.));
#18098 = ADVANCED_FACE('',(#18099),#18110,.F.);
#18099 = FACE_BOUND('',#18100,.T.);
#18100 = EDGE_LOOP('',(#18101,#18102,#18108,#18109));
#18101 = ORIENTED_EDGE('',*,*,#17145,.T.);
#18102 = ORIENTED_EDGE('',*,*,#18103,.T.);
#18103 = EDGE_CURVE('',#17146,#17987,#18104,.T.);
#18104 = LINE('',#18105,#18106);
#18105 = CARTESIAN_POINT('',(-65.749999,7.774999,-3.6E-02));
#18106 = VECTOR('',#18107,1.);
#18107 = DIRECTION('',(0.,0.,1.));
#18108 = ORIENTED_EDGE('',*,*,#17986,.F.);
#18109 = ORIENTED_EDGE('',*,*,#18103,.F.);
#18110 = CYLINDRICAL_SURFACE('',#18111,0.225);
#18111 = AXIS2_PLACEMENT_3D('',#18112,#18113,#18114);
#18112 = CARTESIAN_POINT('',(-65.749999,7.999999,-3.6E-02));
#18113 = DIRECTION('',(-0.,-0.,-1.));
#18114 = DIRECTION('',(-0.,-1.,0.));
#18115 = ADVANCED_FACE('',(#18116),#18127,.F.);
#18116 = FACE_BOUND('',#18117,.T.);
#18117 = EDGE_LOOP('',(#18118,#18119,#18125,#18126));
#18118 = ORIENTED_EDGE('',*,*,#17156,.T.);
#18119 = ORIENTED_EDGE('',*,*,#18120,.T.);
#18120 = EDGE_CURVE('',#17157,#18051,#18121,.T.);
#18121 = LINE('',#18122,#18123);
#18122 = CARTESIAN_POINT('',(-67.749999,7.774999,-3.6E-02));
#18123 = VECTOR('',#18124,1.);
#18124 = DIRECTION('',(0.,0.,1.));
#18125 = ORIENTED_EDGE('',*,*,#18050,.F.);
#18126 = ORIENTED_EDGE('',*,*,#18120,.F.);
#18127 = CYLINDRICAL_SURFACE('',#18128,0.225);
#18128 = AXIS2_PLACEMENT_3D('',#18129,#18130,#18131);
#18129 = CARTESIAN_POINT('',(-67.749999,7.999999,-3.6E-02));
#18130 = DIRECTION('',(-0.,-0.,-1.));
#18131 = DIRECTION('',(-0.,-1.,0.));
#18132 = ADVANCED_FACE('',(#18133,#18144),#18147,.T.);
#18133 = FACE_BOUND('',#18134,.T.);
#18134 = EDGE_LOOP('',(#18135));
#18135 = ORIENTED_EDGE('',*,*,#18136,.T.);
#18136 = EDGE_CURVE('',#18137,#18137,#18139,.T.);
#18137 = VERTEX_POINT('',#18138);
#18138 = CARTESIAN_POINT('',(65.229997,4.519998,1.55));
#18139 = CIRCLE('',#18140,0.849999);
#18140 = AXIS2_PLACEMENT_3D('',#18141,#18142,#18143);
#18141 = CARTESIAN_POINT('',(64.379998,4.519998,1.55));
#18142 = DIRECTION('',(0.,0.,1.));
#18143 = DIRECTION('',(1.,0.,-0.));
#18144 = FACE_BOUND('',#18145,.T.);
#18145 = EDGE_LOOP('',(#18146));
#18146 = ORIENTED_EDGE('',*,*,#17886,.T.);
#18147 = PLANE('',#18148);
#18148 = AXIS2_PLACEMENT_3D('',#18149,#18150,#18151);
#18149 = CARTESIAN_POINT('',(0.,0.,1.55));
#18150 = DIRECTION('',(0.,0.,1.));
#18151 = DIRECTION('',(1.,0.,-0.));
#18152 = ADVANCED_FACE('',(#18153),#18164,.T.);
#18153 = FACE_BOUND('',#18154,.F.);
#18154 = EDGE_LOOP('',(#18155,#18161,#18162,#18163));
#18155 = ORIENTED_EDGE('',*,*,#18156,.T.);
#18156 = EDGE_CURVE('',#17903,#18137,#18157,.T.);
#18157 = LINE('',#18158,#18159);
#18158 = CARTESIAN_POINT('',(65.229997,4.519998,1.51));
#18159 = VECTOR('',#18160,1.);
#18160 = DIRECTION('',(0.,0.,1.));
#18161 = ORIENTED_EDGE('',*,*,#18136,.T.);
#18162 = ORIENTED_EDGE('',*,*,#18156,.F.);
#18163 = ORIENTED_EDGE('',*,*,#17902,.F.);
#18164 = CYLINDRICAL_SURFACE('',#18165,0.849999);
#18165 = AXIS2_PLACEMENT_3D('',#18166,#18167,#18168);
#18166 = CARTESIAN_POINT('',(64.379998,4.519998,1.51));
#18167 = DIRECTION('',(-0.,-0.,-1.));
#18168 = DIRECTION('',(1.,0.,-0.));
#18169 = ADVANCED_FACE('',(#18170,#18173),#18176,.T.);
#18170 = FACE_BOUND('',#18171,.T.);
#18171 = EDGE_LOOP('',(#18172));
#18172 = ORIENTED_EDGE('',*,*,#17955,.T.);
#18173 = FACE_BOUND('',#18174,.T.);
#18174 = EDGE_LOOP('',(#18175));
#18175 = ORIENTED_EDGE('',*,*,#17931,.T.);
#18176 = PLANE('',#18177);
#18177 = AXIS2_PLACEMENT_3D('',#18178,#18179,#18180);
#18178 = CARTESIAN_POINT('',(0.,0.,1.55));
#18179 = DIRECTION('',(0.,0.,1.));
#18180 = DIRECTION('',(1.,0.,-0.));
#18181 = ADVANCED_FACE('',(#18182),#18201,.T.);
#18182 = FACE_BOUND('',#18183,.T.);
#18183 = EDGE_LOOP('',(#18184,#18185,#18194,#18200));
#18184 = ORIENTED_EDGE('',*,*,#18020,.T.);
#18185 = ORIENTED_EDGE('',*,*,#18186,.T.);
#18186 = EDGE_CURVE('',#18013,#18187,#18189,.T.);
#18187 = VERTEX_POINT('',#18188);
#18188 = CARTESIAN_POINT('',(-64.849999,8.699999,1.55));
#18189 = CIRCLE('',#18190,0.249998959685);
#18190 = AXIS2_PLACEMENT_3D('',#18191,#18192,#18193);
#18191 = CARTESIAN_POINT('',(-64.85000004031,8.450000040317,1.55));
#18192 = DIRECTION('',(0.,0.,-1.));
#18193 = DIRECTION('',(-0.999999999991,-4.161285837067E-06,-0.));
#18194 = ORIENTED_EDGE('',*,*,#18195,.F.);
#18195 = EDGE_CURVE('',#17373,#18187,#18196,.T.);
#18196 = LINE('',#18197,#18198);
#18197 = CARTESIAN_POINT('',(-64.849999,8.699999,1.51));
#18198 = VECTOR('',#18199,1.);
#18199 = DIRECTION('',(0.,0.,1.));
#18200 = ORIENTED_EDGE('',*,*,#17380,.F.);
#18201 = CYLINDRICAL_SURFACE('',#18202,0.249998959685);
#18202 = AXIS2_PLACEMENT_3D('',#18203,#18204,#18205);
#18203 = CARTESIAN_POINT('',(-64.85000004031,8.450000040317,1.51));
#18204 = DIRECTION('',(0.,0.,-1.));
#18205 = DIRECTION('',(-0.999999999991,-4.161285837067E-06,-0.));
#18206 = ADVANCED_FACE('',(#18207),#18260,.T.);
#18207 = FACE_BOUND('',#18208,.F.);
#18208 = EDGE_LOOP('',(#18209,#18210,#18218,#18227,#18235,#18244,#18252,
    #18259));
#18209 = ORIENTED_EDGE('',*,*,#18186,.T.);
#18210 = ORIENTED_EDGE('',*,*,#18211,.T.);
#18211 = EDGE_CURVE('',#18187,#18212,#18214,.T.);
#18212 = VERTEX_POINT('',#18213);
#18213 = CARTESIAN_POINT('',(-64.049999,8.699999,1.55));
#18214 = LINE('',#18215,#18216);
#18215 = CARTESIAN_POINT('',(-64.849999,8.699999,1.55));
#18216 = VECTOR('',#18217,1.);
#18217 = DIRECTION('',(1.,0.,0.));
#18218 = ORIENTED_EDGE('',*,*,#18219,.T.);
#18219 = EDGE_CURVE('',#18212,#18220,#18222,.T.);
#18220 = VERTEX_POINT('',#18221);
#18221 = CARTESIAN_POINT('',(-63.799999,8.449999,1.55));
#18222 = CIRCLE('',#18223,0.249998959685);
#18223 = AXIS2_PLACEMENT_3D('',#18224,#18225,#18226);
#18224 = CARTESIAN_POINT('',(-64.04999795968,8.450000040317,1.55));
#18225 = DIRECTION('',(0.,0.,-1.));
#18226 = DIRECTION('',(-4.161285837066E-06,0.999999999991,0.));
#18227 = ORIENTED_EDGE('',*,*,#18228,.T.);
#18228 = EDGE_CURVE('',#18220,#18229,#18231,.T.);
#18229 = VERTEX_POINT('',#18230);
#18230 = CARTESIAN_POINT('',(-63.799999,7.549999,1.55));
#18231 = LINE('',#18232,#18233);
#18232 = CARTESIAN_POINT('',(-63.799999,8.449999,1.55));
#18233 = VECTOR('',#18234,1.);
#18234 = DIRECTION('',(0.,-1.,0.));
#18235 = ORIENTED_EDGE('',*,*,#18236,.T.);
#18236 = EDGE_CURVE('',#18229,#18237,#18239,.T.);
#18237 = VERTEX_POINT('',#18238);
#18238 = CARTESIAN_POINT('',(-64.049999,7.299999,1.55));
#18239 = CIRCLE('',#18240,0.249998959685);
#18240 = AXIS2_PLACEMENT_3D('',#18241,#18242,#18243);
#18241 = CARTESIAN_POINT('',(-64.04999795968,7.549997959683,1.55));
#18242 = DIRECTION('',(0.,0.,-1.));
#18243 = DIRECTION('',(0.999999999991,4.161285837066E-06,0.));
#18244 = ORIENTED_EDGE('',*,*,#18245,.T.);
#18245 = EDGE_CURVE('',#18237,#18246,#18248,.T.);
#18246 = VERTEX_POINT('',#18247);
#18247 = CARTESIAN_POINT('',(-64.849999,7.299999,1.55));
#18248 = LINE('',#18249,#18250);
#18249 = CARTESIAN_POINT('',(-64.049999,7.299999,1.55));
#18250 = VECTOR('',#18251,1.);
#18251 = DIRECTION('',(-1.,0.,0.));
#18252 = ORIENTED_EDGE('',*,*,#18253,.T.);
#18253 = EDGE_CURVE('',#18246,#18005,#18254,.T.);
#18254 = CIRCLE('',#18255,0.249998959685);
#18255 = AXIS2_PLACEMENT_3D('',#18256,#18257,#18258);
#18256 = CARTESIAN_POINT('',(-64.85000004031,7.549997959683,1.55));
#18257 = DIRECTION('',(0.,0.,-1.));
#18258 = DIRECTION('',(4.16128589391E-06,-0.999999999991,0.));
#18259 = ORIENTED_EDGE('',*,*,#18012,.T.);
#18260 = PLANE('',#18261);
#18261 = AXIS2_PLACEMENT_3D('',#18262,#18263,#18264);
#18262 = CARTESIAN_POINT('',(0.,0.,1.55));
#18263 = DIRECTION('',(0.,0.,1.));
#18264 = DIRECTION('',(1.,0.,-0.));
#18265 = ADVANCED_FACE('',(#18266),#18277,.T.);
#18266 = FACE_BOUND('',#18267,.T.);
#18267 = EDGE_LOOP('',(#18268,#18274,#18275,#18276));
#18268 = ORIENTED_EDGE('',*,*,#18269,.T.);
#18269 = EDGE_CURVE('',#17330,#18246,#18270,.T.);
#18270 = LINE('',#18271,#18272);
#18271 = CARTESIAN_POINT('',(-64.849999,7.299999,1.51));
#18272 = VECTOR('',#18273,1.);
#18273 = DIRECTION('',(0.,0.,1.));
#18274 = ORIENTED_EDGE('',*,*,#18253,.T.);
#18275 = ORIENTED_EDGE('',*,*,#18004,.F.);
#18276 = ORIENTED_EDGE('',*,*,#17329,.F.);
#18277 = CYLINDRICAL_SURFACE('',#18278,0.249998959685);
#18278 = AXIS2_PLACEMENT_3D('',#18279,#18280,#18281);
#18279 = CARTESIAN_POINT('',(-64.85000004031,7.549997959683,1.51));
#18280 = DIRECTION('',(0.,0.,-1.));
#18281 = DIRECTION('',(4.16128589391E-06,-0.999999999991,0.));
#18282 = ADVANCED_FACE('',(#18283),#18294,.T.);
#18283 = FACE_BOUND('',#18284,.T.);
#18284 = EDGE_LOOP('',(#18285,#18286,#18287,#18293));
#18285 = ORIENTED_EDGE('',*,*,#18195,.T.);
#18286 = ORIENTED_EDGE('',*,*,#18211,.T.);
#18287 = ORIENTED_EDGE('',*,*,#18288,.F.);
#18288 = EDGE_CURVE('',#17364,#18212,#18289,.T.);
#18289 = LINE('',#18290,#18291);
#18290 = CARTESIAN_POINT('',(-64.049999,8.699999,1.51));
#18291 = VECTOR('',#18292,1.);
#18292 = DIRECTION('',(0.,0.,1.));
#18293 = ORIENTED_EDGE('',*,*,#17372,.F.);
#18294 = PLANE('',#18295);
#18295 = AXIS2_PLACEMENT_3D('',#18296,#18297,#18298);
#18296 = CARTESIAN_POINT('',(-64.849999,8.699999,1.51));
#18297 = DIRECTION('',(0.,1.,0.));
#18298 = DIRECTION('',(1.,0.,0.));
#18299 = ADVANCED_FACE('',(#18300),#18311,.T.);
#18300 = FACE_BOUND('',#18301,.T.);
#18301 = EDGE_LOOP('',(#18302,#18303,#18304,#18310));
#18302 = ORIENTED_EDGE('',*,*,#18288,.T.);
#18303 = ORIENTED_EDGE('',*,*,#18219,.T.);
#18304 = ORIENTED_EDGE('',*,*,#18305,.F.);
#18305 = EDGE_CURVE('',#17356,#18220,#18306,.T.);
#18306 = LINE('',#18307,#18308);
#18307 = CARTESIAN_POINT('',(-63.799999,8.449999,1.51));
#18308 = VECTOR('',#18309,1.);
#18309 = DIRECTION('',(0.,0.,1.));
#18310 = ORIENTED_EDGE('',*,*,#17363,.F.);
#18311 = CYLINDRICAL_SURFACE('',#18312,0.249998959685);
#18312 = AXIS2_PLACEMENT_3D('',#18313,#18314,#18315);
#18313 = CARTESIAN_POINT('',(-64.04999795968,8.450000040317,1.51));
#18314 = DIRECTION('',(0.,0.,-1.));
#18315 = DIRECTION('',(-4.161285837066E-06,0.999999999991,0.));
#18316 = ADVANCED_FACE('',(#18317),#18328,.T.);
#18317 = FACE_BOUND('',#18318,.T.);
#18318 = EDGE_LOOP('',(#18319,#18320,#18321,#18327));
#18319 = ORIENTED_EDGE('',*,*,#18305,.T.);
#18320 = ORIENTED_EDGE('',*,*,#18228,.T.);
#18321 = ORIENTED_EDGE('',*,*,#18322,.F.);
#18322 = EDGE_CURVE('',#17347,#18229,#18323,.T.);
#18323 = LINE('',#18324,#18325);
#18324 = CARTESIAN_POINT('',(-63.799999,7.549999,1.51));
#18325 = VECTOR('',#18326,1.);
#18326 = DIRECTION('',(0.,0.,1.));
#18327 = ORIENTED_EDGE('',*,*,#17355,.F.);
#18328 = PLANE('',#18329);
#18329 = AXIS2_PLACEMENT_3D('',#18330,#18331,#18332);
#18330 = CARTESIAN_POINT('',(-63.799999,8.449999,1.51));
#18331 = DIRECTION('',(1.,0.,-0.));
#18332 = DIRECTION('',(0.,-1.,0.));
#18333 = ADVANCED_FACE('',(#18334),#18345,.T.);
#18334 = FACE_BOUND('',#18335,.T.);
#18335 = EDGE_LOOP('',(#18336,#18337,#18338,#18344));
#18336 = ORIENTED_EDGE('',*,*,#18322,.T.);
#18337 = ORIENTED_EDGE('',*,*,#18236,.T.);
#18338 = ORIENTED_EDGE('',*,*,#18339,.F.);
#18339 = EDGE_CURVE('',#17339,#18237,#18340,.T.);
#18340 = LINE('',#18341,#18342);
#18341 = CARTESIAN_POINT('',(-64.049999,7.299999,1.51));
#18342 = VECTOR('',#18343,1.);
#18343 = DIRECTION('',(0.,0.,1.));
#18344 = ORIENTED_EDGE('',*,*,#17346,.F.);
#18345 = CYLINDRICAL_SURFACE('',#18346,0.249998959685);
#18346 = AXIS2_PLACEMENT_3D('',#18347,#18348,#18349);
#18347 = CARTESIAN_POINT('',(-64.04999795968,7.549997959683,1.51));
#18348 = DIRECTION('',(0.,0.,-1.));
#18349 = DIRECTION('',(0.999999999991,4.161285837066E-06,0.));
#18350 = ADVANCED_FACE('',(#18351),#18357,.T.);
#18351 = FACE_BOUND('',#18352,.T.);
#18352 = EDGE_LOOP('',(#18353,#18354,#18355,#18356));
#18353 = ORIENTED_EDGE('',*,*,#18339,.T.);
#18354 = ORIENTED_EDGE('',*,*,#18245,.T.);
#18355 = ORIENTED_EDGE('',*,*,#18269,.F.);
#18356 = ORIENTED_EDGE('',*,*,#17338,.F.);
#18357 = PLANE('',#18358);
#18358 = AXIS2_PLACEMENT_3D('',#18359,#18360,#18361);
#18359 = CARTESIAN_POINT('',(-64.049999,7.299999,1.51));
#18360 = DIRECTION('',(0.,-1.,0.));
#18361 = DIRECTION('',(-1.,0.,0.));
#18362 = ADVANCED_FACE('',(#18363),#18382,.T.);
#18363 = FACE_BOUND('',#18364,.T.);
#18364 = EDGE_LOOP('',(#18365,#18366,#18375,#18381));
#18365 = ORIENTED_EDGE('',*,*,#18084,.T.);
#18366 = ORIENTED_EDGE('',*,*,#18367,.T.);
#18367 = EDGE_CURVE('',#18077,#18368,#18370,.T.);
#18368 = VERTEX_POINT('',#18369);
#18369 = CARTESIAN_POINT('',(-68.699999,7.299999,1.55));
#18370 = CIRCLE('',#18371,0.249998959685);
#18371 = AXIS2_PLACEMENT_3D('',#18372,#18373,#18374);
#18372 = CARTESIAN_POINT('',(-68.69999795968,7.549997959683,1.55));
#18373 = DIRECTION('',(0.,0.,-1.));
#18374 = DIRECTION('',(0.999999999991,4.161285837066E-06,0.));
#18375 = ORIENTED_EDGE('',*,*,#18376,.F.);
#18376 = EDGE_CURVE('',#17493,#18368,#18377,.T.);
#18377 = LINE('',#18378,#18379);
#18378 = CARTESIAN_POINT('',(-68.699999,7.299999,1.51));
#18379 = VECTOR('',#18380,1.);
#18380 = DIRECTION('',(0.,0.,1.));
#18381 = ORIENTED_EDGE('',*,*,#17500,.F.);
#18382 = CYLINDRICAL_SURFACE('',#18383,0.249998959685);
#18383 = AXIS2_PLACEMENT_3D('',#18384,#18385,#18386);
#18384 = CARTESIAN_POINT('',(-68.69999795968,7.549997959683,1.51));
#18385 = DIRECTION('',(0.,0.,-1.));
#18386 = DIRECTION('',(0.999999999991,4.161285837066E-06,0.));
#18387 = ADVANCED_FACE('',(#18388),#18441,.T.);
#18388 = FACE_BOUND('',#18389,.F.);
#18389 = EDGE_LOOP('',(#18390,#18401,#18409,#18416,#18417,#18418,#18426,
    #18435));
#18390 = ORIENTED_EDGE('',*,*,#18391,.T.);
#18391 = EDGE_CURVE('',#18392,#18394,#18396,.T.);
#18392 = VERTEX_POINT('',#18393);
#18393 = CARTESIAN_POINT('',(-69.749999,8.449999,1.55));
#18394 = VERTEX_POINT('',#18395);
#18395 = CARTESIAN_POINT('',(-69.499999,8.699999,1.55));
#18396 = CIRCLE('',#18397,0.249998959685);
#18397 = AXIS2_PLACEMENT_3D('',#18398,#18399,#18400);
#18398 = CARTESIAN_POINT('',(-69.50000004031,8.450000040317,1.55));
#18399 = DIRECTION('',(0.,0.,-1.));
#18400 = DIRECTION('',(-0.999999999991,-4.161285837067E-06,-0.));
#18401 = ORIENTED_EDGE('',*,*,#18402,.T.);
#18402 = EDGE_CURVE('',#18394,#18403,#18405,.T.);
#18403 = VERTEX_POINT('',#18404);
#18404 = CARTESIAN_POINT('',(-68.699999,8.699999,1.55));
#18405 = LINE('',#18406,#18407);
#18406 = CARTESIAN_POINT('',(-69.499999,8.699999,1.55));
#18407 = VECTOR('',#18408,1.);
#18408 = DIRECTION('',(1.,0.,0.));
#18409 = ORIENTED_EDGE('',*,*,#18410,.T.);
#18410 = EDGE_CURVE('',#18403,#18069,#18411,.T.);
#18411 = CIRCLE('',#18412,0.249998959685);
#18412 = AXIS2_PLACEMENT_3D('',#18413,#18414,#18415);
#18413 = CARTESIAN_POINT('',(-68.69999795968,8.450000040317,1.55));
#18414 = DIRECTION('',(0.,0.,-1.));
#18415 = DIRECTION('',(-4.161285837066E-06,0.999999999991,0.));
#18416 = ORIENTED_EDGE('',*,*,#18076,.T.);
#18417 = ORIENTED_EDGE('',*,*,#18367,.T.);
#18418 = ORIENTED_EDGE('',*,*,#18419,.T.);
#18419 = EDGE_CURVE('',#18368,#18420,#18422,.T.);
#18420 = VERTEX_POINT('',#18421);
#18421 = CARTESIAN_POINT('',(-69.499999,7.299999,1.55));
#18422 = LINE('',#18423,#18424);
#18423 = CARTESIAN_POINT('',(-68.699999,7.299999,1.55));
#18424 = VECTOR('',#18425,1.);
#18425 = DIRECTION('',(-1.,0.,0.));
#18426 = ORIENTED_EDGE('',*,*,#18427,.T.);
#18427 = EDGE_CURVE('',#18420,#18428,#18430,.T.);
#18428 = VERTEX_POINT('',#18429);
#18429 = CARTESIAN_POINT('',(-69.749999,7.549999,1.55));
#18430 = CIRCLE('',#18431,0.249998959685);
#18431 = AXIS2_PLACEMENT_3D('',#18432,#18433,#18434);
#18432 = CARTESIAN_POINT('',(-69.50000004031,7.549997959683,1.55));
#18433 = DIRECTION('',(0.,0.,-1.));
#18434 = DIRECTION('',(4.16128589391E-06,-0.999999999991,0.));
#18435 = ORIENTED_EDGE('',*,*,#18436,.T.);
#18436 = EDGE_CURVE('',#18428,#18392,#18437,.T.);
#18437 = LINE('',#18438,#18439);
#18438 = CARTESIAN_POINT('',(-69.749999,7.549999,1.55));
#18439 = VECTOR('',#18440,1.);
#18440 = DIRECTION('',(0.,1.,0.));
#18441 = PLANE('',#18442);
#18442 = AXIS2_PLACEMENT_3D('',#18443,#18444,#18445);
#18443 = CARTESIAN_POINT('',(0.,0.,1.55));
#18444 = DIRECTION('',(0.,0.,1.));
#18445 = DIRECTION('',(1.,0.,-0.));
#18446 = ADVANCED_FACE('',(#18447),#18458,.T.);
#18447 = FACE_BOUND('',#18448,.T.);
#18448 = EDGE_LOOP('',(#18449,#18455,#18456,#18457));
#18449 = ORIENTED_EDGE('',*,*,#18450,.T.);
#18450 = EDGE_CURVE('',#17450,#18403,#18451,.T.);
#18451 = LINE('',#18452,#18453);
#18452 = CARTESIAN_POINT('',(-68.699999,8.699999,1.51));
#18453 = VECTOR('',#18454,1.);
#18454 = DIRECTION('',(0.,0.,1.));
#18455 = ORIENTED_EDGE('',*,*,#18410,.T.);
#18456 = ORIENTED_EDGE('',*,*,#18068,.F.);
#18457 = ORIENTED_EDGE('',*,*,#17449,.F.);
#18458 = CYLINDRICAL_SURFACE('',#18459,0.249998959685);
#18459 = AXIS2_PLACEMENT_3D('',#18460,#18461,#18462);
#18460 = CARTESIAN_POINT('',(-68.69999795968,8.450000040317,1.51));
#18461 = DIRECTION('',(0.,0.,-1.));
#18462 = DIRECTION('',(-4.161285837066E-06,0.999999999991,0.));
#18463 = ADVANCED_FACE('',(#18464),#18480,.T.);
#18464 = FACE_BOUND('',#18465,.T.);
#18465 = EDGE_LOOP('',(#18466,#18472,#18473,#18479));
#18466 = ORIENTED_EDGE('',*,*,#18467,.T.);
#18467 = EDGE_CURVE('',#17467,#18392,#18468,.T.);
#18468 = LINE('',#18469,#18470);
#18469 = CARTESIAN_POINT('',(-69.749999,8.449999,1.51));
#18470 = VECTOR('',#18471,1.);
#18471 = DIRECTION('',(0.,0.,1.));
#18472 = ORIENTED_EDGE('',*,*,#18391,.T.);
#18473 = ORIENTED_EDGE('',*,*,#18474,.F.);
#18474 = EDGE_CURVE('',#17459,#18394,#18475,.T.);
#18475 = LINE('',#18476,#18477);
#18476 = CARTESIAN_POINT('',(-69.499999,8.699999,1.51));
#18477 = VECTOR('',#18478,1.);
#18478 = DIRECTION('',(0.,0.,1.));
#18479 = ORIENTED_EDGE('',*,*,#17466,.F.);
#18480 = CYLINDRICAL_SURFACE('',#18481,0.249998959685);
#18481 = AXIS2_PLACEMENT_3D('',#18482,#18483,#18484);
#18482 = CARTESIAN_POINT('',(-69.50000004031,8.450000040317,1.51));
#18483 = DIRECTION('',(0.,0.,-1.));
#18484 = DIRECTION('',(-0.999999999991,-4.161285837067E-06,-0.));
#18485 = ADVANCED_FACE('',(#18486),#18492,.T.);
#18486 = FACE_BOUND('',#18487,.T.);
#18487 = EDGE_LOOP('',(#18488,#18489,#18490,#18491));
#18488 = ORIENTED_EDGE('',*,*,#18474,.T.);
#18489 = ORIENTED_EDGE('',*,*,#18402,.T.);
#18490 = ORIENTED_EDGE('',*,*,#18450,.F.);
#18491 = ORIENTED_EDGE('',*,*,#17458,.F.);
#18492 = PLANE('',#18493);
#18493 = AXIS2_PLACEMENT_3D('',#18494,#18495,#18496);
#18494 = CARTESIAN_POINT('',(-69.499999,8.699999,1.51));
#18495 = DIRECTION('',(0.,1.,0.));
#18496 = DIRECTION('',(1.,0.,0.));
#18497 = ADVANCED_FACE('',(#18498),#18509,.T.);
#18498 = FACE_BOUND('',#18499,.T.);
#18499 = EDGE_LOOP('',(#18500,#18501,#18502,#18508));
#18500 = ORIENTED_EDGE('',*,*,#18376,.T.);
#18501 = ORIENTED_EDGE('',*,*,#18419,.T.);
#18502 = ORIENTED_EDGE('',*,*,#18503,.F.);
#18503 = EDGE_CURVE('',#17484,#18420,#18504,.T.);
#18504 = LINE('',#18505,#18506);
#18505 = CARTESIAN_POINT('',(-69.499999,7.299999,1.51));
#18506 = VECTOR('',#18507,1.);
#18507 = DIRECTION('',(0.,0.,1.));
#18508 = ORIENTED_EDGE('',*,*,#17492,.F.);
#18509 = PLANE('',#18510);
#18510 = AXIS2_PLACEMENT_3D('',#18511,#18512,#18513);
#18511 = CARTESIAN_POINT('',(-68.699999,7.299999,1.51));
#18512 = DIRECTION('',(0.,-1.,0.));
#18513 = DIRECTION('',(-1.,0.,0.));
#18514 = ADVANCED_FACE('',(#18515),#18526,.T.);
#18515 = FACE_BOUND('',#18516,.T.);
#18516 = EDGE_LOOP('',(#18517,#18518,#18519,#18525));
#18517 = ORIENTED_EDGE('',*,*,#18503,.T.);
#18518 = ORIENTED_EDGE('',*,*,#18427,.T.);
#18519 = ORIENTED_EDGE('',*,*,#18520,.F.);
#18520 = EDGE_CURVE('',#17476,#18428,#18521,.T.);
#18521 = LINE('',#18522,#18523);
#18522 = CARTESIAN_POINT('',(-69.749999,7.549999,1.51));
#18523 = VECTOR('',#18524,1.);
#18524 = DIRECTION('',(0.,0.,1.));
#18525 = ORIENTED_EDGE('',*,*,#17483,.F.);
#18526 = CYLINDRICAL_SURFACE('',#18527,0.249998959685);
#18527 = AXIS2_PLACEMENT_3D('',#18528,#18529,#18530);
#18528 = CARTESIAN_POINT('',(-69.50000004031,7.549997959683,1.51));
#18529 = DIRECTION('',(0.,0.,-1.));
#18530 = DIRECTION('',(4.16128589391E-06,-0.999999999991,0.));
#18531 = ADVANCED_FACE('',(#18532),#18538,.T.);
#18532 = FACE_BOUND('',#18533,.T.);
#18533 = EDGE_LOOP('',(#18534,#18535,#18536,#18537));
#18534 = ORIENTED_EDGE('',*,*,#18520,.T.);
#18535 = ORIENTED_EDGE('',*,*,#18436,.T.);
#18536 = ORIENTED_EDGE('',*,*,#18467,.F.);
#18537 = ORIENTED_EDGE('',*,*,#17475,.F.);
#18538 = PLANE('',#18539);
#18539 = AXIS2_PLACEMENT_3D('',#18540,#18541,#18542);
#18540 = CARTESIAN_POINT('',(-69.749999,7.549999,1.51));
#18541 = DIRECTION('',(-1.,0.,0.));
#18542 = DIRECTION('',(0.,1.,0.));
#18543 = MANIFOLD_SOLID_BREP('',#18544);
#18544 = CLOSED_SHELL('',(#18545,#18585,#18616,#18647,#18782,#18833,
    #18867,#18908,#18925,#18942,#18968,#19027,#19044,#19068,#19092,
    #19109,#19126,#19143,#19160,#19177,#19189));
#18545 = ADVANCED_FACE('',(#18546),#18580,.T.);
#18546 = FACE_BOUND('',#18547,.T.);
#18547 = EDGE_LOOP('',(#18548,#18558,#18566,#18574));
#18548 = ORIENTED_EDGE('',*,*,#18549,.T.);
#18549 = EDGE_CURVE('',#18550,#18552,#18554,.T.);
#18550 = VERTEX_POINT('',#18551);
#18551 = CARTESIAN_POINT('',(-53.583334,3.37472,1.51));
#18552 = VERTEX_POINT('',#18553);
#18553 = CARTESIAN_POINT('',(-53.583334,3.37472,1.545));
#18554 = LINE('',#18555,#18556);
#18555 = CARTESIAN_POINT('',(-53.583334,3.37472,1.51));
#18556 = VECTOR('',#18557,1.);
#18557 = DIRECTION('',(0.,0.,1.));
#18558 = ORIENTED_EDGE('',*,*,#18559,.T.);
#18559 = EDGE_CURVE('',#18552,#18560,#18562,.T.);
#18560 = VERTEX_POINT('',#18561);
#18561 = CARTESIAN_POINT('',(-53.529263,3.397117,1.545));
#18562 = LINE('',#18563,#18564);
#18563 = CARTESIAN_POINT('',(-53.583334,3.37472,1.545));
#18564 = VECTOR('',#18565,1.);
#18565 = DIRECTION('',(0.923879179303,0.382684285085,0.));
#18566 = ORIENTED_EDGE('',*,*,#18567,.F.);
#18567 = EDGE_CURVE('',#18568,#18560,#18570,.T.);
#18568 = VERTEX_POINT('',#18569);
#18569 = CARTESIAN_POINT('',(-53.529263,3.397117,1.51));
#18570 = LINE('',#18571,#18572);
#18571 = CARTESIAN_POINT('',(-53.529263,3.397117,1.51));
#18572 = VECTOR('',#18573,1.);
#18573 = DIRECTION('',(0.,0.,1.));
#18574 = ORIENTED_EDGE('',*,*,#18575,.F.);
#18575 = EDGE_CURVE('',#18550,#18568,#18576,.T.);
#18576 = LINE('',#18577,#18578);
#18577 = CARTESIAN_POINT('',(-53.583334,3.37472,1.51));
#18578 = VECTOR('',#18579,1.);
#18579 = DIRECTION('',(0.923879179303,0.382684285085,0.));
#18580 = PLANE('',#18581);
#18581 = AXIS2_PLACEMENT_3D('',#18582,#18583,#18584);
#18582 = CARTESIAN_POINT('',(-53.583334,3.37472,1.51));
#18583 = DIRECTION('',(-0.382684285085,0.923879179303,0.));
#18584 = DIRECTION('',(0.923879179303,0.382684285085,0.));
#18585 = ADVANCED_FACE('',(#18586),#18611,.T.);
#18586 = FACE_BOUND('',#18587,.T.);
#18587 = EDGE_LOOP('',(#18588,#18596,#18604,#18610));
#18588 = ORIENTED_EDGE('',*,*,#18589,.F.);
#18589 = EDGE_CURVE('',#18590,#18550,#18592,.T.);
#18590 = VERTEX_POINT('',#18591);
#18591 = CARTESIAN_POINT('',(-54.03570865475,2.922345345244,1.51));
#18592 = LINE('',#18593,#18594);
#18593 = CARTESIAN_POINT('',(-54.62472,2.333334,1.51));
#18594 = VECTOR('',#18595,1.);
#18595 = DIRECTION('',(0.707106781187,0.707106781187,0.));
#18596 = ORIENTED_EDGE('',*,*,#18597,.F.);
#18597 = EDGE_CURVE('',#18598,#18590,#18600,.T.);
#18598 = VERTEX_POINT('',#18599);
#18599 = CARTESIAN_POINT('',(-54.03570865475,2.922345345244,1.545));
#18600 = LINE('',#18601,#18602);
#18601 = CARTESIAN_POINT('',(-54.03570865475,2.922345345244,1.51));
#18602 = VECTOR('',#18603,1.);
#18603 = DIRECTION('',(0.,0.,-1.));
#18604 = ORIENTED_EDGE('',*,*,#18605,.T.);
#18605 = EDGE_CURVE('',#18598,#18552,#18606,.T.);
#18606 = LINE('',#18607,#18608);
#18607 = CARTESIAN_POINT('',(-54.62472,2.333334,1.545));
#18608 = VECTOR('',#18609,1.);
#18609 = DIRECTION('',(0.707106781187,0.707106781187,0.));
#18610 = ORIENTED_EDGE('',*,*,#18549,.F.);
#18611 = PLANE('',#18612);
#18612 = AXIS2_PLACEMENT_3D('',#18613,#18614,#18615);
#18613 = CARTESIAN_POINT('',(-54.62472,2.333334,1.51));
#18614 = DIRECTION('',(-0.707106781187,0.707106781187,0.));
#18615 = DIRECTION('',(0.707106781187,0.707106781187,0.));
#18616 = ADVANCED_FACE('',(#18617),#18642,.T.);
#18617 = FACE_BOUND('',#18618,.T.);
#18618 = EDGE_LOOP('',(#18619,#18627,#18628,#18636));
#18619 = ORIENTED_EDGE('',*,*,#18620,.F.);
#18620 = EDGE_CURVE('',#18568,#18621,#18623,.T.);
#18621 = VERTEX_POINT('',#18622);
#18622 = CARTESIAN_POINT('',(-52.48542832636,3.397117,1.51));
#18623 = LINE('',#18624,#18625);
#18624 = CARTESIAN_POINT('',(-53.529263,3.397117,1.51));
#18625 = VECTOR('',#18626,1.);
#18626 = DIRECTION('',(1.,0.,0.));
#18627 = ORIENTED_EDGE('',*,*,#18567,.T.);
#18628 = ORIENTED_EDGE('',*,*,#18629,.T.);
#18629 = EDGE_CURVE('',#18560,#18630,#18632,.T.);
#18630 = VERTEX_POINT('',#18631);
#18631 = CARTESIAN_POINT('',(-52.48542832636,3.397117,1.545));
#18632 = LINE('',#18633,#18634);
#18633 = CARTESIAN_POINT('',(-53.529263,3.397117,1.545));
#18634 = VECTOR('',#18635,1.);
#18635 = DIRECTION('',(1.,0.,0.));
#18636 = ORIENTED_EDGE('',*,*,#18637,.T.);
#18637 = EDGE_CURVE('',#18630,#18621,#18638,.T.);
#18638 = LINE('',#18639,#18640);
#18639 = CARTESIAN_POINT('',(-52.48542832636,3.397117,1.51));
#18640 = VECTOR('',#18641,1.);
#18641 = DIRECTION('',(0.,0.,-1.));
#18642 = PLANE('',#18643);
#18643 = AXIS2_PLACEMENT_3D('',#18644,#18645,#18646);
#18644 = CARTESIAN_POINT('',(-53.529263,3.397117,1.51));
#18645 = DIRECTION('',(0.,1.,0.));
#18646 = DIRECTION('',(1.,0.,0.));
#18647 = ADVANCED_FACE('',(#18648),#18777,.F.);
#18648 = FACE_BOUND('',#18649,.F.);
#18649 = EDGE_LOOP('',(#18650,#18651,#18652,#18661,#18669,#18678,#18686,
    #18695,#18703,#18712,#18720,#18728,#18736,#18745,#18753,#18761,
    #18769,#18776));
#18650 = ORIENTED_EDGE('',*,*,#18575,.F.);
#18651 = ORIENTED_EDGE('',*,*,#18589,.F.);
#18652 = ORIENTED_EDGE('',*,*,#18653,.F.);
#18653 = EDGE_CURVE('',#18654,#18590,#18656,.T.);
#18654 = VERTEX_POINT('',#18655);
#18655 = CARTESIAN_POINT('',(-54.149999,2.949999,1.51));
#18656 = CIRCLE('',#18657,0.249998959685);
#18657 = AXIS2_PLACEMENT_3D('',#18658,#18659,#18660);
#18658 = CARTESIAN_POINT('',(-54.14999795968,2.700000040317,1.51));
#18659 = DIRECTION('',(0.,0.,-1.));
#18660 = DIRECTION('',(-4.161285837066E-06,0.999999999991,0.));
#18661 = ORIENTED_EDGE('',*,*,#18662,.F.);
#18662 = EDGE_CURVE('',#18663,#18654,#18665,.T.);
#18663 = VERTEX_POINT('',#18664);
#18664 = CARTESIAN_POINT('',(-54.849999,2.949999,1.51));
#18665 = LINE('',#18666,#18667);
#18666 = CARTESIAN_POINT('',(-54.849999,2.949999,1.51));
#18667 = VECTOR('',#18668,1.);
#18668 = DIRECTION('',(1.,0.,0.));
#18669 = ORIENTED_EDGE('',*,*,#18670,.F.);
#18670 = EDGE_CURVE('',#18671,#18663,#18673,.T.);
#18671 = VERTEX_POINT('',#18672);
#18672 = CARTESIAN_POINT('',(-55.099999,2.699999,1.51));
#18673 = CIRCLE('',#18674,0.249998959685);
#18674 = AXIS2_PLACEMENT_3D('',#18675,#18676,#18677);
#18675 = CARTESIAN_POINT('',(-54.85000004031,2.700000040317,1.51));
#18676 = DIRECTION('',(0.,0.,-1.));
#18677 = DIRECTION('',(-0.999999999991,-4.161285840619E-06,-0.));
#18678 = ORIENTED_EDGE('',*,*,#18679,.F.);
#18679 = EDGE_CURVE('',#18680,#18671,#18682,.T.);
#18680 = VERTEX_POINT('',#18681);
#18681 = CARTESIAN_POINT('',(-55.099999,1.799999,1.51));
#18682 = LINE('',#18683,#18684);
#18683 = CARTESIAN_POINT('',(-55.099999,1.799999,1.51));
#18684 = VECTOR('',#18685,1.);
#18685 = DIRECTION('',(0.,1.,0.));
#18686 = ORIENTED_EDGE('',*,*,#18687,.F.);
#18687 = EDGE_CURVE('',#18688,#18680,#18690,.T.);
#18688 = VERTEX_POINT('',#18689);
#18689 = CARTESIAN_POINT('',(-54.849999,1.549999,1.51));
#18690 = CIRCLE('',#18691,0.249998959685);
#18691 = AXIS2_PLACEMENT_3D('',#18692,#18693,#18694);
#18692 = CARTESIAN_POINT('',(-54.85000004031,1.799997959683,1.51));
#18693 = DIRECTION('',(0.,0.,-1.));
#18694 = DIRECTION('',(4.161285837066E-06,-0.999999999991,0.));
#18695 = ORIENTED_EDGE('',*,*,#18696,.F.);
#18696 = EDGE_CURVE('',#18697,#18688,#18699,.T.);
#18697 = VERTEX_POINT('',#18698);
#18698 = CARTESIAN_POINT('',(-54.149999,1.549999,1.51));
#18699 = LINE('',#18700,#18701);
#18700 = CARTESIAN_POINT('',(-54.149999,1.549999,1.51));
#18701 = VECTOR('',#18702,1.);
#18702 = DIRECTION('',(-1.,0.,0.));
#18703 = ORIENTED_EDGE('',*,*,#18704,.F.);
#18704 = EDGE_CURVE('',#18705,#18697,#18707,.T.);
#18705 = VERTEX_POINT('',#18706);
#18706 = CARTESIAN_POINT('',(-53.899999,1.799999,1.51));
#18707 = CIRCLE('',#18708,0.249998959685);
#18708 = AXIS2_PLACEMENT_3D('',#18709,#18710,#18711);
#18709 = CARTESIAN_POINT('',(-54.14999795968,1.799997959683,1.51));
#18710 = DIRECTION('',(0.,0.,-1.));
#18711 = DIRECTION('',(0.999999999991,4.161285841507E-06,0.));
#18712 = ORIENTED_EDGE('',*,*,#18713,.F.);
#18713 = EDGE_CURVE('',#18714,#18705,#18716,.T.);
#18714 = VERTEX_POINT('',#18715);
#18715 = CARTESIAN_POINT('',(-53.899999,2.639791454235,1.51));
#18716 = LINE('',#18717,#18718);
#18717 = CARTESIAN_POINT('',(-53.899999,2.699999,1.51));
#18718 = VECTOR('',#18719,1.);
#18719 = DIRECTION('',(0.,-1.,0.));
#18720 = ORIENTED_EDGE('',*,*,#18721,.F.);
#18721 = EDGE_CURVE('',#18722,#18714,#18724,.T.);
#18722 = VERTEX_POINT('',#18723);
#18723 = CARTESIAN_POINT('',(-53.437867,3.099999,1.51));
#18724 = LINE('',#18725,#18726);
#18725 = CARTESIAN_POINT('',(-53.437867,3.099999,1.51));
#18726 = VECTOR('',#18727,1.);
#18727 = DIRECTION('',(-0.708580611562,-0.705629872468,0.));
#18728 = ORIENTED_EDGE('',*,*,#18729,.F.);
#18729 = EDGE_CURVE('',#18730,#18722,#18732,.T.);
#18730 = VERTEX_POINT('',#18731);
#18731 = CARTESIAN_POINT('',(-52.48509764045,3.101237483453,1.51));
#18732 = LINE('',#18733,#18734);
#18733 = CARTESIAN_POINT('',(-51.220735,3.102881,1.51));
#18734 = VECTOR('',#18735,1.);
#18735 = DIRECTION('',(-0.99999915516,-1.299876401212E-03,0.));
#18736 = ORIENTED_EDGE('',*,*,#18737,.F.);
#18737 = EDGE_CURVE('',#18738,#18730,#18740,.T.);
#18738 = VERTEX_POINT('',#18739);
#18739 = CARTESIAN_POINT('',(-51.749999,2.499999,1.51));
#18740 = CIRCLE('',#18741,0.75);
#18741 = AXIS2_PLACEMENT_3D('',#18742,#18743,#18744);
#18742 = CARTESIAN_POINT('',(-51.749999,3.249999,1.51));
#18743 = DIRECTION('',(0.,0.,-1.));
#18744 = DIRECTION('',(0.,-1.,0.));
#18745 = ORIENTED_EDGE('',*,*,#18746,.F.);
#18746 = EDGE_CURVE('',#18747,#18738,#18749,.T.);
#18747 = VERTEX_POINT('',#18748);
#18748 = CARTESIAN_POINT('',(-49.999999,2.499999,1.51));
#18749 = LINE('',#18750,#18751);
#18750 = CARTESIAN_POINT('',(-49.999999,2.499999,1.51));
#18751 = VECTOR('',#18752,1.);
#18752 = DIRECTION('',(-1.,0.,0.));
#18753 = ORIENTED_EDGE('',*,*,#18754,.F.);
#18754 = EDGE_CURVE('',#18755,#18747,#18757,.T.);
#18755 = VERTEX_POINT('',#18756);
#18756 = CARTESIAN_POINT('',(-49.999999,3.999999,1.51));
#18757 = LINE('',#18758,#18759);
#18758 = CARTESIAN_POINT('',(-49.999999,3.999999,1.51));
#18759 = VECTOR('',#18760,1.);
#18760 = DIRECTION('',(0.,-1.,0.));
#18761 = ORIENTED_EDGE('',*,*,#18762,.F.);
#18762 = EDGE_CURVE('',#18763,#18755,#18765,.T.);
#18763 = VERTEX_POINT('',#18764);
#18764 = CARTESIAN_POINT('',(-51.749999,3.999999,1.51));
#18765 = LINE('',#18766,#18767);
#18766 = CARTESIAN_POINT('',(-51.749999,3.999999,1.51));
#18767 = VECTOR('',#18768,1.);
#18768 = DIRECTION('',(1.,0.,0.));
#18769 = ORIENTED_EDGE('',*,*,#18770,.F.);
#18770 = EDGE_CURVE('',#18621,#18763,#18771,.T.);
#18771 = CIRCLE('',#18772,0.75);
#18772 = AXIS2_PLACEMENT_3D('',#18773,#18774,#18775);
#18773 = CARTESIAN_POINT('',(-51.749999,3.249999,1.51));
#18774 = DIRECTION('',(0.,0.,-1.));
#18775 = DIRECTION('',(0.,-1.,0.));
#18776 = ORIENTED_EDGE('',*,*,#18620,.F.);
#18777 = PLANE('',#18778);
#18778 = AXIS2_PLACEMENT_3D('',#18779,#18780,#18781);
#18779 = CARTESIAN_POINT('',(0.,0.,1.51));
#18780 = DIRECTION('',(0.,0.,1.));
#18781 = DIRECTION('',(1.,0.,-0.));
#18782 = ADVANCED_FACE('',(#18783),#18828,.T.);
#18783 = FACE_BOUND('',#18784,.T.);
#18784 = EDGE_LOOP('',(#18785,#18786,#18787,#18796,#18804,#18812,#18820,
    #18827));
#18785 = ORIENTED_EDGE('',*,*,#18559,.F.);
#18786 = ORIENTED_EDGE('',*,*,#18605,.F.);
#18787 = ORIENTED_EDGE('',*,*,#18788,.T.);
#18788 = EDGE_CURVE('',#18598,#18789,#18791,.T.);
#18789 = VERTEX_POINT('',#18790);
#18790 = CARTESIAN_POINT('',(-53.899999,2.699999,1.545));
#18791 = CIRCLE('',#18792,0.249998959685);
#18792 = AXIS2_PLACEMENT_3D('',#18793,#18794,#18795);
#18793 = CARTESIAN_POINT('',(-54.14999795968,2.700000040317,1.545));
#18794 = DIRECTION('',(0.,0.,-1.));
#18795 = DIRECTION('',(-4.161285837066E-06,0.999999999991,0.));
#18796 = ORIENTED_EDGE('',*,*,#18797,.F.);
#18797 = EDGE_CURVE('',#18798,#18789,#18800,.T.);
#18798 = VERTEX_POINT('',#18799);
#18799 = CARTESIAN_POINT('',(-53.899999,2.639791454235,1.545));
#18800 = LINE('',#18801,#18802);
#18801 = CARTESIAN_POINT('',(-53.899999,1.3499995,1.545));
#18802 = VECTOR('',#18803,1.);
#18803 = DIRECTION('',(-0.,1.,0.));
#18804 = ORIENTED_EDGE('',*,*,#18805,.F.);
#18805 = EDGE_CURVE('',#18806,#18798,#18808,.T.);
#18806 = VERTEX_POINT('',#18807);
#18807 = CARTESIAN_POINT('',(-53.437867,3.099999,1.545));
#18808 = LINE('',#18809,#18810);
#18809 = CARTESIAN_POINT('',(-53.437867,3.099999,1.545));
#18810 = VECTOR('',#18811,1.);
#18811 = DIRECTION('',(-0.708580611562,-0.705629872468,0.));
#18812 = ORIENTED_EDGE('',*,*,#18813,.F.);
#18813 = EDGE_CURVE('',#18814,#18806,#18816,.T.);
#18814 = VERTEX_POINT('',#18815);
#18815 = CARTESIAN_POINT('',(-52.48509764045,3.101237483453,1.545));
#18816 = LINE('',#18817,#18818);
#18817 = CARTESIAN_POINT('',(-51.220735,3.102881,1.545));
#18818 = VECTOR('',#18819,1.);
#18819 = DIRECTION('',(-0.99999915516,-1.299876401212E-03,0.));
#18820 = ORIENTED_EDGE('',*,*,#18821,.T.);
#18821 = EDGE_CURVE('',#18814,#18630,#18822,.T.);
#18822 = CIRCLE('',#18823,0.75);
#18823 = AXIS2_PLACEMENT_3D('',#18824,#18825,#18826);
#18824 = CARTESIAN_POINT('',(-51.749999,3.249999,1.545));
#18825 = DIRECTION('',(0.,0.,-1.));
#18826 = DIRECTION('',(0.,-1.,0.));
#18827 = ORIENTED_EDGE('',*,*,#18629,.F.);
#18828 = PLANE('',#18829);
#18829 = AXIS2_PLACEMENT_3D('',#18830,#18831,#18832);
#18830 = CARTESIAN_POINT('',(0.,0.,1.545));
#18831 = DIRECTION('',(0.,0.,1.));
#18832 = DIRECTION('',(1.,0.,-0.));
#18833 = ADVANCED_FACE('',(#18834),#18862,.T.);
#18834 = FACE_BOUND('',#18835,.T.);
#18835 = EDGE_LOOP('',(#18836,#18837,#18845,#18854,#18860,#18861));
#18836 = ORIENTED_EDGE('',*,*,#18653,.F.);
#18837 = ORIENTED_EDGE('',*,*,#18838,.T.);
#18838 = EDGE_CURVE('',#18654,#18839,#18841,.T.);
#18839 = VERTEX_POINT('',#18840);
#18840 = CARTESIAN_POINT('',(-54.149999,2.949999,1.55));
#18841 = LINE('',#18842,#18843);
#18842 = CARTESIAN_POINT('',(-54.149999,2.949999,1.51));
#18843 = VECTOR('',#18844,1.);
#18844 = DIRECTION('',(0.,0.,1.));
#18845 = ORIENTED_EDGE('',*,*,#18846,.T.);
#18846 = EDGE_CURVE('',#18839,#18847,#18849,.T.);
#18847 = VERTEX_POINT('',#18848);
#18848 = CARTESIAN_POINT('',(-53.899999,2.699999,1.55));
#18849 = CIRCLE('',#18850,0.249998959685);
#18850 = AXIS2_PLACEMENT_3D('',#18851,#18852,#18853);
#18851 = CARTESIAN_POINT('',(-54.14999795968,2.700000040317,1.55));
#18852 = DIRECTION('',(0.,0.,-1.));
#18853 = DIRECTION('',(-4.161285837066E-06,0.999999999991,0.));
#18854 = ORIENTED_EDGE('',*,*,#18855,.F.);
#18855 = EDGE_CURVE('',#18789,#18847,#18856,.T.);
#18856 = LINE('',#18857,#18858);
#18857 = CARTESIAN_POINT('',(-53.899999,2.699999,1.51));
#18858 = VECTOR('',#18859,1.);
#18859 = DIRECTION('',(0.,0.,1.));
#18860 = ORIENTED_EDGE('',*,*,#18788,.F.);
#18861 = ORIENTED_EDGE('',*,*,#18597,.T.);
#18862 = CYLINDRICAL_SURFACE('',#18863,0.249998959685);
#18863 = AXIS2_PLACEMENT_3D('',#18864,#18865,#18866);
#18864 = CARTESIAN_POINT('',(-54.14999795968,2.700000040317,1.51));
#18865 = DIRECTION('',(0.,0.,-1.));
#18866 = DIRECTION('',(-4.161285837066E-06,0.999999999991,0.));
#18867 = ADVANCED_FACE('',(#18868),#18903,.T.);
#18868 = FACE_BOUND('',#18869,.T.);
#18869 = EDGE_LOOP('',(#18870,#18871,#18879,#18888,#18894,#18895,#18896,
    #18897));
#18870 = ORIENTED_EDGE('',*,*,#18737,.F.);
#18871 = ORIENTED_EDGE('',*,*,#18872,.T.);
#18872 = EDGE_CURVE('',#18738,#18873,#18875,.T.);
#18873 = VERTEX_POINT('',#18874);
#18874 = CARTESIAN_POINT('',(-51.749999,2.499999,1.55));
#18875 = LINE('',#18876,#18877);
#18876 = CARTESIAN_POINT('',(-51.749999,2.499999,1.51));
#18877 = VECTOR('',#18878,1.);
#18878 = DIRECTION('',(0.,0.,1.));
#18879 = ORIENTED_EDGE('',*,*,#18880,.T.);
#18880 = EDGE_CURVE('',#18873,#18881,#18883,.T.);
#18881 = VERTEX_POINT('',#18882);
#18882 = CARTESIAN_POINT('',(-51.749999,3.999999,1.55));
#18883 = CIRCLE('',#18884,0.75);
#18884 = AXIS2_PLACEMENT_3D('',#18885,#18886,#18887);
#18885 = CARTESIAN_POINT('',(-51.749999,3.249999,1.55));
#18886 = DIRECTION('',(0.,0.,-1.));
#18887 = DIRECTION('',(0.,-1.,0.));
#18888 = ORIENTED_EDGE('',*,*,#18889,.F.);
#18889 = EDGE_CURVE('',#18763,#18881,#18890,.T.);
#18890 = LINE('',#18891,#18892);
#18891 = CARTESIAN_POINT('',(-51.749999,3.999999,1.51));
#18892 = VECTOR('',#18893,1.);
#18893 = DIRECTION('',(0.,0.,1.));
#18894 = ORIENTED_EDGE('',*,*,#18770,.F.);
#18895 = ORIENTED_EDGE('',*,*,#18637,.F.);
#18896 = ORIENTED_EDGE('',*,*,#18821,.F.);
#18897 = ORIENTED_EDGE('',*,*,#18898,.T.);
#18898 = EDGE_CURVE('',#18814,#18730,#18899,.T.);
#18899 = LINE('',#18900,#18901);
#18900 = CARTESIAN_POINT('',(-52.48509764045,3.101237483453,1.51));
#18901 = VECTOR('',#18902,1.);
#18902 = DIRECTION('',(0.,0.,-1.));
#18903 = CYLINDRICAL_SURFACE('',#18904,0.75);
#18904 = AXIS2_PLACEMENT_3D('',#18905,#18906,#18907);
#18905 = CARTESIAN_POINT('',(-51.749999,3.249999,1.51));
#18906 = DIRECTION('',(0.,0.,-1.));
#18907 = DIRECTION('',(0.,-1.,0.));
#18908 = ADVANCED_FACE('',(#18909),#18920,.T.);
#18909 = FACE_BOUND('',#18910,.T.);
#18910 = EDGE_LOOP('',(#18911,#18912,#18913,#18914));
#18911 = ORIENTED_EDGE('',*,*,#18729,.F.);
#18912 = ORIENTED_EDGE('',*,*,#18898,.F.);
#18913 = ORIENTED_EDGE('',*,*,#18813,.T.);
#18914 = ORIENTED_EDGE('',*,*,#18915,.F.);
#18915 = EDGE_CURVE('',#18722,#18806,#18916,.T.);
#18916 = LINE('',#18917,#18918);
#18917 = CARTESIAN_POINT('',(-53.437867,3.099999,1.51));
#18918 = VECTOR('',#18919,1.);
#18919 = DIRECTION('',(0.,0.,1.));
#18920 = PLANE('',#18921);
#18921 = AXIS2_PLACEMENT_3D('',#18922,#18923,#18924);
#18922 = CARTESIAN_POINT('',(-51.220735,3.102881,1.51));
#18923 = DIRECTION('',(1.299876401212E-03,-0.99999915516,0.));
#18924 = DIRECTION('',(-0.99999915516,-1.299876401212E-03,0.));
#18925 = ADVANCED_FACE('',(#18926),#18937,.T.);
#18926 = FACE_BOUND('',#18927,.T.);
#18927 = EDGE_LOOP('',(#18928,#18929,#18930,#18931));
#18928 = ORIENTED_EDGE('',*,*,#18721,.F.);
#18929 = ORIENTED_EDGE('',*,*,#18915,.T.);
#18930 = ORIENTED_EDGE('',*,*,#18805,.T.);
#18931 = ORIENTED_EDGE('',*,*,#18932,.F.);
#18932 = EDGE_CURVE('',#18714,#18798,#18933,.T.);
#18933 = LINE('',#18934,#18935);
#18934 = CARTESIAN_POINT('',(-53.899999,2.639791454235,1.51));
#18935 = VECTOR('',#18936,1.);
#18936 = DIRECTION('',(0.,0.,1.));
#18937 = PLANE('',#18938);
#18938 = AXIS2_PLACEMENT_3D('',#18939,#18940,#18941);
#18939 = CARTESIAN_POINT('',(-53.437867,3.099999,1.51));
#18940 = DIRECTION('',(0.705629872468,-0.708580611562,0.));
#18941 = DIRECTION('',(-0.708580611562,-0.705629872468,0.));
#18942 = ADVANCED_FACE('',(#18943),#18963,.T.);
#18943 = FACE_BOUND('',#18944,.T.);
#18944 = EDGE_LOOP('',(#18945,#18946,#18947,#18955,#18961,#18962));
#18945 = ORIENTED_EDGE('',*,*,#18797,.T.);
#18946 = ORIENTED_EDGE('',*,*,#18855,.T.);
#18947 = ORIENTED_EDGE('',*,*,#18948,.T.);
#18948 = EDGE_CURVE('',#18847,#18949,#18951,.T.);
#18949 = VERTEX_POINT('',#18950);
#18950 = CARTESIAN_POINT('',(-53.899999,1.799999,1.55));
#18951 = LINE('',#18952,#18953);
#18952 = CARTESIAN_POINT('',(-53.899999,2.699999,1.55));
#18953 = VECTOR('',#18954,1.);
#18954 = DIRECTION('',(0.,-1.,0.));
#18955 = ORIENTED_EDGE('',*,*,#18956,.F.);
#18956 = EDGE_CURVE('',#18705,#18949,#18957,.T.);
#18957 = LINE('',#18958,#18959);
#18958 = CARTESIAN_POINT('',(-53.899999,1.799999,1.51));
#18959 = VECTOR('',#18960,1.);
#18960 = DIRECTION('',(0.,0.,1.));
#18961 = ORIENTED_EDGE('',*,*,#18713,.F.);
#18962 = ORIENTED_EDGE('',*,*,#18932,.T.);
#18963 = PLANE('',#18964);
#18964 = AXIS2_PLACEMENT_3D('',#18965,#18966,#18967);
#18965 = CARTESIAN_POINT('',(-53.899999,2.699999,1.51));
#18966 = DIRECTION('',(1.,0.,-0.));
#18967 = DIRECTION('',(0.,-1.,0.));
#18968 = ADVANCED_FACE('',(#18969),#19022,.T.);
#18969 = FACE_BOUND('',#18970,.F.);
#18970 = EDGE_LOOP('',(#18971,#18982,#18988,#18989,#18990,#18999,#19007,
    #19016));
#18971 = ORIENTED_EDGE('',*,*,#18972,.T.);
#18972 = EDGE_CURVE('',#18973,#18975,#18977,.T.);
#18973 = VERTEX_POINT('',#18974);
#18974 = CARTESIAN_POINT('',(-55.099999,2.699999,1.55));
#18975 = VERTEX_POINT('',#18976);
#18976 = CARTESIAN_POINT('',(-54.849999,2.949999,1.55));
#18977 = CIRCLE('',#18978,0.249998959685);
#18978 = AXIS2_PLACEMENT_3D('',#18979,#18980,#18981);
#18979 = CARTESIAN_POINT('',(-54.85000004031,2.700000040317,1.55));
#18980 = DIRECTION('',(0.,0.,-1.));
#18981 = DIRECTION('',(-0.999999999991,-4.161285840619E-06,-0.));
#18982 = ORIENTED_EDGE('',*,*,#18983,.T.);
#18983 = EDGE_CURVE('',#18975,#18839,#18984,.T.);
#18984 = LINE('',#18985,#18986);
#18985 = CARTESIAN_POINT('',(-54.849999,2.949999,1.55));
#18986 = VECTOR('',#18987,1.);
#18987 = DIRECTION('',(1.,0.,0.));
#18988 = ORIENTED_EDGE('',*,*,#18846,.T.);
#18989 = ORIENTED_EDGE('',*,*,#18948,.T.);
#18990 = ORIENTED_EDGE('',*,*,#18991,.T.);
#18991 = EDGE_CURVE('',#18949,#18992,#18994,.T.);
#18992 = VERTEX_POINT('',#18993);
#18993 = CARTESIAN_POINT('',(-54.149999,1.549999,1.55));
#18994 = CIRCLE('',#18995,0.249998959685);
#18995 = AXIS2_PLACEMENT_3D('',#18996,#18997,#18998);
#18996 = CARTESIAN_POINT('',(-54.14999795968,1.799997959683,1.55));
#18997 = DIRECTION('',(0.,0.,-1.));
#18998 = DIRECTION('',(0.999999999991,4.161285841507E-06,0.));
#18999 = ORIENTED_EDGE('',*,*,#19000,.T.);
#19000 = EDGE_CURVE('',#18992,#19001,#19003,.T.);
#19001 = VERTEX_POINT('',#19002);
#19002 = CARTESIAN_POINT('',(-54.849999,1.549999,1.55));
#19003 = LINE('',#19004,#19005);
#19004 = CARTESIAN_POINT('',(-54.149999,1.549999,1.55));
#19005 = VECTOR('',#19006,1.);
#19006 = DIRECTION('',(-1.,0.,0.));
#19007 = ORIENTED_EDGE('',*,*,#19008,.T.);
#19008 = EDGE_CURVE('',#19001,#19009,#19011,.T.);
#19009 = VERTEX_POINT('',#19010);
#19010 = CARTESIAN_POINT('',(-55.099999,1.799999,1.55));
#19011 = CIRCLE('',#19012,0.249998959685);
#19012 = AXIS2_PLACEMENT_3D('',#19013,#19014,#19015);
#19013 = CARTESIAN_POINT('',(-54.85000004031,1.799997959683,1.55));
#19014 = DIRECTION('',(0.,0.,-1.));
#19015 = DIRECTION('',(4.161285837066E-06,-0.999999999991,0.));
#19016 = ORIENTED_EDGE('',*,*,#19017,.T.);
#19017 = EDGE_CURVE('',#19009,#18973,#19018,.T.);
#19018 = LINE('',#19019,#19020);
#19019 = CARTESIAN_POINT('',(-55.099999,1.799999,1.55));
#19020 = VECTOR('',#19021,1.);
#19021 = DIRECTION('',(0.,1.,0.));
#19022 = PLANE('',#19023);
#19023 = AXIS2_PLACEMENT_3D('',#19024,#19025,#19026);
#19024 = CARTESIAN_POINT('',(0.,0.,1.55));
#19025 = DIRECTION('',(0.,0.,1.));
#19026 = DIRECTION('',(1.,0.,-0.));
#19027 = ADVANCED_FACE('',(#19028),#19039,.T.);
#19028 = FACE_BOUND('',#19029,.T.);
#19029 = EDGE_LOOP('',(#19030,#19036,#19037,#19038));
#19030 = ORIENTED_EDGE('',*,*,#19031,.T.);
#19031 = EDGE_CURVE('',#18663,#18975,#19032,.T.);
#19032 = LINE('',#19033,#19034);
#19033 = CARTESIAN_POINT('',(-54.849999,2.949999,1.51));
#19034 = VECTOR('',#19035,1.);
#19035 = DIRECTION('',(0.,0.,1.));
#19036 = ORIENTED_EDGE('',*,*,#18983,.T.);
#19037 = ORIENTED_EDGE('',*,*,#18838,.F.);
#19038 = ORIENTED_EDGE('',*,*,#18662,.F.);
#19039 = PLANE('',#19040);
#19040 = AXIS2_PLACEMENT_3D('',#19041,#19042,#19043);
#19041 = CARTESIAN_POINT('',(-54.849999,2.949999,1.51));
#19042 = DIRECTION('',(0.,1.,0.));
#19043 = DIRECTION('',(1.,0.,0.));
#19044 = ADVANCED_FACE('',(#19045),#19063,.T.);
#19045 = FACE_BOUND('',#19046,.T.);
#19046 = EDGE_LOOP('',(#19047,#19048,#19056,#19062));
#19047 = ORIENTED_EDGE('',*,*,#18889,.T.);
#19048 = ORIENTED_EDGE('',*,*,#19049,.T.);
#19049 = EDGE_CURVE('',#18881,#19050,#19052,.T.);
#19050 = VERTEX_POINT('',#19051);
#19051 = CARTESIAN_POINT('',(-49.999999,3.999999,1.55));
#19052 = LINE('',#19053,#19054);
#19053 = CARTESIAN_POINT('',(-51.749999,3.999999,1.55));
#19054 = VECTOR('',#19055,1.);
#19055 = DIRECTION('',(1.,0.,0.));
#19056 = ORIENTED_EDGE('',*,*,#19057,.F.);
#19057 = EDGE_CURVE('',#18755,#19050,#19058,.T.);
#19058 = LINE('',#19059,#19060);
#19059 = CARTESIAN_POINT('',(-49.999999,3.999999,1.51));
#19060 = VECTOR('',#19061,1.);
#19061 = DIRECTION('',(0.,0.,1.));
#19062 = ORIENTED_EDGE('',*,*,#18762,.F.);
#19063 = PLANE('',#19064);
#19064 = AXIS2_PLACEMENT_3D('',#19065,#19066,#19067);
#19065 = CARTESIAN_POINT('',(-51.749999,3.999999,1.51));
#19066 = DIRECTION('',(0.,1.,0.));
#19067 = DIRECTION('',(1.,0.,0.));
#19068 = ADVANCED_FACE('',(#19069),#19087,.T.);
#19069 = FACE_BOUND('',#19070,.F.);
#19070 = EDGE_LOOP('',(#19071,#19072,#19073,#19081));
#19071 = ORIENTED_EDGE('',*,*,#18880,.T.);
#19072 = ORIENTED_EDGE('',*,*,#19049,.T.);
#19073 = ORIENTED_EDGE('',*,*,#19074,.T.);
#19074 = EDGE_CURVE('',#19050,#19075,#19077,.T.);
#19075 = VERTEX_POINT('',#19076);
#19076 = CARTESIAN_POINT('',(-49.999999,2.499999,1.55));
#19077 = LINE('',#19078,#19079);
#19078 = CARTESIAN_POINT('',(-49.999999,3.999999,1.55));
#19079 = VECTOR('',#19080,1.);
#19080 = DIRECTION('',(0.,-1.,0.));
#19081 = ORIENTED_EDGE('',*,*,#19082,.T.);
#19082 = EDGE_CURVE('',#19075,#18873,#19083,.T.);
#19083 = LINE('',#19084,#19085);
#19084 = CARTESIAN_POINT('',(-49.999999,2.499999,1.55));
#19085 = VECTOR('',#19086,1.);
#19086 = DIRECTION('',(-1.,0.,0.));
#19087 = PLANE('',#19088);
#19088 = AXIS2_PLACEMENT_3D('',#19089,#19090,#19091);
#19089 = CARTESIAN_POINT('',(0.,0.,1.55));
#19090 = DIRECTION('',(0.,0.,1.));
#19091 = DIRECTION('',(1.,0.,-0.));
#19092 = ADVANCED_FACE('',(#19093),#19104,.T.);
#19093 = FACE_BOUND('',#19094,.T.);
#19094 = EDGE_LOOP('',(#19095,#19101,#19102,#19103));
#19095 = ORIENTED_EDGE('',*,*,#19096,.T.);
#19096 = EDGE_CURVE('',#18747,#19075,#19097,.T.);
#19097 = LINE('',#19098,#19099);
#19098 = CARTESIAN_POINT('',(-49.999999,2.499999,1.51));
#19099 = VECTOR('',#19100,1.);
#19100 = DIRECTION('',(0.,0.,1.));
#19101 = ORIENTED_EDGE('',*,*,#19082,.T.);
#19102 = ORIENTED_EDGE('',*,*,#18872,.F.);
#19103 = ORIENTED_EDGE('',*,*,#18746,.F.);
#19104 = PLANE('',#19105);
#19105 = AXIS2_PLACEMENT_3D('',#19106,#19107,#19108);
#19106 = CARTESIAN_POINT('',(-49.999999,2.499999,1.51));
#19107 = DIRECTION('',(0.,-1.,0.));
#19108 = DIRECTION('',(-1.,0.,0.));
#19109 = ADVANCED_FACE('',(#19110),#19121,.T.);
#19110 = FACE_BOUND('',#19111,.T.);
#19111 = EDGE_LOOP('',(#19112,#19113,#19114,#19120));
#19112 = ORIENTED_EDGE('',*,*,#18956,.T.);
#19113 = ORIENTED_EDGE('',*,*,#18991,.T.);
#19114 = ORIENTED_EDGE('',*,*,#19115,.F.);
#19115 = EDGE_CURVE('',#18697,#18992,#19116,.T.);
#19116 = LINE('',#19117,#19118);
#19117 = CARTESIAN_POINT('',(-54.149999,1.549999,1.51));
#19118 = VECTOR('',#19119,1.);
#19119 = DIRECTION('',(0.,0.,1.));
#19120 = ORIENTED_EDGE('',*,*,#18704,.F.);
#19121 = CYLINDRICAL_SURFACE('',#19122,0.249998959685);
#19122 = AXIS2_PLACEMENT_3D('',#19123,#19124,#19125);
#19123 = CARTESIAN_POINT('',(-54.14999795968,1.799997959683,1.51));
#19124 = DIRECTION('',(0.,0.,-1.));
#19125 = DIRECTION('',(0.999999999991,4.161285841507E-06,0.));
#19126 = ADVANCED_FACE('',(#19127),#19138,.T.);
#19127 = FACE_BOUND('',#19128,.T.);
#19128 = EDGE_LOOP('',(#19129,#19135,#19136,#19137));
#19129 = ORIENTED_EDGE('',*,*,#19130,.T.);
#19130 = EDGE_CURVE('',#18671,#18973,#19131,.T.);
#19131 = LINE('',#19132,#19133);
#19132 = CARTESIAN_POINT('',(-55.099999,2.699999,1.51));
#19133 = VECTOR('',#19134,1.);
#19134 = DIRECTION('',(0.,0.,1.));
#19135 = ORIENTED_EDGE('',*,*,#18972,.T.);
#19136 = ORIENTED_EDGE('',*,*,#19031,.F.);
#19137 = ORIENTED_EDGE('',*,*,#18670,.F.);
#19138 = CYLINDRICAL_SURFACE('',#19139,0.249998959685);
#19139 = AXIS2_PLACEMENT_3D('',#19140,#19141,#19142);
#19140 = CARTESIAN_POINT('',(-54.85000004031,2.700000040317,1.51));
#19141 = DIRECTION('',(0.,0.,-1.));
#19142 = DIRECTION('',(-0.999999999991,-4.161285840619E-06,-0.));
#19143 = ADVANCED_FACE('',(#19144),#19155,.T.);
#19144 = FACE_BOUND('',#19145,.T.);
#19145 = EDGE_LOOP('',(#19146,#19147,#19148,#19154));
#19146 = ORIENTED_EDGE('',*,*,#19115,.T.);
#19147 = ORIENTED_EDGE('',*,*,#19000,.T.);
#19148 = ORIENTED_EDGE('',*,*,#19149,.F.);
#19149 = EDGE_CURVE('',#18688,#19001,#19150,.T.);
#19150 = LINE('',#19151,#19152);
#19151 = CARTESIAN_POINT('',(-54.849999,1.549999,1.51));
#19152 = VECTOR('',#19153,1.);
#19153 = DIRECTION('',(0.,0.,1.));
#19154 = ORIENTED_EDGE('',*,*,#18696,.F.);
#19155 = PLANE('',#19156);
#19156 = AXIS2_PLACEMENT_3D('',#19157,#19158,#19159);
#19157 = CARTESIAN_POINT('',(-54.149999,1.549999,1.51));
#19158 = DIRECTION('',(0.,-1.,0.));
#19159 = DIRECTION('',(-1.,0.,0.));
#19160 = ADVANCED_FACE('',(#19161),#19172,.T.);
#19161 = FACE_BOUND('',#19162,.T.);
#19162 = EDGE_LOOP('',(#19163,#19164,#19165,#19171));
#19163 = ORIENTED_EDGE('',*,*,#19149,.T.);
#19164 = ORIENTED_EDGE('',*,*,#19008,.T.);
#19165 = ORIENTED_EDGE('',*,*,#19166,.F.);
#19166 = EDGE_CURVE('',#18680,#19009,#19167,.T.);
#19167 = LINE('',#19168,#19169);
#19168 = CARTESIAN_POINT('',(-55.099999,1.799999,1.51));
#19169 = VECTOR('',#19170,1.);
#19170 = DIRECTION('',(0.,0.,1.));
#19171 = ORIENTED_EDGE('',*,*,#18687,.F.);
#19172 = CYLINDRICAL_SURFACE('',#19173,0.249998959685);
#19173 = AXIS2_PLACEMENT_3D('',#19174,#19175,#19176);
#19174 = CARTESIAN_POINT('',(-54.85000004031,1.799997959683,1.51));
#19175 = DIRECTION('',(0.,0.,-1.));
#19176 = DIRECTION('',(4.161285837066E-06,-0.999999999991,0.));
#19177 = ADVANCED_FACE('',(#19178),#19184,.T.);
#19178 = FACE_BOUND('',#19179,.T.);
#19179 = EDGE_LOOP('',(#19180,#19181,#19182,#19183));
#19180 = ORIENTED_EDGE('',*,*,#19166,.T.);
#19181 = ORIENTED_EDGE('',*,*,#19017,.T.);
#19182 = ORIENTED_EDGE('',*,*,#19130,.F.);
#19183 = ORIENTED_EDGE('',*,*,#18679,.F.);
#19184 = PLANE('',#19185);
#19185 = AXIS2_PLACEMENT_3D('',#19186,#19187,#19188);
#19186 = CARTESIAN_POINT('',(-55.099999,1.799999,1.51));
#19187 = DIRECTION('',(-1.,0.,0.));
#19188 = DIRECTION('',(0.,1.,0.));
#19189 = ADVANCED_FACE('',(#19190),#19196,.T.);
#19190 = FACE_BOUND('',#19191,.T.);
#19191 = EDGE_LOOP('',(#19192,#19193,#19194,#19195));
#19192 = ORIENTED_EDGE('',*,*,#19057,.T.);
#19193 = ORIENTED_EDGE('',*,*,#19074,.T.);
#19194 = ORIENTED_EDGE('',*,*,#19096,.F.);
#19195 = ORIENTED_EDGE('',*,*,#18754,.F.);
#19196 = PLANE('',#19197);
#19197 = AXIS2_PLACEMENT_3D('',#19198,#19199,#19200);
#19198 = CARTESIAN_POINT('',(-49.999999,3.999999,1.51));
#19199 = DIRECTION('',(1.,0.,-0.));
#19200 = DIRECTION('',(0.,-1.,0.));
#19201 = MANIFOLD_SOLID_BREP('',#19202);
#19202 = CLOSED_SHELL('',(#19203,#19361,#19392,#19416,#19465,#19482,
    #19506,#19530,#19554,#19585,#19602,#19614,#19643,#19677,#19703,
    #19727,#19779,#19796,#19813,#19830,#19847));
#19203 = ADVANCED_FACE('',(#19204),#19356,.F.);
#19204 = FACE_BOUND('',#19205,.F.);
#19205 = EDGE_LOOP('',(#19206,#19216,#19224,#19233,#19241,#19249,#19257,
    #19266,#19274,#19283,#19291,#19300,#19308,#19317,#19325,#19333,
    #19341,#19350));
#19206 = ORIENTED_EDGE('',*,*,#19207,.F.);
#19207 = EDGE_CURVE('',#19208,#19210,#19212,.T.);
#19208 = VERTEX_POINT('',#19209);
#19209 = CARTESIAN_POINT('',(50.000001,2.499999,1.51));
#19210 = VERTEX_POINT('',#19211);
#19211 = CARTESIAN_POINT('',(50.000001,3.999999,1.51));
#19212 = LINE('',#19213,#19214);
#19213 = CARTESIAN_POINT('',(50.000001,2.499999,1.51));
#19214 = VECTOR('',#19215,1.);
#19215 = DIRECTION('',(0.,1.,0.));
#19216 = ORIENTED_EDGE('',*,*,#19217,.F.);
#19217 = EDGE_CURVE('',#19218,#19208,#19220,.T.);
#19218 = VERTEX_POINT('',#19219);
#19219 = CARTESIAN_POINT('',(51.750001,2.499999,1.51));
#19220 = LINE('',#19221,#19222);
#19221 = CARTESIAN_POINT('',(51.750001,2.499999,1.51));
#19222 = VECTOR('',#19223,1.);
#19223 = DIRECTION('',(-1.,0.,0.));
#19224 = ORIENTED_EDGE('',*,*,#19225,.F.);
#19225 = EDGE_CURVE('',#19226,#19218,#19228,.T.);
#19226 = VERTEX_POINT('',#19227);
#19227 = CARTESIAN_POINT('',(52.485099640452,3.101237483453,1.51));
#19228 = CIRCLE('',#19229,0.75);
#19229 = AXIS2_PLACEMENT_3D('',#19230,#19231,#19232);
#19230 = CARTESIAN_POINT('',(51.750001,3.249999,1.51));
#19231 = DIRECTION('',(0.,0.,-1.));
#19232 = DIRECTION('',(0.,1.,0.));
#19233 = ORIENTED_EDGE('',*,*,#19234,.F.);
#19234 = EDGE_CURVE('',#19235,#19226,#19237,.T.);
#19235 = VERTEX_POINT('',#19236);
#19236 = CARTESIAN_POINT('',(53.437869,3.099999,1.51));
#19237 = LINE('',#19238,#19239);
#19238 = CARTESIAN_POINT('',(53.437869,3.099999,1.51));
#19239 = VECTOR('',#19240,1.);
#19240 = DIRECTION('',(-0.99999915516,1.299876401212E-03,0.));
#19241 = ORIENTED_EDGE('',*,*,#19242,.F.);
#19242 = EDGE_CURVE('',#19243,#19235,#19245,.T.);
#19243 = VERTEX_POINT('',#19244);
#19244 = CARTESIAN_POINT('',(53.900001,2.639791454235,1.51));
#19245 = LINE('',#19246,#19247);
#19246 = CARTESIAN_POINT('',(54.416666,2.125278,1.51));
#19247 = VECTOR('',#19248,1.);
#19248 = DIRECTION('',(-0.708580611562,0.705629872468,0.));
#19249 = ORIENTED_EDGE('',*,*,#19250,.F.);
#19250 = EDGE_CURVE('',#19251,#19243,#19253,.T.);
#19251 = VERTEX_POINT('',#19252);
#19252 = CARTESIAN_POINT('',(53.900001,1.799999,1.51));
#19253 = LINE('',#19254,#19255);
#19254 = CARTESIAN_POINT('',(53.900001,1.799999,1.51));
#19255 = VECTOR('',#19256,1.);
#19256 = DIRECTION('',(0.,1.,0.));
#19257 = ORIENTED_EDGE('',*,*,#19258,.F.);
#19258 = EDGE_CURVE('',#19259,#19251,#19261,.T.);
#19259 = VERTEX_POINT('',#19260);
#19260 = CARTESIAN_POINT('',(54.150001,1.549999,1.51));
#19261 = CIRCLE('',#19262,0.249998959685);
#19262 = AXIS2_PLACEMENT_3D('',#19263,#19264,#19265);
#19263 = CARTESIAN_POINT('',(54.149999959683,1.799997959683,1.51));
#19264 = DIRECTION('',(0.,0.,-1.));
#19265 = DIRECTION('',(4.161285837066E-06,-0.999999999991,0.));
#19266 = ORIENTED_EDGE('',*,*,#19267,.F.);
#19267 = EDGE_CURVE('',#19268,#19259,#19270,.T.);
#19268 = VERTEX_POINT('',#19269);
#19269 = CARTESIAN_POINT('',(54.850001,1.549999,1.51));
#19270 = LINE('',#19271,#19272);
#19271 = CARTESIAN_POINT('',(54.850001,1.549999,1.51));
#19272 = VECTOR('',#19273,1.);
#19273 = DIRECTION('',(-1.,0.,0.));
#19274 = ORIENTED_EDGE('',*,*,#19275,.F.);
#19275 = EDGE_CURVE('',#19276,#19268,#19278,.T.);
#19276 = VERTEX_POINT('',#19277);
#19277 = CARTESIAN_POINT('',(55.100001,1.799999,1.51));
#19278 = CIRCLE('',#19279,0.249998959685);
#19279 = AXIS2_PLACEMENT_3D('',#19280,#19281,#19282);
#19280 = CARTESIAN_POINT('',(54.850002040317,1.799997959683,1.51));
#19281 = DIRECTION('',(0.,0.,-1.));
#19282 = DIRECTION('',(0.999999999991,4.161285841507E-06,0.));
#19283 = ORIENTED_EDGE('',*,*,#19284,.F.);
#19284 = EDGE_CURVE('',#19285,#19276,#19287,.T.);
#19285 = VERTEX_POINT('',#19286);
#19286 = CARTESIAN_POINT('',(55.100001,2.699999,1.51));
#19287 = LINE('',#19288,#19289);
#19288 = CARTESIAN_POINT('',(55.100001,2.699999,1.51));
#19289 = VECTOR('',#19290,1.);
#19290 = DIRECTION('',(0.,-1.,0.));
#19291 = ORIENTED_EDGE('',*,*,#19292,.F.);
#19292 = EDGE_CURVE('',#19293,#19285,#19295,.T.);
#19293 = VERTEX_POINT('',#19294);
#19294 = CARTESIAN_POINT('',(54.850001,2.949999,1.51));
#19295 = CIRCLE('',#19296,0.249998959685);
#19296 = AXIS2_PLACEMENT_3D('',#19297,#19298,#19299);
#19297 = CARTESIAN_POINT('',(54.850002040317,2.700000040317,1.51));
#19298 = DIRECTION('',(0.,0.,-1.));
#19299 = DIRECTION('',(-4.161285837066E-06,0.999999999991,0.));
#19300 = ORIENTED_EDGE('',*,*,#19301,.F.);
#19301 = EDGE_CURVE('',#19302,#19293,#19304,.T.);
#19302 = VERTEX_POINT('',#19303);
#19303 = CARTESIAN_POINT('',(54.150001,2.949999,1.51));
#19304 = LINE('',#19305,#19306);
#19305 = CARTESIAN_POINT('',(54.150001,2.949999,1.51));
#19306 = VECTOR('',#19307,1.);
#19307 = DIRECTION('',(1.,0.,0.));
#19308 = ORIENTED_EDGE('',*,*,#19309,.F.);
#19309 = EDGE_CURVE('',#19310,#19302,#19312,.T.);
#19310 = VERTEX_POINT('',#19311);
#19311 = CARTESIAN_POINT('',(54.035710654756,2.922345345244,1.51));
#19312 = CIRCLE('',#19313,0.249998959685);
#19313 = AXIS2_PLACEMENT_3D('',#19314,#19315,#19316);
#19314 = CARTESIAN_POINT('',(54.149999959683,2.700000040317,1.51));
#19315 = DIRECTION('',(0.,0.,-1.));
#19316 = DIRECTION('',(-0.999999999991,-4.161285840619E-06,-0.));
#19317 = ORIENTED_EDGE('',*,*,#19318,.F.);
#19318 = EDGE_CURVE('',#19319,#19310,#19321,.T.);
#19319 = VERTEX_POINT('',#19320);
#19320 = CARTESIAN_POINT('',(53.583336,3.37472,1.51));
#19321 = LINE('',#19322,#19323);
#19322 = CARTESIAN_POINT('',(53.583336,3.37472,1.51));
#19323 = VECTOR('',#19324,1.);
#19324 = DIRECTION('',(0.707106781187,-0.707106781187,0.));
#19325 = ORIENTED_EDGE('',*,*,#19326,.F.);
#19326 = EDGE_CURVE('',#19327,#19319,#19329,.T.);
#19327 = VERTEX_POINT('',#19328);
#19328 = CARTESIAN_POINT('',(53.529265,3.397117,1.51));
#19329 = LINE('',#19330,#19331);
#19330 = CARTESIAN_POINT('',(53.529265,3.397117,1.51));
#19331 = VECTOR('',#19332,1.);
#19332 = DIRECTION('',(0.923879179303,-0.382684285085,0.));
#19333 = ORIENTED_EDGE('',*,*,#19334,.F.);
#19334 = EDGE_CURVE('',#19335,#19327,#19337,.T.);
#19335 = VERTEX_POINT('',#19336);
#19336 = CARTESIAN_POINT('',(52.485430326364,3.397117,1.51));
#19337 = LINE('',#19338,#19339);
#19338 = CARTESIAN_POINT('',(51.220737,3.397117,1.51));
#19339 = VECTOR('',#19340,1.);
#19340 = DIRECTION('',(1.,0.,0.));
#19341 = ORIENTED_EDGE('',*,*,#19342,.F.);
#19342 = EDGE_CURVE('',#19343,#19335,#19345,.T.);
#19343 = VERTEX_POINT('',#19344);
#19344 = CARTESIAN_POINT('',(51.750001,3.999999,1.51));
#19345 = CIRCLE('',#19346,0.75);
#19346 = AXIS2_PLACEMENT_3D('',#19347,#19348,#19349);
#19347 = CARTESIAN_POINT('',(51.750001,3.249999,1.51));
#19348 = DIRECTION('',(0.,0.,-1.));
#19349 = DIRECTION('',(0.,1.,0.));
#19350 = ORIENTED_EDGE('',*,*,#19351,.F.);
#19351 = EDGE_CURVE('',#19210,#19343,#19352,.T.);
#19352 = LINE('',#19353,#19354);
#19353 = CARTESIAN_POINT('',(50.000001,3.999999,1.51));
#19354 = VECTOR('',#19355,1.);
#19355 = DIRECTION('',(1.,0.,0.));
#19356 = PLANE('',#19357);
#19357 = AXIS2_PLACEMENT_3D('',#19358,#19359,#19360);
#19358 = CARTESIAN_POINT('',(0.,0.,1.51));
#19359 = DIRECTION('',(0.,0.,1.));
#19360 = DIRECTION('',(1.,0.,-0.));
#19361 = ADVANCED_FACE('',(#19362),#19387,.T.);
#19362 = FACE_BOUND('',#19363,.T.);
#19363 = EDGE_LOOP('',(#19364,#19372,#19380,#19386));
#19364 = ORIENTED_EDGE('',*,*,#19365,.T.);
#19365 = EDGE_CURVE('',#19208,#19366,#19368,.T.);
#19366 = VERTEX_POINT('',#19367);
#19367 = CARTESIAN_POINT('',(50.000001,2.499999,1.55));
#19368 = LINE('',#19369,#19370);
#19369 = CARTESIAN_POINT('',(50.000001,2.499999,1.51));
#19370 = VECTOR('',#19371,1.);
#19371 = DIRECTION('',(0.,0.,1.));
#19372 = ORIENTED_EDGE('',*,*,#19373,.T.);
#19373 = EDGE_CURVE('',#19366,#19374,#19376,.T.);
#19374 = VERTEX_POINT('',#19375);
#19375 = CARTESIAN_POINT('',(50.000001,3.999999,1.55));
#19376 = LINE('',#19377,#19378);
#19377 = CARTESIAN_POINT('',(50.000001,2.499999,1.55));
#19378 = VECTOR('',#19379,1.);
#19379 = DIRECTION('',(0.,1.,0.));
#19380 = ORIENTED_EDGE('',*,*,#19381,.F.);
#19381 = EDGE_CURVE('',#19210,#19374,#19382,.T.);
#19382 = LINE('',#19383,#19384);
#19383 = CARTESIAN_POINT('',(50.000001,3.999999,1.51));
#19384 = VECTOR('',#19385,1.);
#19385 = DIRECTION('',(0.,0.,1.));
#19386 = ORIENTED_EDGE('',*,*,#19207,.F.);
#19387 = PLANE('',#19388);
#19388 = AXIS2_PLACEMENT_3D('',#19389,#19390,#19391);
#19389 = CARTESIAN_POINT('',(50.000001,2.499999,1.51));
#19390 = DIRECTION('',(-1.,0.,0.));
#19391 = DIRECTION('',(0.,1.,0.));
#19392 = ADVANCED_FACE('',(#19393),#19411,.T.);
#19393 = FACE_BOUND('',#19394,.T.);
#19394 = EDGE_LOOP('',(#19395,#19396,#19404,#19410));
#19395 = ORIENTED_EDGE('',*,*,#19381,.T.);
#19396 = ORIENTED_EDGE('',*,*,#19397,.T.);
#19397 = EDGE_CURVE('',#19374,#19398,#19400,.T.);
#19398 = VERTEX_POINT('',#19399);
#19399 = CARTESIAN_POINT('',(51.750001,3.999999,1.55));
#19400 = LINE('',#19401,#19402);
#19401 = CARTESIAN_POINT('',(50.000001,3.999999,1.55));
#19402 = VECTOR('',#19403,1.);
#19403 = DIRECTION('',(1.,0.,0.));
#19404 = ORIENTED_EDGE('',*,*,#19405,.F.);
#19405 = EDGE_CURVE('',#19343,#19398,#19406,.T.);
#19406 = LINE('',#19407,#19408);
#19407 = CARTESIAN_POINT('',(51.750001,3.999999,1.51));
#19408 = VECTOR('',#19409,1.);
#19409 = DIRECTION('',(0.,0.,1.));
#19410 = ORIENTED_EDGE('',*,*,#19351,.F.);
#19411 = PLANE('',#19412);
#19412 = AXIS2_PLACEMENT_3D('',#19413,#19414,#19415);
#19413 = CARTESIAN_POINT('',(50.000001,3.999999,1.51));
#19414 = DIRECTION('',(0.,1.,0.));
#19415 = DIRECTION('',(1.,0.,0.));
#19416 = ADVANCED_FACE('',(#19417),#19460,.T.);
#19417 = FACE_BOUND('',#19418,.T.);
#19418 = EDGE_LOOP('',(#19419,#19420,#19421,#19430,#19436,#19437,#19445,
    #19454));
#19419 = ORIENTED_EDGE('',*,*,#19342,.F.);
#19420 = ORIENTED_EDGE('',*,*,#19405,.T.);
#19421 = ORIENTED_EDGE('',*,*,#19422,.T.);
#19422 = EDGE_CURVE('',#19398,#19423,#19425,.T.);
#19423 = VERTEX_POINT('',#19424);
#19424 = CARTESIAN_POINT('',(51.750001,2.499999,1.55));
#19425 = CIRCLE('',#19426,0.75);
#19426 = AXIS2_PLACEMENT_3D('',#19427,#19428,#19429);
#19427 = CARTESIAN_POINT('',(51.750001,3.249999,1.55));
#19428 = DIRECTION('',(0.,0.,-1.));
#19429 = DIRECTION('',(0.,1.,0.));
#19430 = ORIENTED_EDGE('',*,*,#19431,.F.);
#19431 = EDGE_CURVE('',#19218,#19423,#19432,.T.);
#19432 = LINE('',#19433,#19434);
#19433 = CARTESIAN_POINT('',(51.750001,2.499999,1.51));
#19434 = VECTOR('',#19435,1.);
#19435 = DIRECTION('',(0.,0.,1.));
#19436 = ORIENTED_EDGE('',*,*,#19225,.F.);
#19437 = ORIENTED_EDGE('',*,*,#19438,.F.);
#19438 = EDGE_CURVE('',#19439,#19226,#19441,.T.);
#19439 = VERTEX_POINT('',#19440);
#19440 = CARTESIAN_POINT('',(52.485099640452,3.101237483453,1.545));
#19441 = LINE('',#19442,#19443);
#19442 = CARTESIAN_POINT('',(52.485099640452,3.101237483453,1.51));
#19443 = VECTOR('',#19444,1.);
#19444 = DIRECTION('',(0.,0.,-1.));
#19445 = ORIENTED_EDGE('',*,*,#19446,.F.);
#19446 = EDGE_CURVE('',#19447,#19439,#19449,.T.);
#19447 = VERTEX_POINT('',#19448);
#19448 = CARTESIAN_POINT('',(52.485430326363,3.397117,1.545));
#19449 = CIRCLE('',#19450,0.75);
#19450 = AXIS2_PLACEMENT_3D('',#19451,#19452,#19453);
#19451 = CARTESIAN_POINT('',(51.750001,3.249999,1.545));
#19452 = DIRECTION('',(0.,0.,-1.));
#19453 = DIRECTION('',(0.,1.,0.));
#19454 = ORIENTED_EDGE('',*,*,#19455,.T.);
#19455 = EDGE_CURVE('',#19447,#19335,#19456,.T.);
#19456 = LINE('',#19457,#19458);
#19457 = CARTESIAN_POINT('',(52.485430326364,3.397117,1.51));
#19458 = VECTOR('',#19459,1.);
#19459 = DIRECTION('',(0.,0.,-1.));
#19460 = CYLINDRICAL_SURFACE('',#19461,0.75);
#19461 = AXIS2_PLACEMENT_3D('',#19462,#19463,#19464);
#19462 = CARTESIAN_POINT('',(51.750001,3.249999,1.51));
#19463 = DIRECTION('',(0.,0.,-1.));
#19464 = DIRECTION('',(0.,1.,0.));
#19465 = ADVANCED_FACE('',(#19466),#19477,.T.);
#19466 = FACE_BOUND('',#19467,.T.);
#19467 = EDGE_LOOP('',(#19468,#19469,#19475,#19476));
#19468 = ORIENTED_EDGE('',*,*,#19431,.T.);
#19469 = ORIENTED_EDGE('',*,*,#19470,.T.);
#19470 = EDGE_CURVE('',#19423,#19366,#19471,.T.);
#19471 = LINE('',#19472,#19473);
#19472 = CARTESIAN_POINT('',(51.750001,2.499999,1.55));
#19473 = VECTOR('',#19474,1.);
#19474 = DIRECTION('',(-1.,0.,0.));
#19475 = ORIENTED_EDGE('',*,*,#19365,.F.);
#19476 = ORIENTED_EDGE('',*,*,#19217,.F.);
#19477 = PLANE('',#19478);
#19478 = AXIS2_PLACEMENT_3D('',#19479,#19480,#19481);
#19479 = CARTESIAN_POINT('',(51.750001,2.499999,1.51));
#19480 = DIRECTION('',(0.,-1.,0.));
#19481 = DIRECTION('',(-1.,0.,0.));
#19482 = ADVANCED_FACE('',(#19483),#19501,.T.);
#19483 = FACE_BOUND('',#19484,.T.);
#19484 = EDGE_LOOP('',(#19485,#19486,#19487,#19495));
#19485 = ORIENTED_EDGE('',*,*,#19334,.F.);
#19486 = ORIENTED_EDGE('',*,*,#19455,.F.);
#19487 = ORIENTED_EDGE('',*,*,#19488,.T.);
#19488 = EDGE_CURVE('',#19447,#19489,#19491,.T.);
#19489 = VERTEX_POINT('',#19490);
#19490 = CARTESIAN_POINT('',(53.529265,3.397117,1.545));
#19491 = LINE('',#19492,#19493);
#19492 = CARTESIAN_POINT('',(51.220737,3.397117,1.545));
#19493 = VECTOR('',#19494,1.);
#19494 = DIRECTION('',(1.,0.,0.));
#19495 = ORIENTED_EDGE('',*,*,#19496,.F.);
#19496 = EDGE_CURVE('',#19327,#19489,#19497,.T.);
#19497 = LINE('',#19498,#19499);
#19498 = CARTESIAN_POINT('',(53.529265,3.397117,1.51));
#19499 = VECTOR('',#19500,1.);
#19500 = DIRECTION('',(0.,0.,1.));
#19501 = PLANE('',#19502);
#19502 = AXIS2_PLACEMENT_3D('',#19503,#19504,#19505);
#19503 = CARTESIAN_POINT('',(51.220737,3.397117,1.51));
#19504 = DIRECTION('',(0.,1.,0.));
#19505 = DIRECTION('',(1.,0.,0.));
#19506 = ADVANCED_FACE('',(#19507),#19525,.T.);
#19507 = FACE_BOUND('',#19508,.T.);
#19508 = EDGE_LOOP('',(#19509,#19510,#19518,#19524));
#19509 = ORIENTED_EDGE('',*,*,#19496,.T.);
#19510 = ORIENTED_EDGE('',*,*,#19511,.T.);
#19511 = EDGE_CURVE('',#19489,#19512,#19514,.T.);
#19512 = VERTEX_POINT('',#19513);
#19513 = CARTESIAN_POINT('',(53.583336,3.37472,1.545));
#19514 = LINE('',#19515,#19516);
#19515 = CARTESIAN_POINT('',(53.529265,3.397117,1.545));
#19516 = VECTOR('',#19517,1.);
#19517 = DIRECTION('',(0.923879179303,-0.382684285085,0.));
#19518 = ORIENTED_EDGE('',*,*,#19519,.F.);
#19519 = EDGE_CURVE('',#19319,#19512,#19520,.T.);
#19520 = LINE('',#19521,#19522);
#19521 = CARTESIAN_POINT('',(53.583336,3.37472,1.51));
#19522 = VECTOR('',#19523,1.);
#19523 = DIRECTION('',(0.,0.,1.));
#19524 = ORIENTED_EDGE('',*,*,#19326,.F.);
#19525 = PLANE('',#19526);
#19526 = AXIS2_PLACEMENT_3D('',#19527,#19528,#19529);
#19527 = CARTESIAN_POINT('',(53.529265,3.397117,1.51));
#19528 = DIRECTION('',(0.382684285085,0.923879179303,-0.));
#19529 = DIRECTION('',(0.923879179303,-0.382684285085,0.));
#19530 = ADVANCED_FACE('',(#19531),#19549,.T.);
#19531 = FACE_BOUND('',#19532,.T.);
#19532 = EDGE_LOOP('',(#19533,#19534,#19535,#19543));
#19533 = ORIENTED_EDGE('',*,*,#19318,.F.);
#19534 = ORIENTED_EDGE('',*,*,#19519,.T.);
#19535 = ORIENTED_EDGE('',*,*,#19536,.T.);
#19536 = EDGE_CURVE('',#19512,#19537,#19539,.T.);
#19537 = VERTEX_POINT('',#19538);
#19538 = CARTESIAN_POINT('',(54.035710654758,2.922345345242,1.545));
#19539 = LINE('',#19540,#19541);
#19540 = CARTESIAN_POINT('',(53.583336,3.37472,1.545));
#19541 = VECTOR('',#19542,1.);
#19542 = DIRECTION('',(0.707106781187,-0.707106781187,0.));
#19543 = ORIENTED_EDGE('',*,*,#19544,.T.);
#19544 = EDGE_CURVE('',#19537,#19310,#19545,.T.);
#19545 = LINE('',#19546,#19547);
#19546 = CARTESIAN_POINT('',(54.035710654756,2.922345345244,1.51));
#19547 = VECTOR('',#19548,1.);
#19548 = DIRECTION('',(0.,0.,-1.));
#19549 = PLANE('',#19550);
#19550 = AXIS2_PLACEMENT_3D('',#19551,#19552,#19553);
#19551 = CARTESIAN_POINT('',(53.583336,3.37472,1.51));
#19552 = DIRECTION('',(0.707106781187,0.707106781187,-0.));
#19553 = DIRECTION('',(0.707106781187,-0.707106781187,0.));
#19554 = ADVANCED_FACE('',(#19555),#19580,.T.);
#19555 = FACE_BOUND('',#19556,.T.);
#19556 = EDGE_LOOP('',(#19557,#19558,#19566,#19574));
#19557 = ORIENTED_EDGE('',*,*,#19242,.F.);
#19558 = ORIENTED_EDGE('',*,*,#19559,.F.);
#19559 = EDGE_CURVE('',#19560,#19243,#19562,.T.);
#19560 = VERTEX_POINT('',#19561);
#19561 = CARTESIAN_POINT('',(53.900001,2.639791454235,1.545));
#19562 = LINE('',#19563,#19564);
#19563 = CARTESIAN_POINT('',(53.900001,2.639791454235,1.51));
#19564 = VECTOR('',#19565,1.);
#19565 = DIRECTION('',(-0.,0.,-1.));
#19566 = ORIENTED_EDGE('',*,*,#19567,.T.);
#19567 = EDGE_CURVE('',#19560,#19568,#19570,.T.);
#19568 = VERTEX_POINT('',#19569);
#19569 = CARTESIAN_POINT('',(53.437869,3.099999,1.545));
#19570 = LINE('',#19571,#19572);
#19571 = CARTESIAN_POINT('',(54.416666,2.125278,1.545));
#19572 = VECTOR('',#19573,1.);
#19573 = DIRECTION('',(-0.708580611562,0.705629872468,0.));
#19574 = ORIENTED_EDGE('',*,*,#19575,.F.);
#19575 = EDGE_CURVE('',#19235,#19568,#19576,.T.);
#19576 = LINE('',#19577,#19578);
#19577 = CARTESIAN_POINT('',(53.437869,3.099999,1.51));
#19578 = VECTOR('',#19579,1.);
#19579 = DIRECTION('',(0.,0.,1.));
#19580 = PLANE('',#19581);
#19581 = AXIS2_PLACEMENT_3D('',#19582,#19583,#19584);
#19582 = CARTESIAN_POINT('',(54.416666,2.125278,1.51));
#19583 = DIRECTION('',(-0.705629872468,-0.708580611562,0.));
#19584 = DIRECTION('',(-0.708580611562,0.705629872468,0.));
#19585 = ADVANCED_FACE('',(#19586),#19597,.T.);
#19586 = FACE_BOUND('',#19587,.T.);
#19587 = EDGE_LOOP('',(#19588,#19589,#19590,#19596));
#19588 = ORIENTED_EDGE('',*,*,#19234,.F.);
#19589 = ORIENTED_EDGE('',*,*,#19575,.T.);
#19590 = ORIENTED_EDGE('',*,*,#19591,.T.);
#19591 = EDGE_CURVE('',#19568,#19439,#19592,.T.);
#19592 = LINE('',#19593,#19594);
#19593 = CARTESIAN_POINT('',(53.437869,3.099999,1.545));
#19594 = VECTOR('',#19595,1.);
#19595 = DIRECTION('',(-0.99999915516,1.299876401212E-03,0.));
#19596 = ORIENTED_EDGE('',*,*,#19438,.T.);
#19597 = PLANE('',#19598);
#19598 = AXIS2_PLACEMENT_3D('',#19599,#19600,#19601);
#19599 = CARTESIAN_POINT('',(53.437869,3.099999,1.51));
#19600 = DIRECTION('',(-1.299876401212E-03,-0.99999915516,0.));
#19601 = DIRECTION('',(-0.99999915516,1.299876401212E-03,0.));
#19602 = ADVANCED_FACE('',(#19603),#19609,.T.);
#19603 = FACE_BOUND('',#19604,.F.);
#19604 = EDGE_LOOP('',(#19605,#19606,#19607,#19608));
#19605 = ORIENTED_EDGE('',*,*,#19373,.T.);
#19606 = ORIENTED_EDGE('',*,*,#19397,.T.);
#19607 = ORIENTED_EDGE('',*,*,#19422,.T.);
#19608 = ORIENTED_EDGE('',*,*,#19470,.T.);
#19609 = PLANE('',#19610);
#19610 = AXIS2_PLACEMENT_3D('',#19611,#19612,#19613);
#19611 = CARTESIAN_POINT('',(0.,0.,1.55));
#19612 = DIRECTION('',(0.,0.,1.));
#19613 = DIRECTION('',(1.,0.,-0.));
#19614 = ADVANCED_FACE('',(#19615),#19638,.T.);
#19615 = FACE_BOUND('',#19616,.T.);
#19616 = EDGE_LOOP('',(#19617,#19618,#19619,#19620,#19628,#19635,#19636,
    #19637));
#19617 = ORIENTED_EDGE('',*,*,#19446,.T.);
#19618 = ORIENTED_EDGE('',*,*,#19591,.F.);
#19619 = ORIENTED_EDGE('',*,*,#19567,.F.);
#19620 = ORIENTED_EDGE('',*,*,#19621,.F.);
#19621 = EDGE_CURVE('',#19622,#19560,#19624,.T.);
#19622 = VERTEX_POINT('',#19623);
#19623 = CARTESIAN_POINT('',(53.900001,2.699999,1.545));
#19624 = LINE('',#19625,#19626);
#19625 = CARTESIAN_POINT('',(53.900001,0.8999995,1.545));
#19626 = VECTOR('',#19627,1.);
#19627 = DIRECTION('',(0.,-1.,0.));
#19628 = ORIENTED_EDGE('',*,*,#19629,.T.);
#19629 = EDGE_CURVE('',#19622,#19537,#19630,.T.);
#19630 = CIRCLE('',#19631,0.249998959685);
#19631 = AXIS2_PLACEMENT_3D('',#19632,#19633,#19634);
#19632 = CARTESIAN_POINT('',(54.149999959683,2.700000040317,1.545));
#19633 = DIRECTION('',(0.,0.,-1.));
#19634 = DIRECTION('',(-0.999999999991,-4.161285840619E-06,-0.));
#19635 = ORIENTED_EDGE('',*,*,#19536,.F.);
#19636 = ORIENTED_EDGE('',*,*,#19511,.F.);
#19637 = ORIENTED_EDGE('',*,*,#19488,.F.);
#19638 = PLANE('',#19639);
#19639 = AXIS2_PLACEMENT_3D('',#19640,#19641,#19642);
#19640 = CARTESIAN_POINT('',(0.,0.,1.545));
#19641 = DIRECTION('',(0.,0.,1.));
#19642 = DIRECTION('',(1.,0.,-0.));
#19643 = ADVANCED_FACE('',(#19644),#19672,.T.);
#19644 = FACE_BOUND('',#19645,.T.);
#19645 = EDGE_LOOP('',(#19646,#19647,#19655,#19664,#19670,#19671));
#19646 = ORIENTED_EDGE('',*,*,#19629,.F.);
#19647 = ORIENTED_EDGE('',*,*,#19648,.T.);
#19648 = EDGE_CURVE('',#19622,#19649,#19651,.T.);
#19649 = VERTEX_POINT('',#19650);
#19650 = CARTESIAN_POINT('',(53.900001,2.699999,1.55));
#19651 = LINE('',#19652,#19653);
#19652 = CARTESIAN_POINT('',(53.900001,2.699999,1.51));
#19653 = VECTOR('',#19654,1.);
#19654 = DIRECTION('',(0.,0.,1.));
#19655 = ORIENTED_EDGE('',*,*,#19656,.T.);
#19656 = EDGE_CURVE('',#19649,#19657,#19659,.T.);
#19657 = VERTEX_POINT('',#19658);
#19658 = CARTESIAN_POINT('',(54.150001,2.949999,1.55));
#19659 = CIRCLE('',#19660,0.249998959685);
#19660 = AXIS2_PLACEMENT_3D('',#19661,#19662,#19663);
#19661 = CARTESIAN_POINT('',(54.149999959683,2.700000040317,1.55));
#19662 = DIRECTION('',(0.,0.,-1.));
#19663 = DIRECTION('',(-0.999999999991,-4.161285840619E-06,-0.));
#19664 = ORIENTED_EDGE('',*,*,#19665,.F.);
#19665 = EDGE_CURVE('',#19302,#19657,#19666,.T.);
#19666 = LINE('',#19667,#19668);
#19667 = CARTESIAN_POINT('',(54.150001,2.949999,1.51));
#19668 = VECTOR('',#19669,1.);
#19669 = DIRECTION('',(0.,0.,1.));
#19670 = ORIENTED_EDGE('',*,*,#19309,.F.);
#19671 = ORIENTED_EDGE('',*,*,#19544,.F.);
#19672 = CYLINDRICAL_SURFACE('',#19673,0.249998959685);
#19673 = AXIS2_PLACEMENT_3D('',#19674,#19675,#19676);
#19674 = CARTESIAN_POINT('',(54.149999959683,2.700000040317,1.51));
#19675 = DIRECTION('',(0.,0.,-1.));
#19676 = DIRECTION('',(-0.999999999991,-4.161285840619E-06,-0.));
#19677 = ADVANCED_FACE('',(#19678),#19698,.T.);
#19678 = FACE_BOUND('',#19679,.T.);
#19679 = EDGE_LOOP('',(#19680,#19681,#19689,#19695,#19696,#19697));
#19680 = ORIENTED_EDGE('',*,*,#19250,.F.);
#19681 = ORIENTED_EDGE('',*,*,#19682,.T.);
#19682 = EDGE_CURVE('',#19251,#19683,#19685,.T.);
#19683 = VERTEX_POINT('',#19684);
#19684 = CARTESIAN_POINT('',(53.900001,1.799999,1.55));
#19685 = LINE('',#19686,#19687);
#19686 = CARTESIAN_POINT('',(53.900001,1.799999,1.51));
#19687 = VECTOR('',#19688,1.);
#19688 = DIRECTION('',(0.,0.,1.));
#19689 = ORIENTED_EDGE('',*,*,#19690,.T.);
#19690 = EDGE_CURVE('',#19683,#19649,#19691,.T.);
#19691 = LINE('',#19692,#19693);
#19692 = CARTESIAN_POINT('',(53.900001,1.799999,1.55));
#19693 = VECTOR('',#19694,1.);
#19694 = DIRECTION('',(0.,1.,0.));
#19695 = ORIENTED_EDGE('',*,*,#19648,.F.);
#19696 = ORIENTED_EDGE('',*,*,#19621,.T.);
#19697 = ORIENTED_EDGE('',*,*,#19559,.T.);
#19698 = PLANE('',#19699);
#19699 = AXIS2_PLACEMENT_3D('',#19700,#19701,#19702);
#19700 = CARTESIAN_POINT('',(53.900001,1.799999,1.51));
#19701 = DIRECTION('',(-1.,0.,0.));
#19702 = DIRECTION('',(0.,1.,0.));
#19703 = ADVANCED_FACE('',(#19704),#19722,.T.);
#19704 = FACE_BOUND('',#19705,.T.);
#19705 = EDGE_LOOP('',(#19706,#19707,#19715,#19721));
#19706 = ORIENTED_EDGE('',*,*,#19665,.T.);
#19707 = ORIENTED_EDGE('',*,*,#19708,.T.);
#19708 = EDGE_CURVE('',#19657,#19709,#19711,.T.);
#19709 = VERTEX_POINT('',#19710);
#19710 = CARTESIAN_POINT('',(54.850001,2.949999,1.55));
#19711 = LINE('',#19712,#19713);
#19712 = CARTESIAN_POINT('',(54.150001,2.949999,1.55));
#19713 = VECTOR('',#19714,1.);
#19714 = DIRECTION('',(1.,0.,0.));
#19715 = ORIENTED_EDGE('',*,*,#19716,.F.);
#19716 = EDGE_CURVE('',#19293,#19709,#19717,.T.);
#19717 = LINE('',#19718,#19719);
#19718 = CARTESIAN_POINT('',(54.850001,2.949999,1.51));
#19719 = VECTOR('',#19720,1.);
#19720 = DIRECTION('',(0.,0.,1.));
#19721 = ORIENTED_EDGE('',*,*,#19301,.F.);
#19722 = PLANE('',#19723);
#19723 = AXIS2_PLACEMENT_3D('',#19724,#19725,#19726);
#19724 = CARTESIAN_POINT('',(54.150001,2.949999,1.51));
#19725 = DIRECTION('',(0.,1.,0.));
#19726 = DIRECTION('',(1.,0.,0.));
#19727 = ADVANCED_FACE('',(#19728),#19774,.T.);
#19728 = FACE_BOUND('',#19729,.F.);
#19729 = EDGE_LOOP('',(#19730,#19731,#19732,#19741,#19749,#19758,#19766,
    #19773));
#19730 = ORIENTED_EDGE('',*,*,#19656,.T.);
#19731 = ORIENTED_EDGE('',*,*,#19708,.T.);
#19732 = ORIENTED_EDGE('',*,*,#19733,.T.);
#19733 = EDGE_CURVE('',#19709,#19734,#19736,.T.);
#19734 = VERTEX_POINT('',#19735);
#19735 = CARTESIAN_POINT('',(55.100001,2.699999,1.55));
#19736 = CIRCLE('',#19737,0.249998959685);
#19737 = AXIS2_PLACEMENT_3D('',#19738,#19739,#19740);
#19738 = CARTESIAN_POINT('',(54.850002040317,2.700000040317,1.55));
#19739 = DIRECTION('',(0.,0.,-1.));
#19740 = DIRECTION('',(-4.161285837066E-06,0.999999999991,0.));
#19741 = ORIENTED_EDGE('',*,*,#19742,.T.);
#19742 = EDGE_CURVE('',#19734,#19743,#19745,.T.);
#19743 = VERTEX_POINT('',#19744);
#19744 = CARTESIAN_POINT('',(55.100001,1.799999,1.55));
#19745 = LINE('',#19746,#19747);
#19746 = CARTESIAN_POINT('',(55.100001,2.699999,1.55));
#19747 = VECTOR('',#19748,1.);
#19748 = DIRECTION('',(0.,-1.,0.));
#19749 = ORIENTED_EDGE('',*,*,#19750,.T.);
#19750 = EDGE_CURVE('',#19743,#19751,#19753,.T.);
#19751 = VERTEX_POINT('',#19752);
#19752 = CARTESIAN_POINT('',(54.850001,1.549999,1.55));
#19753 = CIRCLE('',#19754,0.249998959685);
#19754 = AXIS2_PLACEMENT_3D('',#19755,#19756,#19757);
#19755 = CARTESIAN_POINT('',(54.850002040317,1.799997959683,1.55));
#19756 = DIRECTION('',(0.,0.,-1.));
#19757 = DIRECTION('',(0.999999999991,4.161285841507E-06,0.));
#19758 = ORIENTED_EDGE('',*,*,#19759,.T.);
#19759 = EDGE_CURVE('',#19751,#19760,#19762,.T.);
#19760 = VERTEX_POINT('',#19761);
#19761 = CARTESIAN_POINT('',(54.150001,1.549999,1.55));
#19762 = LINE('',#19763,#19764);
#19763 = CARTESIAN_POINT('',(54.850001,1.549999,1.55));
#19764 = VECTOR('',#19765,1.);
#19765 = DIRECTION('',(-1.,0.,0.));
#19766 = ORIENTED_EDGE('',*,*,#19767,.T.);
#19767 = EDGE_CURVE('',#19760,#19683,#19768,.T.);
#19768 = CIRCLE('',#19769,0.249998959685);
#19769 = AXIS2_PLACEMENT_3D('',#19770,#19771,#19772);
#19770 = CARTESIAN_POINT('',(54.149999959683,1.799997959683,1.55));
#19771 = DIRECTION('',(0.,0.,-1.));
#19772 = DIRECTION('',(4.161285837066E-06,-0.999999999991,0.));
#19773 = ORIENTED_EDGE('',*,*,#19690,.T.);
#19774 = PLANE('',#19775);
#19775 = AXIS2_PLACEMENT_3D('',#19776,#19777,#19778);
#19776 = CARTESIAN_POINT('',(0.,0.,1.55));
#19777 = DIRECTION('',(0.,0.,1.));
#19778 = DIRECTION('',(1.,0.,-0.));
#19779 = ADVANCED_FACE('',(#19780),#19791,.T.);
#19780 = FACE_BOUND('',#19781,.T.);
#19781 = EDGE_LOOP('',(#19782,#19783,#19784,#19790));
#19782 = ORIENTED_EDGE('',*,*,#19716,.T.);
#19783 = ORIENTED_EDGE('',*,*,#19733,.T.);
#19784 = ORIENTED_EDGE('',*,*,#19785,.F.);
#19785 = EDGE_CURVE('',#19285,#19734,#19786,.T.);
#19786 = LINE('',#19787,#19788);
#19787 = CARTESIAN_POINT('',(55.100001,2.699999,1.51));
#19788 = VECTOR('',#19789,1.);
#19789 = DIRECTION('',(0.,0.,1.));
#19790 = ORIENTED_EDGE('',*,*,#19292,.F.);
#19791 = CYLINDRICAL_SURFACE('',#19792,0.249998959685);
#19792 = AXIS2_PLACEMENT_3D('',#19793,#19794,#19795);
#19793 = CARTESIAN_POINT('',(54.850002040317,2.700000040317,1.51));
#19794 = DIRECTION('',(0.,0.,-1.));
#19795 = DIRECTION('',(-4.161285837066E-06,0.999999999991,0.));
#19796 = ADVANCED_FACE('',(#19797),#19808,.T.);
#19797 = FACE_BOUND('',#19798,.T.);
#19798 = EDGE_LOOP('',(#19799,#19800,#19801,#19807));
#19799 = ORIENTED_EDGE('',*,*,#19785,.T.);
#19800 = ORIENTED_EDGE('',*,*,#19742,.T.);
#19801 = ORIENTED_EDGE('',*,*,#19802,.F.);
#19802 = EDGE_CURVE('',#19276,#19743,#19803,.T.);
#19803 = LINE('',#19804,#19805);
#19804 = CARTESIAN_POINT('',(55.100001,1.799999,1.51));
#19805 = VECTOR('',#19806,1.);
#19806 = DIRECTION('',(0.,0.,1.));
#19807 = ORIENTED_EDGE('',*,*,#19284,.F.);
#19808 = PLANE('',#19809);
#19809 = AXIS2_PLACEMENT_3D('',#19810,#19811,#19812);
#19810 = CARTESIAN_POINT('',(55.100001,2.699999,1.51));
#19811 = DIRECTION('',(1.,0.,-0.));
#19812 = DIRECTION('',(0.,-1.,0.));
#19813 = ADVANCED_FACE('',(#19814),#19825,.T.);
#19814 = FACE_BOUND('',#19815,.T.);
#19815 = EDGE_LOOP('',(#19816,#19817,#19818,#19824));
#19816 = ORIENTED_EDGE('',*,*,#19802,.T.);
#19817 = ORIENTED_EDGE('',*,*,#19750,.T.);
#19818 = ORIENTED_EDGE('',*,*,#19819,.F.);
#19819 = EDGE_CURVE('',#19268,#19751,#19820,.T.);
#19820 = LINE('',#19821,#19822);
#19821 = CARTESIAN_POINT('',(54.850001,1.549999,1.51));
#19822 = VECTOR('',#19823,1.);
#19823 = DIRECTION('',(0.,0.,1.));
#19824 = ORIENTED_EDGE('',*,*,#19275,.F.);
#19825 = CYLINDRICAL_SURFACE('',#19826,0.249998959685);
#19826 = AXIS2_PLACEMENT_3D('',#19827,#19828,#19829);
#19827 = CARTESIAN_POINT('',(54.850002040317,1.799997959683,1.51));
#19828 = DIRECTION('',(0.,0.,-1.));
#19829 = DIRECTION('',(0.999999999991,4.161285841507E-06,0.));
#19830 = ADVANCED_FACE('',(#19831),#19842,.T.);
#19831 = FACE_BOUND('',#19832,.T.);
#19832 = EDGE_LOOP('',(#19833,#19834,#19835,#19841));
#19833 = ORIENTED_EDGE('',*,*,#19819,.T.);
#19834 = ORIENTED_EDGE('',*,*,#19759,.T.);
#19835 = ORIENTED_EDGE('',*,*,#19836,.F.);
#19836 = EDGE_CURVE('',#19259,#19760,#19837,.T.);
#19837 = LINE('',#19838,#19839);
#19838 = CARTESIAN_POINT('',(54.150001,1.549999,1.51));
#19839 = VECTOR('',#19840,1.);
#19840 = DIRECTION('',(0.,0.,1.));
#19841 = ORIENTED_EDGE('',*,*,#19267,.F.);
#19842 = PLANE('',#19843);
#19843 = AXIS2_PLACEMENT_3D('',#19844,#19845,#19846);
#19844 = CARTESIAN_POINT('',(54.850001,1.549999,1.51));
#19845 = DIRECTION('',(0.,-1.,0.));
#19846 = DIRECTION('',(-1.,0.,0.));
#19847 = ADVANCED_FACE('',(#19848),#19854,.T.);
#19848 = FACE_BOUND('',#19849,.T.);
#19849 = EDGE_LOOP('',(#19850,#19851,#19852,#19853));
#19850 = ORIENTED_EDGE('',*,*,#19836,.T.);
#19851 = ORIENTED_EDGE('',*,*,#19767,.T.);
#19852 = ORIENTED_EDGE('',*,*,#19682,.F.);
#19853 = ORIENTED_EDGE('',*,*,#19258,.F.);
#19854 = CYLINDRICAL_SURFACE('',#19855,0.249998959685);
#19855 = AXIS2_PLACEMENT_3D('',#19856,#19857,#19858);
#19856 = CARTESIAN_POINT('',(54.149999959683,1.799997959683,1.51));
#19857 = DIRECTION('',(0.,0.,-1.));
#19858 = DIRECTION('',(4.161285837066E-06,-0.999999999991,0.));
#19859 = ( GEOMETRIC_REPRESENTATION_CONTEXT(3) 
GLOBAL_UNCERTAINTY_ASSIGNED_CONTEXT((#19863)) 
GLOBAL_UNIT_ASSIGNED_CONTEXT((#19860,#19861,#19862)) 
REPRESENTATION_CONTEXT('Context #1',
  '3D Context with UNIT and UNCERTAINTY') );
#19860 = ( LENGTH_UNIT() NAMED_UNIT(*) SI_UNIT(.MILLI.,.METRE.) );
#19861 = ( NAMED_UNIT(*) PLANE_ANGLE_UNIT() SI_UNIT($,.RADIAN.) );
#19862 = ( NAMED_UNIT(*) SI_UNIT($,.STERADIAN.) SOLID_ANGLE_UNIT() );
#19863 = UNCERTAINTY_MEASURE_WITH_UNIT(LENGTH_MEASURE(1.E-07),#19860,
  'distance_accuracy_value','confusion accuracy');
#19864 = CONTEXT_DEPENDENT_SHAPE_REPRESENTATION(#19865,#19867);
#19865 = ( REPRESENTATION_RELATIONSHIP('','',#1704,#10) 
REPRESENTATION_RELATIONSHIP_WITH_TRANSFORMATION(#19866) 
SHAPE_REPRESENTATION_RELATIONSHIP() );
#19866 = ITEM_DEFINED_TRANSFORMATION('','',#11,#31);
#19867 = PRODUCT_DEFINITION_SHAPE('Placement','Placement of an item',
  #19868);
#19868 = NEXT_ASSEMBLY_USAGE_OCCURRENCE('5','=>[0:1:1:4]','',#5,#1699,$
  );
#19869 = PRODUCT_RELATED_PRODUCT_CATEGORY('part',$,(#1701));
#19870 = SHAPE_DEFINITION_REPRESENTATION(#19871,#19877);
#19871 = PRODUCT_DEFINITION_SHAPE('','',#19872);
#19872 = PRODUCT_DEFINITION('design','',#19873,#19876);
#19873 = PRODUCT_DEFINITION_FORMATION('','',#19874);
#19874 = PRODUCT('Seite_v4.3_PCB','Seite_v4.3_PCB','',(#19875));
#19875 = PRODUCT_CONTEXT('',#2,'mechanical');
#19876 = PRODUCT_DEFINITION_CONTEXT('part definition',#2,'design');
#19877 = ADVANCED_BREP_SHAPE_REPRESENTATION('',(#11,#19878),#20948);
#19878 = MANIFOLD_SOLID_BREP('',#19879);
#19879 = CLOSED_SHELL('',(#19880,#19922,#19953,#19984,#20256,#20528,
    #20545,#20562,#20579,#20596,#20608,#20625,#20642,#20659,#20676,
    #20693,#20710,#20727,#20744,#20761,#20778,#20795,#20812,#20829,
    #20846,#20863,#20880,#20897,#20914,#20931));
#19880 = ADVANCED_FACE('',(#19881),#19917,.T.);
#19881 = FACE_BOUND('',#19882,.T.);
#19882 = EDGE_LOOP('',(#19883,#19893,#19902,#19910));
#19883 = ORIENTED_EDGE('',*,*,#19884,.T.);
#19884 = EDGE_CURVE('',#19885,#19887,#19889,.T.);
#19885 = VERTEX_POINT('',#19886);
#19886 = CARTESIAN_POINT('',(73.000002,12.499999,0.));
#19887 = VERTEX_POINT('',#19888);
#19888 = CARTESIAN_POINT('',(73.000002,12.499999,1.51));
#19889 = LINE('',#19890,#19891);
#19890 = CARTESIAN_POINT('',(73.000002,12.499999,0.));
#19891 = VECTOR('',#19892,1.);
#19892 = DIRECTION('',(0.,0.,1.));
#19893 = ORIENTED_EDGE('',*,*,#19894,.T.);
#19894 = EDGE_CURVE('',#19887,#19895,#19897,.T.);
#19895 = VERTEX_POINT('',#19896);
#19896 = CARTESIAN_POINT('',(75.,10.499999,1.51));
#19897 = CIRCLE('',#19898,1.999998505849);
#19898 = AXIS2_PLACEMENT_3D('',#19899,#19900,#19901);
#19899 = CARTESIAN_POINT('',(73.000001494151,10.500000494151,1.51));
#19900 = DIRECTION('',(0.,0.,-1.));
#19901 = DIRECTION('',(2.529245761655E-07,1.,0.));
#19902 = ORIENTED_EDGE('',*,*,#19903,.F.);
#19903 = EDGE_CURVE('',#19904,#19895,#19906,.T.);
#19904 = VERTEX_POINT('',#19905);
#19905 = CARTESIAN_POINT('',(75.,10.499999,0.));
#19906 = LINE('',#19907,#19908);
#19907 = CARTESIAN_POINT('',(75.,10.499999,0.));
#19908 = VECTOR('',#19909,1.);
#19909 = DIRECTION('',(0.,0.,1.));
#19910 = ORIENTED_EDGE('',*,*,#19911,.F.);
#19911 = EDGE_CURVE('',#19885,#19904,#19912,.T.);
#19912 = CIRCLE('',#19913,1.999998505849);
#19913 = AXIS2_PLACEMENT_3D('',#19914,#19915,#19916);
#19914 = CARTESIAN_POINT('',(73.000001494151,10.500000494151,0.));
#19915 = DIRECTION('',(0.,0.,-1.));
#19916 = DIRECTION('',(2.529245761655E-07,1.,0.));
#19917 = CYLINDRICAL_SURFACE('',#19918,1.999998505849);
#19918 = AXIS2_PLACEMENT_3D('',#19919,#19920,#19921);
#19919 = CARTESIAN_POINT('',(73.000001494151,10.500000494151,0.));
#19920 = DIRECTION('',(0.,0.,-1.));
#19921 = DIRECTION('',(2.529245761655E-07,1.,0.));
#19922 = ADVANCED_FACE('',(#19923),#19948,.T.);
#19923 = FACE_BOUND('',#19924,.T.);
#19924 = EDGE_LOOP('',(#19925,#19935,#19941,#19942));
#19925 = ORIENTED_EDGE('',*,*,#19926,.T.);
#19926 = EDGE_CURVE('',#19927,#19929,#19931,.T.);
#19927 = VERTEX_POINT('',#19928);
#19928 = CARTESIAN_POINT('',(-73.,12.499999,0.));
#19929 = VERTEX_POINT('',#19930);
#19930 = CARTESIAN_POINT('',(-73.,12.499999,1.51));
#19931 = LINE('',#19932,#19933);
#19932 = CARTESIAN_POINT('',(-73.,12.499999,0.));
#19933 = VECTOR('',#19934,1.);
#19934 = DIRECTION('',(0.,0.,1.));
#19935 = ORIENTED_EDGE('',*,*,#19936,.T.);
#19936 = EDGE_CURVE('',#19929,#19887,#19937,.T.);
#19937 = LINE('',#19938,#19939);
#19938 = CARTESIAN_POINT('',(-73.,12.499999,1.51));
#19939 = VECTOR('',#19940,1.);
#19940 = DIRECTION('',(1.,0.,0.));
#19941 = ORIENTED_EDGE('',*,*,#19884,.F.);
#19942 = ORIENTED_EDGE('',*,*,#19943,.F.);
#19943 = EDGE_CURVE('',#19927,#19885,#19944,.T.);
#19944 = LINE('',#19945,#19946);
#19945 = CARTESIAN_POINT('',(-73.,12.499999,0.));
#19946 = VECTOR('',#19947,1.);
#19947 = DIRECTION('',(1.,0.,0.));
#19948 = PLANE('',#19949);
#19949 = AXIS2_PLACEMENT_3D('',#19950,#19951,#19952);
#19950 = CARTESIAN_POINT('',(-73.,12.499999,0.));
#19951 = DIRECTION('',(0.,1.,0.));
#19952 = DIRECTION('',(1.,0.,0.));
#19953 = ADVANCED_FACE('',(#19954),#19979,.T.);
#19954 = FACE_BOUND('',#19955,.T.);
#19955 = EDGE_LOOP('',(#19956,#19957,#19965,#19973));
#19956 = ORIENTED_EDGE('',*,*,#19903,.T.);
#19957 = ORIENTED_EDGE('',*,*,#19958,.T.);
#19958 = EDGE_CURVE('',#19895,#19959,#19961,.T.);
#19959 = VERTEX_POINT('',#19960);
#19960 = CARTESIAN_POINT('',(75.,1.999999,1.51));
#19961 = LINE('',#19962,#19963);
#19962 = CARTESIAN_POINT('',(75.,10.499999,1.51));
#19963 = VECTOR('',#19964,1.);
#19964 = DIRECTION('',(0.,-1.,0.));
#19965 = ORIENTED_EDGE('',*,*,#19966,.F.);
#19966 = EDGE_CURVE('',#19967,#19959,#19969,.T.);
#19967 = VERTEX_POINT('',#19968);
#19968 = CARTESIAN_POINT('',(75.,1.999999,0.));
#19969 = LINE('',#19970,#19971);
#19970 = CARTESIAN_POINT('',(75.,1.999999,0.));
#19971 = VECTOR('',#19972,1.);
#19972 = DIRECTION('',(0.,0.,1.));
#19973 = ORIENTED_EDGE('',*,*,#19974,.F.);
#19974 = EDGE_CURVE('',#19904,#19967,#19975,.T.);
#19975 = LINE('',#19976,#19977);
#19976 = CARTESIAN_POINT('',(75.,10.499999,0.));
#19977 = VECTOR('',#19978,1.);
#19978 = DIRECTION('',(0.,-1.,0.));
#19979 = PLANE('',#19980);
#19980 = AXIS2_PLACEMENT_3D('',#19981,#19982,#19983);
#19981 = CARTESIAN_POINT('',(75.,10.499999,0.));
#19982 = DIRECTION('',(1.,0.,-0.));
#19983 = DIRECTION('',(0.,-1.,0.));
#19984 = ADVANCED_FACE('',(#19985,#20031,#20042,#20053,#20064,#20075,
    #20086,#20097,#20108,#20119,#20130,#20141,#20152,#20163,#20174,
    #20185,#20196,#20207,#20218,#20229,#20240),#20251,.F.);
#19985 = FACE_BOUND('',#19986,.F.);
#19986 = EDGE_LOOP('',(#19987,#19988,#19989,#19998,#20006,#20015,#20023,
    #20030));
#19987 = ORIENTED_EDGE('',*,*,#19911,.F.);
#19988 = ORIENTED_EDGE('',*,*,#19943,.F.);
#19989 = ORIENTED_EDGE('',*,*,#19990,.F.);
#19990 = EDGE_CURVE('',#19991,#19927,#19993,.T.);
#19991 = VERTEX_POINT('',#19992);
#19992 = CARTESIAN_POINT('',(-74.999999,10.5,0.));
#19993 = CIRCLE('',#19994,2.000001920069);
#19994 = AXIS2_PLACEMENT_3D('',#19995,#19996,#19997);
#19995 = CARTESIAN_POINT('',(-72.99999707993,10.499997079933,0.));
#19996 = DIRECTION('',(0.,0.,-1.));
#19997 = DIRECTION('',(-0.999999999999,1.460032093312E-06,0.));
#19998 = ORIENTED_EDGE('',*,*,#19999,.F.);
#19999 = EDGE_CURVE('',#20000,#19991,#20002,.T.);
#20000 = VERTEX_POINT('',#20001);
#20001 = CARTESIAN_POINT('',(-74.999999,1.999999,0.));
#20002 = LINE('',#20003,#20004);
#20003 = CARTESIAN_POINT('',(-74.999999,1.999999,0.));
#20004 = VECTOR('',#20005,1.);
#20005 = DIRECTION('',(0.,1.,0.));
#20006 = ORIENTED_EDGE('',*,*,#20007,.F.);
#20007 = EDGE_CURVE('',#20008,#20000,#20010,.T.);
#20008 = VERTEX_POINT('',#20009);
#20009 = CARTESIAN_POINT('',(-73.,2.886579864025E-15,0.));
#20010 = CIRCLE('',#20011,2.000001920069);
#20011 = AXIS2_PLACEMENT_3D('',#20012,#20013,#20014);
#20012 = CARTESIAN_POINT('',(-72.99999707993,2.000001920067,0.));
#20013 = DIRECTION('',(0.,0.,-1.));
#20014 = DIRECTION('',(-1.460032086207E-06,-0.999999999999,-0.));
#20015 = ORIENTED_EDGE('',*,*,#20016,.F.);
#20016 = EDGE_CURVE('',#20017,#20008,#20019,.T.);
#20017 = VERTEX_POINT('',#20018);
#20018 = CARTESIAN_POINT('',(73.,1.000000000847E-06,0.));
#20019 = LINE('',#20020,#20021);
#20020 = CARTESIAN_POINT('',(73.,1.E-06,0.));
#20021 = VECTOR('',#20022,1.);
#20022 = DIRECTION('',(-1.,-6.849315068493E-09,0.));
#20023 = ORIENTED_EDGE('',*,*,#20024,.F.);
#20024 = EDGE_CURVE('',#19967,#20017,#20025,.T.);
#20025 = CIRCLE('',#20026,1.999995091647);
#20026 = AXIS2_PLACEMENT_3D('',#20027,#20028,#20029);
#20027 = CARTESIAN_POINT('',(73.000004908355,1.999996091641,0.));
#20028 = DIRECTION('',(0.,0.,-1.));
#20029 = DIRECTION('',(0.999999999999,1.454182877234E-06,0.));
#20030 = ORIENTED_EDGE('',*,*,#19974,.F.);
#20031 = FACE_BOUND('',#20032,.F.);
#20032 = EDGE_LOOP('',(#20033));
#20033 = ORIENTED_EDGE('',*,*,#20034,.T.);
#20034 = EDGE_CURVE('',#20035,#20035,#20037,.T.);
#20035 = VERTEX_POINT('',#20036);
#20036 = CARTESIAN_POINT('',(-47.749999,3.040998,0.));
#20037 = CIRCLE('',#20038,0.2);
#20038 = AXIS2_PLACEMENT_3D('',#20039,#20040,#20041);
#20039 = CARTESIAN_POINT('',(-47.749999,3.240998,0.));
#20040 = DIRECTION('',(-0.,0.,-1.));
#20041 = DIRECTION('',(-0.,-1.,0.));
#20042 = FACE_BOUND('',#20043,.F.);
#20043 = EDGE_LOOP('',(#20044));
#20044 = ORIENTED_EDGE('',*,*,#20045,.T.);
#20045 = EDGE_CURVE('',#20046,#20046,#20048,.T.);
#20046 = VERTEX_POINT('',#20047);
#20047 = CARTESIAN_POINT('',(-46.749999,3.040998,0.));
#20048 = CIRCLE('',#20049,0.2);
#20049 = AXIS2_PLACEMENT_3D('',#20050,#20051,#20052);
#20050 = CARTESIAN_POINT('',(-46.749999,3.240998,0.));
#20051 = DIRECTION('',(-0.,0.,-1.));
#20052 = DIRECTION('',(-0.,-1.,0.));
#20053 = FACE_BOUND('',#20054,.F.);
#20054 = EDGE_LOOP('',(#20055));
#20055 = ORIENTED_EDGE('',*,*,#20056,.T.);
#20056 = EDGE_CURVE('',#20057,#20057,#20059,.T.);
#20057 = VERTEX_POINT('',#20058);
#20058 = CARTESIAN_POINT('',(-45.749999,3.040998,0.));
#20059 = CIRCLE('',#20060,0.2);
#20060 = AXIS2_PLACEMENT_3D('',#20061,#20062,#20063);
#20061 = CARTESIAN_POINT('',(-45.749999,3.240998,0.));
#20062 = DIRECTION('',(-0.,0.,-1.));
#20063 = DIRECTION('',(-0.,-1.,0.));
#20064 = FACE_BOUND('',#20065,.F.);
#20065 = EDGE_LOOP('',(#20066));
#20066 = ORIENTED_EDGE('',*,*,#20067,.T.);
#20067 = EDGE_CURVE('',#20068,#20068,#20070,.T.);
#20068 = VERTEX_POINT('',#20069);
#20069 = CARTESIAN_POINT('',(-44.749999,3.040998,0.));
#20070 = CIRCLE('',#20071,0.2);
#20071 = AXIS2_PLACEMENT_3D('',#20072,#20073,#20074);
#20072 = CARTESIAN_POINT('',(-44.749999,3.240998,0.));
#20073 = DIRECTION('',(-0.,0.,-1.));
#20074 = DIRECTION('',(-0.,-1.,0.));
#20075 = FACE_BOUND('',#20076,.F.);
#20076 = EDGE_LOOP('',(#20077));
#20077 = ORIENTED_EDGE('',*,*,#20078,.T.);
#20078 = EDGE_CURVE('',#20079,#20079,#20081,.T.);
#20079 = VERTEX_POINT('',#20080);
#20080 = CARTESIAN_POINT('',(-72.,4.019998,0.));
#20081 = CIRCLE('',#20082,0.5);
#20082 = AXIS2_PLACEMENT_3D('',#20083,#20084,#20085);
#20083 = CARTESIAN_POINT('',(-72.,4.519998,0.));
#20084 = DIRECTION('',(-0.,0.,-1.));
#20085 = DIRECTION('',(-0.,-1.,0.));
#20086 = FACE_BOUND('',#20087,.F.);
#20087 = EDGE_LOOP('',(#20088));
#20088 = ORIENTED_EDGE('',*,*,#20089,.T.);
#20089 = EDGE_CURVE('',#20090,#20090,#20092,.T.);
#20090 = VERTEX_POINT('',#20091);
#20091 = CARTESIAN_POINT('',(-69.46,4.019998,0.));
#20092 = CIRCLE('',#20093,0.5);
#20093 = AXIS2_PLACEMENT_3D('',#20094,#20095,#20096);
#20094 = CARTESIAN_POINT('',(-69.46,4.519998,0.));
#20095 = DIRECTION('',(-0.,0.,-1.));
#20096 = DIRECTION('',(-0.,-1.,0.));
#20097 = FACE_BOUND('',#20098,.F.);
#20098 = EDGE_LOOP('',(#20099));
#20099 = ORIENTED_EDGE('',*,*,#20100,.T.);
#20100 = EDGE_CURVE('',#20101,#20101,#20103,.T.);
#20101 = VERTEX_POINT('',#20102);
#20102 = CARTESIAN_POINT('',(-66.920001,4.019998,0.));
#20103 = CIRCLE('',#20104,0.5);
#20104 = AXIS2_PLACEMENT_3D('',#20105,#20106,#20107);
#20105 = CARTESIAN_POINT('',(-66.920001,4.519998,0.));
#20106 = DIRECTION('',(-0.,0.,-1.));
#20107 = DIRECTION('',(-0.,-1.,0.));
#20108 = FACE_BOUND('',#20109,.F.);
#20109 = EDGE_LOOP('',(#20110));
#20110 = ORIENTED_EDGE('',*,*,#20111,.T.);
#20111 = EDGE_CURVE('',#20112,#20112,#20114,.T.);
#20112 = VERTEX_POINT('',#20113);
#20113 = CARTESIAN_POINT('',(-64.38,4.019998,0.));
#20114 = CIRCLE('',#20115,0.5);
#20115 = AXIS2_PLACEMENT_3D('',#20116,#20117,#20118);
#20116 = CARTESIAN_POINT('',(-64.38,4.519998,0.));
#20117 = DIRECTION('',(-0.,0.,-1.));
#20118 = DIRECTION('',(-0.,-1.,0.));
#20119 = FACE_BOUND('',#20120,.F.);
#20120 = EDGE_LOOP('',(#20121));
#20121 = ORIENTED_EDGE('',*,*,#20122,.T.);
#20122 = EDGE_CURVE('',#20123,#20123,#20125,.T.);
#20123 = VERTEX_POINT('',#20124);
#20124 = CARTESIAN_POINT('',(-61.84,4.019998,0.));
#20125 = CIRCLE('',#20126,0.5);
#20126 = AXIS2_PLACEMENT_3D('',#20127,#20128,#20129);
#20127 = CARTESIAN_POINT('',(-61.84,4.519998,0.));
#20128 = DIRECTION('',(-0.,0.,-1.));
#20129 = DIRECTION('',(-0.,-1.,0.));
#20130 = FACE_BOUND('',#20131,.F.);
#20131 = EDGE_LOOP('',(#20132));
#20132 = ORIENTED_EDGE('',*,*,#20133,.T.);
#20133 = EDGE_CURVE('',#20134,#20134,#20136,.T.);
#20134 = VERTEX_POINT('',#20135);
#20135 = CARTESIAN_POINT('',(45.250001,3.040998,0.));
#20136 = CIRCLE('',#20137,0.2);
#20137 = AXIS2_PLACEMENT_3D('',#20138,#20139,#20140);
#20138 = CARTESIAN_POINT('',(45.250001,3.240998,0.));
#20139 = DIRECTION('',(-0.,0.,-1.));
#20140 = DIRECTION('',(-0.,-1.,0.));
#20141 = FACE_BOUND('',#20142,.F.);
#20142 = EDGE_LOOP('',(#20143));
#20143 = ORIENTED_EDGE('',*,*,#20144,.T.);
#20144 = EDGE_CURVE('',#20145,#20145,#20147,.T.);
#20145 = VERTEX_POINT('',#20146);
#20146 = CARTESIAN_POINT('',(46.250001,3.040998,0.));
#20147 = CIRCLE('',#20148,0.2);
#20148 = AXIS2_PLACEMENT_3D('',#20149,#20150,#20151);
#20149 = CARTESIAN_POINT('',(46.250001,3.240998,0.));
#20150 = DIRECTION('',(-0.,0.,-1.));
#20151 = DIRECTION('',(-0.,-1.,0.));
#20152 = FACE_BOUND('',#20153,.F.);
#20153 = EDGE_LOOP('',(#20154));
#20154 = ORIENTED_EDGE('',*,*,#20155,.T.);
#20155 = EDGE_CURVE('',#20156,#20156,#20158,.T.);
#20156 = VERTEX_POINT('',#20157);
#20157 = CARTESIAN_POINT('',(47.250001,3.040998,0.));
#20158 = CIRCLE('',#20159,0.2);
#20159 = AXIS2_PLACEMENT_3D('',#20160,#20161,#20162);
#20160 = CARTESIAN_POINT('',(47.250001,3.240998,0.));
#20161 = DIRECTION('',(-0.,0.,-1.));
#20162 = DIRECTION('',(-0.,-1.,0.));
#20163 = FACE_BOUND('',#20164,.F.);
#20164 = EDGE_LOOP('',(#20165));
#20165 = ORIENTED_EDGE('',*,*,#20166,.T.);
#20166 = EDGE_CURVE('',#20167,#20167,#20169,.T.);
#20167 = VERTEX_POINT('',#20168);
#20168 = CARTESIAN_POINT('',(48.250001,3.040998,0.));
#20169 = CIRCLE('',#20170,0.2);
#20170 = AXIS2_PLACEMENT_3D('',#20171,#20172,#20173);
#20171 = CARTESIAN_POINT('',(48.250001,3.240998,0.));
#20172 = DIRECTION('',(-0.,0.,-1.));
#20173 = DIRECTION('',(-0.,-1.,0.));
#20174 = FACE_BOUND('',#20175,.F.);
#20175 = EDGE_LOOP('',(#20176));
#20176 = ORIENTED_EDGE('',*,*,#20177,.T.);
#20177 = EDGE_CURVE('',#20178,#20178,#20180,.T.);
#20178 = VERTEX_POINT('',#20179);
#20179 = CARTESIAN_POINT('',(61.839998,4.019998,0.));
#20180 = CIRCLE('',#20181,0.5);
#20181 = AXIS2_PLACEMENT_3D('',#20182,#20183,#20184);
#20182 = CARTESIAN_POINT('',(61.839998,4.519998,0.));
#20183 = DIRECTION('',(-0.,0.,-1.));
#20184 = DIRECTION('',(-0.,-1.,0.));
#20185 = FACE_BOUND('',#20186,.F.);
#20186 = EDGE_LOOP('',(#20187));
#20187 = ORIENTED_EDGE('',*,*,#20188,.T.);
#20188 = EDGE_CURVE('',#20189,#20189,#20191,.T.);
#20189 = VERTEX_POINT('',#20190);
#20190 = CARTESIAN_POINT('',(64.379998,4.019998,0.));
#20191 = CIRCLE('',#20192,0.5);
#20192 = AXIS2_PLACEMENT_3D('',#20193,#20194,#20195);
#20193 = CARTESIAN_POINT('',(64.379998,4.519998,0.));
#20194 = DIRECTION('',(-0.,0.,-1.));
#20195 = DIRECTION('',(-0.,-1.,0.));
#20196 = FACE_BOUND('',#20197,.F.);
#20197 = EDGE_LOOP('',(#20198));
#20198 = ORIENTED_EDGE('',*,*,#20199,.T.);
#20199 = EDGE_CURVE('',#20200,#20200,#20202,.T.);
#20200 = VERTEX_POINT('',#20201);
#20201 = CARTESIAN_POINT('',(66.919997,4.019998,0.));
#20202 = CIRCLE('',#20203,0.5);
#20203 = AXIS2_PLACEMENT_3D('',#20204,#20205,#20206);
#20204 = CARTESIAN_POINT('',(66.919997,4.519998,0.));
#20205 = DIRECTION('',(-0.,0.,-1.));
#20206 = DIRECTION('',(-0.,-1.,0.));
#20207 = FACE_BOUND('',#20208,.F.);
#20208 = EDGE_LOOP('',(#20209));
#20209 = ORIENTED_EDGE('',*,*,#20210,.T.);
#20210 = EDGE_CURVE('',#20211,#20211,#20213,.T.);
#20211 = VERTEX_POINT('',#20212);
#20212 = CARTESIAN_POINT('',(69.459998,4.019998,0.));
#20213 = CIRCLE('',#20214,0.5);
#20214 = AXIS2_PLACEMENT_3D('',#20215,#20216,#20217);
#20215 = CARTESIAN_POINT('',(69.459998,4.519998,0.));
#20216 = DIRECTION('',(-0.,0.,-1.));
#20217 = DIRECTION('',(-0.,-1.,0.));
#20218 = FACE_BOUND('',#20219,.F.);
#20219 = EDGE_LOOP('',(#20220));
#20220 = ORIENTED_EDGE('',*,*,#20221,.T.);
#20221 = EDGE_CURVE('',#20222,#20222,#20224,.T.);
#20222 = VERTEX_POINT('',#20223);
#20223 = CARTESIAN_POINT('',(71.999998,4.019998,0.));
#20224 = CIRCLE('',#20225,0.5);
#20225 = AXIS2_PLACEMENT_3D('',#20226,#20227,#20228);
#20226 = CARTESIAN_POINT('',(71.999998,4.519998,0.));
#20227 = DIRECTION('',(-0.,0.,-1.));
#20228 = DIRECTION('',(-0.,-1.,0.));
#20229 = FACE_BOUND('',#20230,.F.);
#20230 = EDGE_LOOP('',(#20231));
#20231 = ORIENTED_EDGE('',*,*,#20232,.T.);
#20232 = EDGE_CURVE('',#20233,#20233,#20235,.T.);
#20233 = VERTEX_POINT('',#20234);
#20234 = CARTESIAN_POINT('',(-67.749999,7.749999,0.));
#20235 = CIRCLE('',#20236,0.25);
#20236 = AXIS2_PLACEMENT_3D('',#20237,#20238,#20239);
#20237 = CARTESIAN_POINT('',(-67.749999,7.999999,0.));
#20238 = DIRECTION('',(-0.,0.,-1.));
#20239 = DIRECTION('',(-0.,-1.,0.));
#20240 = FACE_BOUND('',#20241,.F.);
#20241 = EDGE_LOOP('',(#20242));
#20242 = ORIENTED_EDGE('',*,*,#20243,.T.);
#20243 = EDGE_CURVE('',#20244,#20244,#20246,.T.);
#20244 = VERTEX_POINT('',#20245);
#20245 = CARTESIAN_POINT('',(-65.749999,7.749999,0.));
#20246 = CIRCLE('',#20247,0.25);
#20247 = AXIS2_PLACEMENT_3D('',#20248,#20249,#20250);
#20248 = CARTESIAN_POINT('',(-65.749999,7.999999,0.));
#20249 = DIRECTION('',(-0.,0.,-1.));
#20250 = DIRECTION('',(-0.,-1.,0.));
#20251 = PLANE('',#20252);
#20252 = AXIS2_PLACEMENT_3D('',#20253,#20254,#20255);
#20253 = CARTESIAN_POINT('',(0.,0.,0.));
#20254 = DIRECTION('',(0.,0.,1.));
#20255 = DIRECTION('',(1.,0.,-0.));
#20256 = ADVANCED_FACE('',(#20257,#20303,#20314,#20325,#20336,#20347,
    #20358,#20369,#20380,#20391,#20402,#20413,#20424,#20435,#20446,
    #20457,#20468,#20479,#20490,#20501,#20512),#20523,.T.);
#20257 = FACE_BOUND('',#20258,.T.);
#20258 = EDGE_LOOP('',(#20259,#20260,#20261,#20270,#20278,#20287,#20295,
    #20302));
#20259 = ORIENTED_EDGE('',*,*,#19894,.F.);
#20260 = ORIENTED_EDGE('',*,*,#19936,.F.);
#20261 = ORIENTED_EDGE('',*,*,#20262,.F.);
#20262 = EDGE_CURVE('',#20263,#19929,#20265,.T.);
#20263 = VERTEX_POINT('',#20264);
#20264 = CARTESIAN_POINT('',(-74.999999,10.5,1.51));
#20265 = CIRCLE('',#20266,2.000001920069);
#20266 = AXIS2_PLACEMENT_3D('',#20267,#20268,#20269);
#20267 = CARTESIAN_POINT('',(-72.99999707993,10.499997079933,1.51));
#20268 = DIRECTION('',(0.,0.,-1.));
#20269 = DIRECTION('',(-0.999999999999,1.460032093312E-06,0.));
#20270 = ORIENTED_EDGE('',*,*,#20271,.F.);
#20271 = EDGE_CURVE('',#20272,#20263,#20274,.T.);
#20272 = VERTEX_POINT('',#20273);
#20273 = CARTESIAN_POINT('',(-74.999999,1.999999,1.51));
#20274 = LINE('',#20275,#20276);
#20275 = CARTESIAN_POINT('',(-74.999999,1.999999,1.51));
#20276 = VECTOR('',#20277,1.);
#20277 = DIRECTION('',(0.,1.,0.));
#20278 = ORIENTED_EDGE('',*,*,#20279,.F.);
#20279 = EDGE_CURVE('',#20280,#20272,#20282,.T.);
#20280 = VERTEX_POINT('',#20281);
#20281 = CARTESIAN_POINT('',(-73.,2.886579864025E-15,1.51));
#20282 = CIRCLE('',#20283,2.000001920069);
#20283 = AXIS2_PLACEMENT_3D('',#20284,#20285,#20286);
#20284 = CARTESIAN_POINT('',(-72.99999707993,2.000001920067,1.51));
#20285 = DIRECTION('',(0.,0.,-1.));
#20286 = DIRECTION('',(-1.460032086207E-06,-0.999999999999,-0.));
#20287 = ORIENTED_EDGE('',*,*,#20288,.F.);
#20288 = EDGE_CURVE('',#20289,#20280,#20291,.T.);
#20289 = VERTEX_POINT('',#20290);
#20290 = CARTESIAN_POINT('',(73.,1.000000000847E-06,1.51));
#20291 = LINE('',#20292,#20293);
#20292 = CARTESIAN_POINT('',(73.,1.E-06,1.51));
#20293 = VECTOR('',#20294,1.);
#20294 = DIRECTION('',(-1.,-6.849315068493E-09,0.));
#20295 = ORIENTED_EDGE('',*,*,#20296,.F.);
#20296 = EDGE_CURVE('',#19959,#20289,#20297,.T.);
#20297 = CIRCLE('',#20298,1.999995091647);
#20298 = AXIS2_PLACEMENT_3D('',#20299,#20300,#20301);
#20299 = CARTESIAN_POINT('',(73.000004908355,1.999996091641,1.51));
#20300 = DIRECTION('',(0.,0.,-1.));
#20301 = DIRECTION('',(0.999999999999,1.454182877234E-06,0.));
#20302 = ORIENTED_EDGE('',*,*,#19958,.F.);
#20303 = FACE_BOUND('',#20304,.T.);
#20304 = EDGE_LOOP('',(#20305));
#20305 = ORIENTED_EDGE('',*,*,#20306,.T.);
#20306 = EDGE_CURVE('',#20307,#20307,#20309,.T.);
#20307 = VERTEX_POINT('',#20308);
#20308 = CARTESIAN_POINT('',(-47.749999,3.040998,1.51));
#20309 = CIRCLE('',#20310,0.2);
#20310 = AXIS2_PLACEMENT_3D('',#20311,#20312,#20313);
#20311 = CARTESIAN_POINT('',(-47.749999,3.240998,1.51));
#20312 = DIRECTION('',(-0.,0.,-1.));
#20313 = DIRECTION('',(-0.,-1.,0.));
#20314 = FACE_BOUND('',#20315,.T.);
#20315 = EDGE_LOOP('',(#20316));
#20316 = ORIENTED_EDGE('',*,*,#20317,.T.);
#20317 = EDGE_CURVE('',#20318,#20318,#20320,.T.);
#20318 = VERTEX_POINT('',#20319);
#20319 = CARTESIAN_POINT('',(-46.749999,3.040998,1.51));
#20320 = CIRCLE('',#20321,0.2);
#20321 = AXIS2_PLACEMENT_3D('',#20322,#20323,#20324);
#20322 = CARTESIAN_POINT('',(-46.749999,3.240998,1.51));
#20323 = DIRECTION('',(-0.,0.,-1.));
#20324 = DIRECTION('',(-0.,-1.,0.));
#20325 = FACE_BOUND('',#20326,.T.);
#20326 = EDGE_LOOP('',(#20327));
#20327 = ORIENTED_EDGE('',*,*,#20328,.T.);
#20328 = EDGE_CURVE('',#20329,#20329,#20331,.T.);
#20329 = VERTEX_POINT('',#20330);
#20330 = CARTESIAN_POINT('',(-45.749999,3.040998,1.51));
#20331 = CIRCLE('',#20332,0.2);
#20332 = AXIS2_PLACEMENT_3D('',#20333,#20334,#20335);
#20333 = CARTESIAN_POINT('',(-45.749999,3.240998,1.51));
#20334 = DIRECTION('',(-0.,0.,-1.));
#20335 = DIRECTION('',(-0.,-1.,0.));
#20336 = FACE_BOUND('',#20337,.T.);
#20337 = EDGE_LOOP('',(#20338));
#20338 = ORIENTED_EDGE('',*,*,#20339,.T.);
#20339 = EDGE_CURVE('',#20340,#20340,#20342,.T.);
#20340 = VERTEX_POINT('',#20341);
#20341 = CARTESIAN_POINT('',(-44.749999,3.040998,1.51));
#20342 = CIRCLE('',#20343,0.2);
#20343 = AXIS2_PLACEMENT_3D('',#20344,#20345,#20346);
#20344 = CARTESIAN_POINT('',(-44.749999,3.240998,1.51));
#20345 = DIRECTION('',(-0.,0.,-1.));
#20346 = DIRECTION('',(-0.,-1.,0.));
#20347 = FACE_BOUND('',#20348,.T.);
#20348 = EDGE_LOOP('',(#20349));
#20349 = ORIENTED_EDGE('',*,*,#20350,.T.);
#20350 = EDGE_CURVE('',#20351,#20351,#20353,.T.);
#20351 = VERTEX_POINT('',#20352);
#20352 = CARTESIAN_POINT('',(-72.,4.019998,1.51));
#20353 = CIRCLE('',#20354,0.5);
#20354 = AXIS2_PLACEMENT_3D('',#20355,#20356,#20357);
#20355 = CARTESIAN_POINT('',(-72.,4.519998,1.51));
#20356 = DIRECTION('',(-0.,0.,-1.));
#20357 = DIRECTION('',(-0.,-1.,0.));
#20358 = FACE_BOUND('',#20359,.T.);
#20359 = EDGE_LOOP('',(#20360));
#20360 = ORIENTED_EDGE('',*,*,#20361,.T.);
#20361 = EDGE_CURVE('',#20362,#20362,#20364,.T.);
#20362 = VERTEX_POINT('',#20363);
#20363 = CARTESIAN_POINT('',(-69.46,4.019998,1.51));
#20364 = CIRCLE('',#20365,0.5);
#20365 = AXIS2_PLACEMENT_3D('',#20366,#20367,#20368);
#20366 = CARTESIAN_POINT('',(-69.46,4.519998,1.51));
#20367 = DIRECTION('',(-0.,0.,-1.));
#20368 = DIRECTION('',(-0.,-1.,0.));
#20369 = FACE_BOUND('',#20370,.T.);
#20370 = EDGE_LOOP('',(#20371));
#20371 = ORIENTED_EDGE('',*,*,#20372,.T.);
#20372 = EDGE_CURVE('',#20373,#20373,#20375,.T.);
#20373 = VERTEX_POINT('',#20374);
#20374 = CARTESIAN_POINT('',(-66.920001,4.019998,1.51));
#20375 = CIRCLE('',#20376,0.5);
#20376 = AXIS2_PLACEMENT_3D('',#20377,#20378,#20379);
#20377 = CARTESIAN_POINT('',(-66.920001,4.519998,1.51));
#20378 = DIRECTION('',(-0.,0.,-1.));
#20379 = DIRECTION('',(-0.,-1.,0.));
#20380 = FACE_BOUND('',#20381,.T.);
#20381 = EDGE_LOOP('',(#20382));
#20382 = ORIENTED_EDGE('',*,*,#20383,.T.);
#20383 = EDGE_CURVE('',#20384,#20384,#20386,.T.);
#20384 = VERTEX_POINT('',#20385);
#20385 = CARTESIAN_POINT('',(-64.38,4.019998,1.51));
#20386 = CIRCLE('',#20387,0.5);
#20387 = AXIS2_PLACEMENT_3D('',#20388,#20389,#20390);
#20388 = CARTESIAN_POINT('',(-64.38,4.519998,1.51));
#20389 = DIRECTION('',(-0.,0.,-1.));
#20390 = DIRECTION('',(-0.,-1.,0.));
#20391 = FACE_BOUND('',#20392,.T.);
#20392 = EDGE_LOOP('',(#20393));
#20393 = ORIENTED_EDGE('',*,*,#20394,.T.);
#20394 = EDGE_CURVE('',#20395,#20395,#20397,.T.);
#20395 = VERTEX_POINT('',#20396);
#20396 = CARTESIAN_POINT('',(-61.84,4.019998,1.51));
#20397 = CIRCLE('',#20398,0.5);
#20398 = AXIS2_PLACEMENT_3D('',#20399,#20400,#20401);
#20399 = CARTESIAN_POINT('',(-61.84,4.519998,1.51));
#20400 = DIRECTION('',(-0.,0.,-1.));
#20401 = DIRECTION('',(-0.,-1.,0.));
#20402 = FACE_BOUND('',#20403,.T.);
#20403 = EDGE_LOOP('',(#20404));
#20404 = ORIENTED_EDGE('',*,*,#20405,.T.);
#20405 = EDGE_CURVE('',#20406,#20406,#20408,.T.);
#20406 = VERTEX_POINT('',#20407);
#20407 = CARTESIAN_POINT('',(45.250001,3.040998,1.51));
#20408 = CIRCLE('',#20409,0.2);
#20409 = AXIS2_PLACEMENT_3D('',#20410,#20411,#20412);
#20410 = CARTESIAN_POINT('',(45.250001,3.240998,1.51));
#20411 = DIRECTION('',(-0.,0.,-1.));
#20412 = DIRECTION('',(-0.,-1.,0.));
#20413 = FACE_BOUND('',#20414,.T.);
#20414 = EDGE_LOOP('',(#20415));
#20415 = ORIENTED_EDGE('',*,*,#20416,.T.);
#20416 = EDGE_CURVE('',#20417,#20417,#20419,.T.);
#20417 = VERTEX_POINT('',#20418);
#20418 = CARTESIAN_POINT('',(46.250001,3.040998,1.51));
#20419 = CIRCLE('',#20420,0.2);
#20420 = AXIS2_PLACEMENT_3D('',#20421,#20422,#20423);
#20421 = CARTESIAN_POINT('',(46.250001,3.240998,1.51));
#20422 = DIRECTION('',(-0.,0.,-1.));
#20423 = DIRECTION('',(-0.,-1.,0.));
#20424 = FACE_BOUND('',#20425,.T.);
#20425 = EDGE_LOOP('',(#20426));
#20426 = ORIENTED_EDGE('',*,*,#20427,.T.);
#20427 = EDGE_CURVE('',#20428,#20428,#20430,.T.);
#20428 = VERTEX_POINT('',#20429);
#20429 = CARTESIAN_POINT('',(47.250001,3.040998,1.51));
#20430 = CIRCLE('',#20431,0.2);
#20431 = AXIS2_PLACEMENT_3D('',#20432,#20433,#20434);
#20432 = CARTESIAN_POINT('',(47.250001,3.240998,1.51));
#20433 = DIRECTION('',(-0.,0.,-1.));
#20434 = DIRECTION('',(-0.,-1.,0.));
#20435 = FACE_BOUND('',#20436,.T.);
#20436 = EDGE_LOOP('',(#20437));
#20437 = ORIENTED_EDGE('',*,*,#20438,.T.);
#20438 = EDGE_CURVE('',#20439,#20439,#20441,.T.);
#20439 = VERTEX_POINT('',#20440);
#20440 = CARTESIAN_POINT('',(48.250001,3.040998,1.51));
#20441 = CIRCLE('',#20442,0.2);
#20442 = AXIS2_PLACEMENT_3D('',#20443,#20444,#20445);
#20443 = CARTESIAN_POINT('',(48.250001,3.240998,1.51));
#20444 = DIRECTION('',(-0.,0.,-1.));
#20445 = DIRECTION('',(-0.,-1.,0.));
#20446 = FACE_BOUND('',#20447,.T.);
#20447 = EDGE_LOOP('',(#20448));
#20448 = ORIENTED_EDGE('',*,*,#20449,.T.);
#20449 = EDGE_CURVE('',#20450,#20450,#20452,.T.);
#20450 = VERTEX_POINT('',#20451);
#20451 = CARTESIAN_POINT('',(61.839998,4.019998,1.51));
#20452 = CIRCLE('',#20453,0.5);
#20453 = AXIS2_PLACEMENT_3D('',#20454,#20455,#20456);
#20454 = CARTESIAN_POINT('',(61.839998,4.519998,1.51));
#20455 = DIRECTION('',(-0.,0.,-1.));
#20456 = DIRECTION('',(-0.,-1.,0.));
#20457 = FACE_BOUND('',#20458,.T.);
#20458 = EDGE_LOOP('',(#20459));
#20459 = ORIENTED_EDGE('',*,*,#20460,.T.);
#20460 = EDGE_CURVE('',#20461,#20461,#20463,.T.);
#20461 = VERTEX_POINT('',#20462);
#20462 = CARTESIAN_POINT('',(64.379998,4.019998,1.51));
#20463 = CIRCLE('',#20464,0.5);
#20464 = AXIS2_PLACEMENT_3D('',#20465,#20466,#20467);
#20465 = CARTESIAN_POINT('',(64.379998,4.519998,1.51));
#20466 = DIRECTION('',(-0.,0.,-1.));
#20467 = DIRECTION('',(-0.,-1.,0.));
#20468 = FACE_BOUND('',#20469,.T.);
#20469 = EDGE_LOOP('',(#20470));
#20470 = ORIENTED_EDGE('',*,*,#20471,.T.);
#20471 = EDGE_CURVE('',#20472,#20472,#20474,.T.);
#20472 = VERTEX_POINT('',#20473);
#20473 = CARTESIAN_POINT('',(66.919997,4.019998,1.51));
#20474 = CIRCLE('',#20475,0.5);
#20475 = AXIS2_PLACEMENT_3D('',#20476,#20477,#20478);
#20476 = CARTESIAN_POINT('',(66.919997,4.519998,1.51));
#20477 = DIRECTION('',(-0.,0.,-1.));
#20478 = DIRECTION('',(-0.,-1.,0.));
#20479 = FACE_BOUND('',#20480,.T.);
#20480 = EDGE_LOOP('',(#20481));
#20481 = ORIENTED_EDGE('',*,*,#20482,.T.);
#20482 = EDGE_CURVE('',#20483,#20483,#20485,.T.);
#20483 = VERTEX_POINT('',#20484);
#20484 = CARTESIAN_POINT('',(69.459998,4.019998,1.51));
#20485 = CIRCLE('',#20486,0.5);
#20486 = AXIS2_PLACEMENT_3D('',#20487,#20488,#20489);
#20487 = CARTESIAN_POINT('',(69.459998,4.519998,1.51));
#20488 = DIRECTION('',(-0.,0.,-1.));
#20489 = DIRECTION('',(-0.,-1.,0.));
#20490 = FACE_BOUND('',#20491,.T.);
#20491 = EDGE_LOOP('',(#20492));
#20492 = ORIENTED_EDGE('',*,*,#20493,.T.);
#20493 = EDGE_CURVE('',#20494,#20494,#20496,.T.);
#20494 = VERTEX_POINT('',#20495);
#20495 = CARTESIAN_POINT('',(71.999998,4.019998,1.51));
#20496 = CIRCLE('',#20497,0.5);
#20497 = AXIS2_PLACEMENT_3D('',#20498,#20499,#20500);
#20498 = CARTESIAN_POINT('',(71.999998,4.519998,1.51));
#20499 = DIRECTION('',(-0.,0.,-1.));
#20500 = DIRECTION('',(-0.,-1.,0.));
#20501 = FACE_BOUND('',#20502,.T.);
#20502 = EDGE_LOOP('',(#20503));
#20503 = ORIENTED_EDGE('',*,*,#20504,.T.);
#20504 = EDGE_CURVE('',#20505,#20505,#20507,.T.);
#20505 = VERTEX_POINT('',#20506);
#20506 = CARTESIAN_POINT('',(-67.749999,7.749999,1.51));
#20507 = CIRCLE('',#20508,0.25);
#20508 = AXIS2_PLACEMENT_3D('',#20509,#20510,#20511);
#20509 = CARTESIAN_POINT('',(-67.749999,7.999999,1.51));
#20510 = DIRECTION('',(-0.,0.,-1.));
#20511 = DIRECTION('',(-0.,-1.,0.));
#20512 = FACE_BOUND('',#20513,.T.);
#20513 = EDGE_LOOP('',(#20514));
#20514 = ORIENTED_EDGE('',*,*,#20515,.T.);
#20515 = EDGE_CURVE('',#20516,#20516,#20518,.T.);
#20516 = VERTEX_POINT('',#20517);
#20517 = CARTESIAN_POINT('',(-65.749999,7.749999,1.51));
#20518 = CIRCLE('',#20519,0.25);
#20519 = AXIS2_PLACEMENT_3D('',#20520,#20521,#20522);
#20520 = CARTESIAN_POINT('',(-65.749999,7.999999,1.51));
#20521 = DIRECTION('',(-0.,0.,-1.));
#20522 = DIRECTION('',(-0.,-1.,0.));
#20523 = PLANE('',#20524);
#20524 = AXIS2_PLACEMENT_3D('',#20525,#20526,#20527);
#20525 = CARTESIAN_POINT('',(0.,0.,1.51));
#20526 = DIRECTION('',(0.,0.,1.));
#20527 = DIRECTION('',(1.,0.,-0.));
#20528 = ADVANCED_FACE('',(#20529),#20540,.T.);
#20529 = FACE_BOUND('',#20530,.T.);
#20530 = EDGE_LOOP('',(#20531,#20537,#20538,#20539));
#20531 = ORIENTED_EDGE('',*,*,#20532,.T.);
#20532 = EDGE_CURVE('',#19991,#20263,#20533,.T.);
#20533 = LINE('',#20534,#20535);
#20534 = CARTESIAN_POINT('',(-74.999999,10.5,0.));
#20535 = VECTOR('',#20536,1.);
#20536 = DIRECTION('',(0.,0.,1.));
#20537 = ORIENTED_EDGE('',*,*,#20262,.T.);
#20538 = ORIENTED_EDGE('',*,*,#19926,.F.);
#20539 = ORIENTED_EDGE('',*,*,#19990,.F.);
#20540 = CYLINDRICAL_SURFACE('',#20541,2.000001920069);
#20541 = AXIS2_PLACEMENT_3D('',#20542,#20543,#20544);
#20542 = CARTESIAN_POINT('',(-72.99999707993,10.499997079933,0.));
#20543 = DIRECTION('',(0.,0.,-1.));
#20544 = DIRECTION('',(-0.999999999999,1.460032093312E-06,0.));
#20545 = ADVANCED_FACE('',(#20546),#20557,.T.);
#20546 = FACE_BOUND('',#20547,.T.);
#20547 = EDGE_LOOP('',(#20548,#20549,#20550,#20556));
#20548 = ORIENTED_EDGE('',*,*,#19966,.T.);
#20549 = ORIENTED_EDGE('',*,*,#20296,.T.);
#20550 = ORIENTED_EDGE('',*,*,#20551,.F.);
#20551 = EDGE_CURVE('',#20017,#20289,#20552,.T.);
#20552 = LINE('',#20553,#20554);
#20553 = CARTESIAN_POINT('',(73.,1.000000000847E-06,0.));
#20554 = VECTOR('',#20555,1.);
#20555 = DIRECTION('',(0.,0.,1.));
#20556 = ORIENTED_EDGE('',*,*,#20024,.F.);
#20557 = CYLINDRICAL_SURFACE('',#20558,1.999995091647);
#20558 = AXIS2_PLACEMENT_3D('',#20559,#20560,#20561);
#20559 = CARTESIAN_POINT('',(73.000004908355,1.999996091641,0.));
#20560 = DIRECTION('',(0.,0.,-1.));
#20561 = DIRECTION('',(0.999999999999,1.454182877234E-06,0.));
#20562 = ADVANCED_FACE('',(#20563),#20574,.T.);
#20563 = FACE_BOUND('',#20564,.T.);
#20564 = EDGE_LOOP('',(#20565,#20571,#20572,#20573));
#20565 = ORIENTED_EDGE('',*,*,#20566,.T.);
#20566 = EDGE_CURVE('',#20000,#20272,#20567,.T.);
#20567 = LINE('',#20568,#20569);
#20568 = CARTESIAN_POINT('',(-74.999999,1.999999,0.));
#20569 = VECTOR('',#20570,1.);
#20570 = DIRECTION('',(0.,0.,1.));
#20571 = ORIENTED_EDGE('',*,*,#20271,.T.);
#20572 = ORIENTED_EDGE('',*,*,#20532,.F.);
#20573 = ORIENTED_EDGE('',*,*,#19999,.F.);
#20574 = PLANE('',#20575);
#20575 = AXIS2_PLACEMENT_3D('',#20576,#20577,#20578);
#20576 = CARTESIAN_POINT('',(-74.999999,1.999999,0.));
#20577 = DIRECTION('',(-1.,0.,0.));
#20578 = DIRECTION('',(0.,1.,0.));
#20579 = ADVANCED_FACE('',(#20580),#20591,.T.);
#20580 = FACE_BOUND('',#20581,.T.);
#20581 = EDGE_LOOP('',(#20582,#20583,#20584,#20590));
#20582 = ORIENTED_EDGE('',*,*,#20551,.T.);
#20583 = ORIENTED_EDGE('',*,*,#20288,.T.);
#20584 = ORIENTED_EDGE('',*,*,#20585,.F.);
#20585 = EDGE_CURVE('',#20008,#20280,#20586,.T.);
#20586 = LINE('',#20587,#20588);
#20587 = CARTESIAN_POINT('',(-73.,2.886579864025E-15,0.));
#20588 = VECTOR('',#20589,1.);
#20589 = DIRECTION('',(0.,0.,1.));
#20590 = ORIENTED_EDGE('',*,*,#20016,.F.);
#20591 = PLANE('',#20592);
#20592 = AXIS2_PLACEMENT_3D('',#20593,#20594,#20595);
#20593 = CARTESIAN_POINT('',(73.,1.E-06,0.));
#20594 = DIRECTION('',(6.849315068493E-09,-1.,0.));
#20595 = DIRECTION('',(-1.,-6.849315068493E-09,0.));
#20596 = ADVANCED_FACE('',(#20597),#20603,.T.);
#20597 = FACE_BOUND('',#20598,.T.);
#20598 = EDGE_LOOP('',(#20599,#20600,#20601,#20602));
#20599 = ORIENTED_EDGE('',*,*,#20585,.T.);
#20600 = ORIENTED_EDGE('',*,*,#20279,.T.);
#20601 = ORIENTED_EDGE('',*,*,#20566,.F.);
#20602 = ORIENTED_EDGE('',*,*,#20007,.F.);
#20603 = CYLINDRICAL_SURFACE('',#20604,2.000001920069);
#20604 = AXIS2_PLACEMENT_3D('',#20605,#20606,#20607);
#20605 = CARTESIAN_POINT('',(-72.99999707993,2.000001920067,0.));
#20606 = DIRECTION('',(0.,0.,-1.));
#20607 = DIRECTION('',(-1.460032086207E-06,-0.999999999999,-0.));
#20608 = ADVANCED_FACE('',(#20609),#20620,.F.);
#20609 = FACE_BOUND('',#20610,.T.);
#20610 = EDGE_LOOP('',(#20611,#20612,#20618,#20619));
#20611 = ORIENTED_EDGE('',*,*,#20034,.T.);
#20612 = ORIENTED_EDGE('',*,*,#20613,.T.);
#20613 = EDGE_CURVE('',#20035,#20307,#20614,.T.);
#20614 = LINE('',#20615,#20616);
#20615 = CARTESIAN_POINT('',(-47.749999,3.040998,-3.6E-02));
#20616 = VECTOR('',#20617,1.);
#20617 = DIRECTION('',(0.,0.,1.));
#20618 = ORIENTED_EDGE('',*,*,#20306,.F.);
#20619 = ORIENTED_EDGE('',*,*,#20613,.F.);
#20620 = CYLINDRICAL_SURFACE('',#20621,0.2);
#20621 = AXIS2_PLACEMENT_3D('',#20622,#20623,#20624);
#20622 = CARTESIAN_POINT('',(-47.749999,3.240998,-3.6E-02));
#20623 = DIRECTION('',(-0.,-0.,-1.));
#20624 = DIRECTION('',(-0.,-1.,0.));
#20625 = ADVANCED_FACE('',(#20626),#20637,.F.);
#20626 = FACE_BOUND('',#20627,.T.);
#20627 = EDGE_LOOP('',(#20628,#20629,#20635,#20636));
#20628 = ORIENTED_EDGE('',*,*,#20045,.T.);
#20629 = ORIENTED_EDGE('',*,*,#20630,.T.);
#20630 = EDGE_CURVE('',#20046,#20318,#20631,.T.);
#20631 = LINE('',#20632,#20633);
#20632 = CARTESIAN_POINT('',(-46.749999,3.040998,-3.6E-02));
#20633 = VECTOR('',#20634,1.);
#20634 = DIRECTION('',(0.,0.,1.));
#20635 = ORIENTED_EDGE('',*,*,#20317,.F.);
#20636 = ORIENTED_EDGE('',*,*,#20630,.F.);
#20637 = CYLINDRICAL_SURFACE('',#20638,0.2);
#20638 = AXIS2_PLACEMENT_3D('',#20639,#20640,#20641);
#20639 = CARTESIAN_POINT('',(-46.749999,3.240998,-3.6E-02));
#20640 = DIRECTION('',(-0.,-0.,-1.));
#20641 = DIRECTION('',(-0.,-1.,0.));
#20642 = ADVANCED_FACE('',(#20643),#20654,.F.);
#20643 = FACE_BOUND('',#20644,.T.);
#20644 = EDGE_LOOP('',(#20645,#20646,#20652,#20653));
#20645 = ORIENTED_EDGE('',*,*,#20056,.T.);
#20646 = ORIENTED_EDGE('',*,*,#20647,.T.);
#20647 = EDGE_CURVE('',#20057,#20329,#20648,.T.);
#20648 = LINE('',#20649,#20650);
#20649 = CARTESIAN_POINT('',(-45.749999,3.040998,-3.6E-02));
#20650 = VECTOR('',#20651,1.);
#20651 = DIRECTION('',(0.,0.,1.));
#20652 = ORIENTED_EDGE('',*,*,#20328,.F.);
#20653 = ORIENTED_EDGE('',*,*,#20647,.F.);
#20654 = CYLINDRICAL_SURFACE('',#20655,0.2);
#20655 = AXIS2_PLACEMENT_3D('',#20656,#20657,#20658);
#20656 = CARTESIAN_POINT('',(-45.749999,3.240998,-3.6E-02));
#20657 = DIRECTION('',(-0.,-0.,-1.));
#20658 = DIRECTION('',(-0.,-1.,0.));
#20659 = ADVANCED_FACE('',(#20660),#20671,.F.);
#20660 = FACE_BOUND('',#20661,.T.);
#20661 = EDGE_LOOP('',(#20662,#20663,#20669,#20670));
#20662 = ORIENTED_EDGE('',*,*,#20067,.T.);
#20663 = ORIENTED_EDGE('',*,*,#20664,.T.);
#20664 = EDGE_CURVE('',#20068,#20340,#20665,.T.);
#20665 = LINE('',#20666,#20667);
#20666 = CARTESIAN_POINT('',(-44.749999,3.040998,-3.6E-02));
#20667 = VECTOR('',#20668,1.);
#20668 = DIRECTION('',(0.,0.,1.));
#20669 = ORIENTED_EDGE('',*,*,#20339,.F.);
#20670 = ORIENTED_EDGE('',*,*,#20664,.F.);
#20671 = CYLINDRICAL_SURFACE('',#20672,0.2);
#20672 = AXIS2_PLACEMENT_3D('',#20673,#20674,#20675);
#20673 = CARTESIAN_POINT('',(-44.749999,3.240998,-3.6E-02));
#20674 = DIRECTION('',(-0.,-0.,-1.));
#20675 = DIRECTION('',(-0.,-1.,0.));
#20676 = ADVANCED_FACE('',(#20677),#20688,.F.);
#20677 = FACE_BOUND('',#20678,.T.);
#20678 = EDGE_LOOP('',(#20679,#20680,#20686,#20687));
#20679 = ORIENTED_EDGE('',*,*,#20078,.T.);
#20680 = ORIENTED_EDGE('',*,*,#20681,.T.);
#20681 = EDGE_CURVE('',#20079,#20351,#20682,.T.);
#20682 = LINE('',#20683,#20684);
#20683 = CARTESIAN_POINT('',(-72.,4.019998,-4.6E-02));
#20684 = VECTOR('',#20685,1.);
#20685 = DIRECTION('',(0.,0.,1.));
#20686 = ORIENTED_EDGE('',*,*,#20350,.F.);
#20687 = ORIENTED_EDGE('',*,*,#20681,.F.);
#20688 = CYLINDRICAL_SURFACE('',#20689,0.5);
#20689 = AXIS2_PLACEMENT_3D('',#20690,#20691,#20692);
#20690 = CARTESIAN_POINT('',(-72.,4.519998,-4.6E-02));
#20691 = DIRECTION('',(-0.,-0.,-1.));
#20692 = DIRECTION('',(-0.,-1.,0.));
#20693 = ADVANCED_FACE('',(#20694),#20705,.F.);
#20694 = FACE_BOUND('',#20695,.T.);
#20695 = EDGE_LOOP('',(#20696,#20697,#20703,#20704));
#20696 = ORIENTED_EDGE('',*,*,#20089,.T.);
#20697 = ORIENTED_EDGE('',*,*,#20698,.T.);
#20698 = EDGE_CURVE('',#20090,#20362,#20699,.T.);
#20699 = LINE('',#20700,#20701);
#20700 = CARTESIAN_POINT('',(-69.46,4.019998,-4.6E-02));
#20701 = VECTOR('',#20702,1.);
#20702 = DIRECTION('',(0.,0.,1.));
#20703 = ORIENTED_EDGE('',*,*,#20361,.F.);
#20704 = ORIENTED_EDGE('',*,*,#20698,.F.);
#20705 = CYLINDRICAL_SURFACE('',#20706,0.5);
#20706 = AXIS2_PLACEMENT_3D('',#20707,#20708,#20709);
#20707 = CARTESIAN_POINT('',(-69.46,4.519998,-4.6E-02));
#20708 = DIRECTION('',(-0.,-0.,-1.));
#20709 = DIRECTION('',(-0.,-1.,0.));
#20710 = ADVANCED_FACE('',(#20711),#20722,.F.);
#20711 = FACE_BOUND('',#20712,.T.);
#20712 = EDGE_LOOP('',(#20713,#20714,#20720,#20721));
#20713 = ORIENTED_EDGE('',*,*,#20100,.T.);
#20714 = ORIENTED_EDGE('',*,*,#20715,.T.);
#20715 = EDGE_CURVE('',#20101,#20373,#20716,.T.);
#20716 = LINE('',#20717,#20718);
#20717 = CARTESIAN_POINT('',(-66.920001,4.019998,-4.6E-02));
#20718 = VECTOR('',#20719,1.);
#20719 = DIRECTION('',(0.,0.,1.));
#20720 = ORIENTED_EDGE('',*,*,#20372,.F.);
#20721 = ORIENTED_EDGE('',*,*,#20715,.F.);
#20722 = CYLINDRICAL_SURFACE('',#20723,0.5);
#20723 = AXIS2_PLACEMENT_3D('',#20724,#20725,#20726);
#20724 = CARTESIAN_POINT('',(-66.920001,4.519998,-4.6E-02));
#20725 = DIRECTION('',(-0.,-0.,-1.));
#20726 = DIRECTION('',(-0.,-1.,0.));
#20727 = ADVANCED_FACE('',(#20728),#20739,.F.);
#20728 = FACE_BOUND('',#20729,.T.);
#20729 = EDGE_LOOP('',(#20730,#20731,#20737,#20738));
#20730 = ORIENTED_EDGE('',*,*,#20111,.T.);
#20731 = ORIENTED_EDGE('',*,*,#20732,.T.);
#20732 = EDGE_CURVE('',#20112,#20384,#20733,.T.);
#20733 = LINE('',#20734,#20735);
#20734 = CARTESIAN_POINT('',(-64.38,4.019998,-4.6E-02));
#20735 = VECTOR('',#20736,1.);
#20736 = DIRECTION('',(0.,0.,1.));
#20737 = ORIENTED_EDGE('',*,*,#20383,.F.);
#20738 = ORIENTED_EDGE('',*,*,#20732,.F.);
#20739 = CYLINDRICAL_SURFACE('',#20740,0.5);
#20740 = AXIS2_PLACEMENT_3D('',#20741,#20742,#20743);
#20741 = CARTESIAN_POINT('',(-64.38,4.519998,-4.6E-02));
#20742 = DIRECTION('',(-0.,-0.,-1.));
#20743 = DIRECTION('',(-0.,-1.,0.));
#20744 = ADVANCED_FACE('',(#20745),#20756,.F.);
#20745 = FACE_BOUND('',#20746,.T.);
#20746 = EDGE_LOOP('',(#20747,#20748,#20754,#20755));
#20747 = ORIENTED_EDGE('',*,*,#20122,.T.);
#20748 = ORIENTED_EDGE('',*,*,#20749,.T.);
#20749 = EDGE_CURVE('',#20123,#20395,#20750,.T.);
#20750 = LINE('',#20751,#20752);
#20751 = CARTESIAN_POINT('',(-61.84,4.019998,-4.6E-02));
#20752 = VECTOR('',#20753,1.);
#20753 = DIRECTION('',(0.,0.,1.));
#20754 = ORIENTED_EDGE('',*,*,#20394,.F.);
#20755 = ORIENTED_EDGE('',*,*,#20749,.F.);
#20756 = CYLINDRICAL_SURFACE('',#20757,0.5);
#20757 = AXIS2_PLACEMENT_3D('',#20758,#20759,#20760);
#20758 = CARTESIAN_POINT('',(-61.84,4.519998,-4.6E-02));
#20759 = DIRECTION('',(-0.,-0.,-1.));
#20760 = DIRECTION('',(-0.,-1.,0.));
#20761 = ADVANCED_FACE('',(#20762),#20773,.F.);
#20762 = FACE_BOUND('',#20763,.T.);
#20763 = EDGE_LOOP('',(#20764,#20765,#20771,#20772));
#20764 = ORIENTED_EDGE('',*,*,#20133,.T.);
#20765 = ORIENTED_EDGE('',*,*,#20766,.T.);
#20766 = EDGE_CURVE('',#20134,#20406,#20767,.T.);
#20767 = LINE('',#20768,#20769);
#20768 = CARTESIAN_POINT('',(45.250001,3.040998,-3.6E-02));
#20769 = VECTOR('',#20770,1.);
#20770 = DIRECTION('',(0.,0.,1.));
#20771 = ORIENTED_EDGE('',*,*,#20405,.F.);
#20772 = ORIENTED_EDGE('',*,*,#20766,.F.);
#20773 = CYLINDRICAL_SURFACE('',#20774,0.2);
#20774 = AXIS2_PLACEMENT_3D('',#20775,#20776,#20777);
#20775 = CARTESIAN_POINT('',(45.250001,3.240998,-3.6E-02));
#20776 = DIRECTION('',(-0.,-0.,-1.));
#20777 = DIRECTION('',(-0.,-1.,0.));
#20778 = ADVANCED_FACE('',(#20779),#20790,.F.);
#20779 = FACE_BOUND('',#20780,.T.);
#20780 = EDGE_LOOP('',(#20781,#20782,#20788,#20789));
#20781 = ORIENTED_EDGE('',*,*,#20144,.T.);
#20782 = ORIENTED_EDGE('',*,*,#20783,.T.);
#20783 = EDGE_CURVE('',#20145,#20417,#20784,.T.);
#20784 = LINE('',#20785,#20786);
#20785 = CARTESIAN_POINT('',(46.250001,3.040998,-3.6E-02));
#20786 = VECTOR('',#20787,1.);
#20787 = DIRECTION('',(0.,0.,1.));
#20788 = ORIENTED_EDGE('',*,*,#20416,.F.);
#20789 = ORIENTED_EDGE('',*,*,#20783,.F.);
#20790 = CYLINDRICAL_SURFACE('',#20791,0.2);
#20791 = AXIS2_PLACEMENT_3D('',#20792,#20793,#20794);
#20792 = CARTESIAN_POINT('',(46.250001,3.240998,-3.6E-02));
#20793 = DIRECTION('',(-0.,-0.,-1.));
#20794 = DIRECTION('',(-0.,-1.,0.));
#20795 = ADVANCED_FACE('',(#20796),#20807,.F.);
#20796 = FACE_BOUND('',#20797,.T.);
#20797 = EDGE_LOOP('',(#20798,#20799,#20805,#20806));
#20798 = ORIENTED_EDGE('',*,*,#20155,.T.);
#20799 = ORIENTED_EDGE('',*,*,#20800,.T.);
#20800 = EDGE_CURVE('',#20156,#20428,#20801,.T.);
#20801 = LINE('',#20802,#20803);
#20802 = CARTESIAN_POINT('',(47.250001,3.040998,-3.6E-02));
#20803 = VECTOR('',#20804,1.);
#20804 = DIRECTION('',(0.,0.,1.));
#20805 = ORIENTED_EDGE('',*,*,#20427,.F.);
#20806 = ORIENTED_EDGE('',*,*,#20800,.F.);
#20807 = CYLINDRICAL_SURFACE('',#20808,0.2);
#20808 = AXIS2_PLACEMENT_3D('',#20809,#20810,#20811);
#20809 = CARTESIAN_POINT('',(47.250001,3.240998,-3.6E-02));
#20810 = DIRECTION('',(-0.,-0.,-1.));
#20811 = DIRECTION('',(-0.,-1.,0.));
#20812 = ADVANCED_FACE('',(#20813),#20824,.F.);
#20813 = FACE_BOUND('',#20814,.T.);
#20814 = EDGE_LOOP('',(#20815,#20816,#20822,#20823));
#20815 = ORIENTED_EDGE('',*,*,#20166,.T.);
#20816 = ORIENTED_EDGE('',*,*,#20817,.T.);
#20817 = EDGE_CURVE('',#20167,#20439,#20818,.T.);
#20818 = LINE('',#20819,#20820);
#20819 = CARTESIAN_POINT('',(48.250001,3.040998,-3.6E-02));
#20820 = VECTOR('',#20821,1.);
#20821 = DIRECTION('',(0.,0.,1.));
#20822 = ORIENTED_EDGE('',*,*,#20438,.F.);
#20823 = ORIENTED_EDGE('',*,*,#20817,.F.);
#20824 = CYLINDRICAL_SURFACE('',#20825,0.2);
#20825 = AXIS2_PLACEMENT_3D('',#20826,#20827,#20828);
#20826 = CARTESIAN_POINT('',(48.250001,3.240998,-3.6E-02));
#20827 = DIRECTION('',(-0.,-0.,-1.));
#20828 = DIRECTION('',(-0.,-1.,0.));
#20829 = ADVANCED_FACE('',(#20830),#20841,.F.);
#20830 = FACE_BOUND('',#20831,.T.);
#20831 = EDGE_LOOP('',(#20832,#20833,#20839,#20840));
#20832 = ORIENTED_EDGE('',*,*,#20177,.T.);
#20833 = ORIENTED_EDGE('',*,*,#20834,.T.);
#20834 = EDGE_CURVE('',#20178,#20450,#20835,.T.);
#20835 = LINE('',#20836,#20837);
#20836 = CARTESIAN_POINT('',(61.839998,4.019998,-4.6E-02));
#20837 = VECTOR('',#20838,1.);
#20838 = DIRECTION('',(0.,0.,1.));
#20839 = ORIENTED_EDGE('',*,*,#20449,.F.);
#20840 = ORIENTED_EDGE('',*,*,#20834,.F.);
#20841 = CYLINDRICAL_SURFACE('',#20842,0.5);
#20842 = AXIS2_PLACEMENT_3D('',#20843,#20844,#20845);
#20843 = CARTESIAN_POINT('',(61.839998,4.519998,-4.6E-02));
#20844 = DIRECTION('',(-0.,-0.,-1.));
#20845 = DIRECTION('',(-0.,-1.,0.));
#20846 = ADVANCED_FACE('',(#20847),#20858,.F.);
#20847 = FACE_BOUND('',#20848,.T.);
#20848 = EDGE_LOOP('',(#20849,#20850,#20856,#20857));
#20849 = ORIENTED_EDGE('',*,*,#20188,.T.);
#20850 = ORIENTED_EDGE('',*,*,#20851,.T.);
#20851 = EDGE_CURVE('',#20189,#20461,#20852,.T.);
#20852 = LINE('',#20853,#20854);
#20853 = CARTESIAN_POINT('',(64.379998,4.019998,-4.6E-02));
#20854 = VECTOR('',#20855,1.);
#20855 = DIRECTION('',(0.,0.,1.));
#20856 = ORIENTED_EDGE('',*,*,#20460,.F.);
#20857 = ORIENTED_EDGE('',*,*,#20851,.F.);
#20858 = CYLINDRICAL_SURFACE('',#20859,0.5);
#20859 = AXIS2_PLACEMENT_3D('',#20860,#20861,#20862);
#20860 = CARTESIAN_POINT('',(64.379998,4.519998,-4.6E-02));
#20861 = DIRECTION('',(-0.,-0.,-1.));
#20862 = DIRECTION('',(-0.,-1.,0.));
#20863 = ADVANCED_FACE('',(#20864),#20875,.F.);
#20864 = FACE_BOUND('',#20865,.T.);
#20865 = EDGE_LOOP('',(#20866,#20867,#20873,#20874));
#20866 = ORIENTED_EDGE('',*,*,#20199,.T.);
#20867 = ORIENTED_EDGE('',*,*,#20868,.T.);
#20868 = EDGE_CURVE('',#20200,#20472,#20869,.T.);
#20869 = LINE('',#20870,#20871);
#20870 = CARTESIAN_POINT('',(66.919997,4.019998,-4.6E-02));
#20871 = VECTOR('',#20872,1.);
#20872 = DIRECTION('',(0.,0.,1.));
#20873 = ORIENTED_EDGE('',*,*,#20471,.F.);
#20874 = ORIENTED_EDGE('',*,*,#20868,.F.);
#20875 = CYLINDRICAL_SURFACE('',#20876,0.5);
#20876 = AXIS2_PLACEMENT_3D('',#20877,#20878,#20879);
#20877 = CARTESIAN_POINT('',(66.919997,4.519998,-4.6E-02));
#20878 = DIRECTION('',(-0.,-0.,-1.));
#20879 = DIRECTION('',(-0.,-1.,0.));
#20880 = ADVANCED_FACE('',(#20881),#20892,.F.);
#20881 = FACE_BOUND('',#20882,.T.);
#20882 = EDGE_LOOP('',(#20883,#20884,#20890,#20891));
#20883 = ORIENTED_EDGE('',*,*,#20210,.T.);
#20884 = ORIENTED_EDGE('',*,*,#20885,.T.);
#20885 = EDGE_CURVE('',#20211,#20483,#20886,.T.);
#20886 = LINE('',#20887,#20888);
#20887 = CARTESIAN_POINT('',(69.459998,4.019998,-4.6E-02));
#20888 = VECTOR('',#20889,1.);
#20889 = DIRECTION('',(0.,0.,1.));
#20890 = ORIENTED_EDGE('',*,*,#20482,.F.);
#20891 = ORIENTED_EDGE('',*,*,#20885,.F.);
#20892 = CYLINDRICAL_SURFACE('',#20893,0.5);
#20893 = AXIS2_PLACEMENT_3D('',#20894,#20895,#20896);
#20894 = CARTESIAN_POINT('',(69.459998,4.519998,-4.6E-02));
#20895 = DIRECTION('',(-0.,-0.,-1.));
#20896 = DIRECTION('',(-0.,-1.,0.));
#20897 = ADVANCED_FACE('',(#20898),#20909,.F.);
#20898 = FACE_BOUND('',#20899,.T.);
#20899 = EDGE_LOOP('',(#20900,#20901,#20907,#20908));
#20900 = ORIENTED_EDGE('',*,*,#20221,.T.);
#20901 = ORIENTED_EDGE('',*,*,#20902,.T.);
#20902 = EDGE_CURVE('',#20222,#20494,#20903,.T.);
#20903 = LINE('',#20904,#20905);
#20904 = CARTESIAN_POINT('',(71.999998,4.019998,-4.6E-02));
#20905 = VECTOR('',#20906,1.);
#20906 = DIRECTION('',(0.,0.,1.));
#20907 = ORIENTED_EDGE('',*,*,#20493,.F.);
#20908 = ORIENTED_EDGE('',*,*,#20902,.F.);
#20909 = CYLINDRICAL_SURFACE('',#20910,0.5);
#20910 = AXIS2_PLACEMENT_3D('',#20911,#20912,#20913);
#20911 = CARTESIAN_POINT('',(71.999998,4.519998,-4.6E-02));
#20912 = DIRECTION('',(-0.,-0.,-1.));
#20913 = DIRECTION('',(-0.,-1.,0.));
#20914 = ADVANCED_FACE('',(#20915),#20926,.F.);
#20915 = FACE_BOUND('',#20916,.T.);
#20916 = EDGE_LOOP('',(#20917,#20918,#20924,#20925));
#20917 = ORIENTED_EDGE('',*,*,#20232,.T.);
#20918 = ORIENTED_EDGE('',*,*,#20919,.T.);
#20919 = EDGE_CURVE('',#20233,#20505,#20920,.T.);
#20920 = LINE('',#20921,#20922);
#20921 = CARTESIAN_POINT('',(-67.749999,7.749999,-3.6E-02));
#20922 = VECTOR('',#20923,1.);
#20923 = DIRECTION('',(0.,0.,1.));
#20924 = ORIENTED_EDGE('',*,*,#20504,.F.);
#20925 = ORIENTED_EDGE('',*,*,#20919,.F.);
#20926 = CYLINDRICAL_SURFACE('',#20927,0.25);
#20927 = AXIS2_PLACEMENT_3D('',#20928,#20929,#20930);
#20928 = CARTESIAN_POINT('',(-67.749999,7.999999,-3.6E-02));
#20929 = DIRECTION('',(-0.,-0.,-1.));
#20930 = DIRECTION('',(-0.,-1.,0.));
#20931 = ADVANCED_FACE('',(#20932),#20943,.F.);
#20932 = FACE_BOUND('',#20933,.T.);
#20933 = EDGE_LOOP('',(#20934,#20935,#20941,#20942));
#20934 = ORIENTED_EDGE('',*,*,#20243,.T.);
#20935 = ORIENTED_EDGE('',*,*,#20936,.T.);
#20936 = EDGE_CURVE('',#20244,#20516,#20937,.T.);
#20937 = LINE('',#20938,#20939);
#20938 = CARTESIAN_POINT('',(-65.749999,7.749999,-3.6E-02));
#20939 = VECTOR('',#20940,1.);
#20940 = DIRECTION('',(0.,0.,1.));
#20941 = ORIENTED_EDGE('',*,*,#20515,.F.);
#20942 = ORIENTED_EDGE('',*,*,#20936,.F.);
#20943 = CYLINDRICAL_SURFACE('',#20944,0.25);
#20944 = AXIS2_PLACEMENT_3D('',#20945,#20946,#20947);
#20945 = CARTESIAN_POINT('',(-65.749999,7.999999,-3.6E-02));
#20946 = DIRECTION('',(-0.,-0.,-1.));
#20947 = DIRECTION('',(-0.,-1.,0.));
#20948 = ( GEOMETRIC_REPRESENTATION_CONTEXT(3) 
GLOBAL_UNCERTAINTY_ASSIGNED_CONTEXT((#20952)) 
GLOBAL_UNIT_ASSIGNED_CONTEXT((#20949,#20950,#20951)) 
REPRESENTATION_CONTEXT('Context #1',
  '3D Context with UNIT and UNCERTAINTY') );
#20949 = ( LENGTH_UNIT() NAMED_UNIT(*) SI_UNIT(.MILLI.,.METRE.) );
#20950 = ( NAMED_UNIT(*) PLANE_ANGLE_UNIT() SI_UNIT($,.RADIAN.) );
#20951 = ( NAMED_UNIT(*) SI_UNIT($,.STERADIAN.) SOLID_ANGLE_UNIT() );
#20952 = UNCERTAINTY_MEASURE_WITH_UNIT(LENGTH_MEASURE(1.E-07),#20949,
  'distance_accuracy_value','confusion accuracy');
#20953 = CONTEXT_DEPENDENT_SHAPE_REPRESENTATION(#20954,#20956);
#20954 = ( REPRESENTATION_RELATIONSHIP('','',#19877,#10) 
REPRESENTATION_RELATIONSHIP_WITH_TRANSFORMATION(#20955) 
SHAPE_REPRESENTATION_RELATIONSHIP() );
#20955 = ITEM_DEFINED_TRANSFORMATION('','',#11,#35);
#20956 = PRODUCT_DEFINITION_SHAPE('Placement','Placement of an item',
  #20957);
#20957 = NEXT_ASSEMBLY_USAGE_OCCURRENCE('6','=>[0:1:1:5]','',#5,#19872,$
  );
#20958 = PRODUCT_RELATED_PRODUCT_CATEGORY('part',$,(#19874));
#20959 = MECHANICAL_DESIGN_GEOMETRIC_PRESENTATION_REPRESENTATION('',(
    #20960),#20948);
#20960 = STYLED_ITEM('color',(#20961),#19878);
#20961 = PRESENTATION_STYLE_ASSIGNMENT((#20962));
#20962 = SURFACE_STYLE_USAGE(.BOTH.,#20963);
#20963 = SURFACE_SIDE_STYLE('',(#20964));
#20964 = SURFACE_STYLE_FILL_AREA(#20965);
#20965 = FILL_AREA_STYLE('',(#20966));
#20966 = FILL_AREA_STYLE_COLOUR('',#20967);
#20967 = COLOUR_RGB('',0.890440242649,0.890440242649,0.890440242649);
#20968 = MECHANICAL_DESIGN_GEOMETRIC_PRESENTATION_REPRESENTATION('',(
    #20969,#20980,#20988,#20995,#21002,#21009,#21016,#21023,#21030,
    #21037,#21044,#21051,#21058,#21065,#21073,#21080,#21087,#21094),#867
  );
#20969 = STYLED_ITEM('color',(#20970),#53);
#20970 = PRESENTATION_STYLE_ASSIGNMENT((#20971,#20977));
#20971 = SURFACE_STYLE_USAGE(.BOTH.,#20972);
#20972 = SURFACE_SIDE_STYLE('',(#20973));
#20973 = SURFACE_STYLE_FILL_AREA(#20974);
#20974 = FILL_AREA_STYLE('',(#20975));
#20975 = FILL_AREA_STYLE_COLOUR('',#20976);
#20976 = COLOUR_RGB('',0.918244888298,0.916273552573,0.896751846243);
#20977 = CURVE_STYLE('',#20978,POSITIVE_LENGTH_MEASURE(0.1),#20979);
#20978 = DRAUGHTING_PRE_DEFINED_CURVE_FONT('continuous');
#20979 = COLOUR_RGB('',0.345868924627,0.345868924627,0.345868924627);
#20980 = OVER_RIDING_STYLED_ITEM('overriding color',(#20981),#144,#20969
  );
#20981 = PRESENTATION_STYLE_ASSIGNMENT((#20982));
#20982 = SURFACE_STYLE_USAGE(.BOTH.,#20983);
#20983 = SURFACE_SIDE_STYLE('',(#20984));
#20984 = SURFACE_STYLE_FILL_AREA(#20985);
#20985 = FILL_AREA_STYLE('',(#20986));
#20986 = FILL_AREA_STYLE_COLOUR('',#20987);
#20987 = COLOUR_RGB('',0.420913666924,0.416870095837,0.416870095837);
#20988 = OVER_RIDING_STYLED_ITEM('overriding color',(#20989),#325,#20969
  );
#20989 = PRESENTATION_STYLE_ASSIGNMENT((#20990));
#20990 = SURFACE_STYLE_USAGE(.BOTH.,#20991);
#20991 = SURFACE_SIDE_STYLE('',(#20992));
#20992 = SURFACE_STYLE_FILL_AREA(#20993);
#20993 = FILL_AREA_STYLE('',(#20994));
#20994 = FILL_AREA_STYLE_COLOUR('',#20987);
#20995 = OVER_RIDING_STYLED_ITEM('overriding color',(#20996),#348,#20969
  );
#20996 = PRESENTATION_STYLE_ASSIGNMENT((#20997));
#20997 = SURFACE_STYLE_USAGE(.BOTH.,#20998);
#20998 = SURFACE_SIDE_STYLE('',(#20999));
#20999 = SURFACE_STYLE_FILL_AREA(#21000);
#21000 = FILL_AREA_STYLE('',(#21001));
#21001 = FILL_AREA_STYLE_COLOUR('',#20987);
#21002 = OVER_RIDING_STYLED_ITEM('overriding color',(#21003),#371,#20969
  );
#21003 = PRESENTATION_STYLE_ASSIGNMENT((#21004));
#21004 = SURFACE_STYLE_USAGE(.BOTH.,#21005);
#21005 = SURFACE_SIDE_STYLE('',(#21006));
#21006 = SURFACE_STYLE_FILL_AREA(#21007);
#21007 = FILL_AREA_STYLE('',(#21008));
#21008 = FILL_AREA_STYLE_COLOUR('',#20987);
#21009 = OVER_RIDING_STYLED_ITEM('overriding color',(#21010),#394,#20969
  );
#21010 = PRESENTATION_STYLE_ASSIGNMENT((#21011));
#21011 = SURFACE_STYLE_USAGE(.BOTH.,#21012);
#21012 = SURFACE_SIDE_STYLE('',(#21013));
#21013 = SURFACE_STYLE_FILL_AREA(#21014);
#21014 = FILL_AREA_STYLE('',(#21015));
#21015 = FILL_AREA_STYLE_COLOUR('',#20987);
#21016 = OVER_RIDING_STYLED_ITEM('overriding color',(#21017),#417,#20969
  );
#21017 = PRESENTATION_STYLE_ASSIGNMENT((#21018));
#21018 = SURFACE_STYLE_USAGE(.BOTH.,#21019);
#21019 = SURFACE_SIDE_STYLE('',(#21020));
#21020 = SURFACE_STYLE_FILL_AREA(#21021);
#21021 = FILL_AREA_STYLE('',(#21022));
#21022 = FILL_AREA_STYLE_COLOUR('',#20987);
#21023 = OVER_RIDING_STYLED_ITEM('overriding color',(#21024),#549,#20969
  );
#21024 = PRESENTATION_STYLE_ASSIGNMENT((#21025));
#21025 = SURFACE_STYLE_USAGE(.BOTH.,#21026);
#21026 = SURFACE_SIDE_STYLE('',(#21027));
#21027 = SURFACE_STYLE_FILL_AREA(#21028);
#21028 = FILL_AREA_STYLE('',(#21029));
#21029 = FILL_AREA_STYLE_COLOUR('',#20987);
#21030 = OVER_RIDING_STYLED_ITEM('overriding color',(#21031),#566,#20969
  );
#21031 = PRESENTATION_STYLE_ASSIGNMENT((#21032));
#21032 = SURFACE_STYLE_USAGE(.BOTH.,#21033);
#21033 = SURFACE_SIDE_STYLE('',(#21034));
#21034 = SURFACE_STYLE_FILL_AREA(#21035);
#21035 = FILL_AREA_STYLE('',(#21036));
#21036 = FILL_AREA_STYLE_COLOUR('',#20987);
#21037 = OVER_RIDING_STYLED_ITEM('overriding color',(#21038),#597,#20969
  );
#21038 = PRESENTATION_STYLE_ASSIGNMENT((#21039));
#21039 = SURFACE_STYLE_USAGE(.BOTH.,#21040);
#21040 = SURFACE_SIDE_STYLE('',(#21041));
#21041 = SURFACE_STYLE_FILL_AREA(#21042);
#21042 = FILL_AREA_STYLE('',(#21043));
#21043 = FILL_AREA_STYLE_COLOUR('',#20987);
#21044 = OVER_RIDING_STYLED_ITEM('overriding color',(#21045),#620,#20969
  );
#21045 = PRESENTATION_STYLE_ASSIGNMENT((#21046));
#21046 = SURFACE_STYLE_USAGE(.BOTH.,#21047);
#21047 = SURFACE_SIDE_STYLE('',(#21048));
#21048 = SURFACE_STYLE_FILL_AREA(#21049);
#21049 = FILL_AREA_STYLE('',(#21050));
#21050 = FILL_AREA_STYLE_COLOUR('',#20987);
#21051 = OVER_RIDING_STYLED_ITEM('overriding color',(#21052),#643,#20969
  );
#21052 = PRESENTATION_STYLE_ASSIGNMENT((#21053));
#21053 = SURFACE_STYLE_USAGE(.BOTH.,#21054);
#21054 = SURFACE_SIDE_STYLE('',(#21055));
#21055 = SURFACE_STYLE_FILL_AREA(#21056);
#21056 = FILL_AREA_STYLE('',(#21057));
#21057 = FILL_AREA_STYLE_COLOUR('',#20987);
#21058 = OVER_RIDING_STYLED_ITEM('overriding color',(#21059),#713,#20969
  );
#21059 = PRESENTATION_STYLE_ASSIGNMENT((#21060));
#21060 = SURFACE_STYLE_USAGE(.BOTH.,#21061);
#21061 = SURFACE_SIDE_STYLE('',(#21062));
#21062 = SURFACE_STYLE_FILL_AREA(#21063);
#21063 = FILL_AREA_STYLE('',(#21064));
#21064 = FILL_AREA_STYLE_COLOUR('',#20987);
#21065 = OVER_RIDING_STYLED_ITEM('overriding color',(#21066),#759,#20969
  );
#21066 = PRESENTATION_STYLE_ASSIGNMENT((#21067));
#21067 = SURFACE_STYLE_USAGE(.BOTH.,#21068);
#21068 = SURFACE_SIDE_STYLE('',(#21069));
#21069 = SURFACE_STYLE_FILL_AREA(#21070);
#21070 = FILL_AREA_STYLE('',(#21071));
#21071 = FILL_AREA_STYLE_COLOUR('',#21072);
#21072 = COLOUR_RGB('',0.849416149683,0.834520208767,0.796552215638);
#21073 = OVER_RIDING_STYLED_ITEM('overriding color',(#21074),#790,#20969
  );
#21074 = PRESENTATION_STYLE_ASSIGNMENT((#21075));
#21075 = SURFACE_STYLE_USAGE(.BOTH.,#21076);
#21076 = SURFACE_SIDE_STYLE('',(#21077));
#21077 = SURFACE_STYLE_FILL_AREA(#21078);
#21078 = FILL_AREA_STYLE('',(#21079));
#21079 = FILL_AREA_STYLE_COLOUR('',#21072);
#21080 = OVER_RIDING_STYLED_ITEM('overriding color',(#21081),#814,#20969
  );
#21081 = PRESENTATION_STYLE_ASSIGNMENT((#21082));
#21082 = SURFACE_STYLE_USAGE(.BOTH.,#21083);
#21083 = SURFACE_SIDE_STYLE('',(#21084));
#21084 = SURFACE_STYLE_FILL_AREA(#21085);
#21085 = FILL_AREA_STYLE('',(#21086));
#21086 = FILL_AREA_STYLE_COLOUR('',#21072);
#21087 = OVER_RIDING_STYLED_ITEM('overriding color',(#21088),#838,#20969
  );
#21088 = PRESENTATION_STYLE_ASSIGNMENT((#21089));
#21089 = SURFACE_STYLE_USAGE(.BOTH.,#21090);
#21090 = SURFACE_SIDE_STYLE('',(#21091));
#21091 = SURFACE_STYLE_FILL_AREA(#21092);
#21092 = FILL_AREA_STYLE('',(#21093));
#21093 = FILL_AREA_STYLE_COLOUR('',#21072);
#21094 = OVER_RIDING_STYLED_ITEM('overriding color',(#21095),#855,#20969
  );
#21095 = PRESENTATION_STYLE_ASSIGNMENT((#21096));
#21096 = SURFACE_STYLE_USAGE(.BOTH.,#21097);
#21097 = SURFACE_SIDE_STYLE('',(#21098));
#21098 = SURFACE_STYLE_FILL_AREA(#21099);
#21099 = FILL_AREA_STYLE('',(#21100));
#21100 = FILL_AREA_STYLE_COLOUR('',#21072);
#21101 = MECHANICAL_DESIGN_GEOMETRIC_PRESENTATION_REPRESENTATION('',(
    #21102,#21110,#21117,#21124,#21131,#21138,#21145,#21152,#21160,
    #21167,#21174,#21181,#21188,#21195,#21203,#21210,#21217,#21224,
    #21231,#21238,#21245,#21252,#21259,#21266,#21273,#21280),#1681);
#21102 = STYLED_ITEM('color',(#21103),#893);
#21103 = PRESENTATION_STYLE_ASSIGNMENT((#21104));
#21104 = SURFACE_STYLE_USAGE(.BOTH.,#21105);
#21105 = SURFACE_SIDE_STYLE('',(#21106));
#21106 = SURFACE_STYLE_FILL_AREA(#21107);
#21107 = FILL_AREA_STYLE('',(#21108));
#21108 = FILL_AREA_STYLE_COLOUR('',#21109);
#21109 = COLOUR_RGB('',0.823999987314,0.819999987296,0.781000009244);
#21110 = STYLED_ITEM('color',(#21111),#933);
#21111 = PRESENTATION_STYLE_ASSIGNMENT((#21112));
#21112 = SURFACE_STYLE_USAGE(.BOTH.,#21113);
#21113 = SURFACE_SIDE_STYLE('',(#21114));
#21114 = SURFACE_STYLE_FILL_AREA(#21115);
#21115 = FILL_AREA_STYLE('',(#21116));
#21116 = FILL_AREA_STYLE_COLOUR('',#21109);
#21117 = STYLED_ITEM('color',(#21118),#1016);
#21118 = PRESENTATION_STYLE_ASSIGNMENT((#21119));
#21119 = SURFACE_STYLE_USAGE(.BOTH.,#21120);
#21120 = SURFACE_SIDE_STYLE('',(#21121));
#21121 = SURFACE_STYLE_FILL_AREA(#21122);
#21122 = FILL_AREA_STYLE('',(#21123));
#21123 = FILL_AREA_STYLE_COLOUR('',#21109);
#21124 = STYLED_ITEM('color',(#21125),#1041);
#21125 = PRESENTATION_STYLE_ASSIGNMENT((#21126));
#21126 = SURFACE_STYLE_USAGE(.BOTH.,#21127);
#21127 = SURFACE_SIDE_STYLE('',(#21128));
#21128 = SURFACE_STYLE_FILL_AREA(#21129);
#21129 = FILL_AREA_STYLE('',(#21130));
#21130 = FILL_AREA_STYLE_COLOUR('',#21109);
#21131 = STYLED_ITEM('color',(#21132),#1066);
#21132 = PRESENTATION_STYLE_ASSIGNMENT((#21133));
#21133 = SURFACE_STYLE_USAGE(.BOTH.,#21134);
#21134 = SURFACE_SIDE_STYLE('',(#21135));
#21135 = SURFACE_STYLE_FILL_AREA(#21136);
#21136 = FILL_AREA_STYLE('',(#21137));
#21137 = FILL_AREA_STYLE_COLOUR('',#21109);
#21138 = STYLED_ITEM('color',(#21139),#1133);
#21139 = PRESENTATION_STYLE_ASSIGNMENT((#21140));
#21140 = SURFACE_STYLE_USAGE(.BOTH.,#21141);
#21141 = SURFACE_SIDE_STYLE('',(#21142));
#21142 = SURFACE_STYLE_FILL_AREA(#21143);
#21143 = FILL_AREA_STYLE('',(#21144));
#21144 = FILL_AREA_STYLE_COLOUR('',#21109);
#21145 = STYLED_ITEM('color',(#21146),#1150);
#21146 = PRESENTATION_STYLE_ASSIGNMENT((#21147));
#21147 = SURFACE_STYLE_USAGE(.BOTH.,#21148);
#21148 = SURFACE_SIDE_STYLE('',(#21149));
#21149 = SURFACE_STYLE_FILL_AREA(#21150);
#21150 = FILL_AREA_STYLE('',(#21151));
#21151 = FILL_AREA_STYLE_COLOUR('',#21109);
#21152 = STYLED_ITEM('color',(#21153),#1167);
#21153 = PRESENTATION_STYLE_ASSIGNMENT((#21154));
#21154 = SURFACE_STYLE_USAGE(.BOTH.,#21155);
#21155 = SURFACE_SIDE_STYLE('',(#21156));
#21156 = SURFACE_STYLE_FILL_AREA(#21157);
#21157 = FILL_AREA_STYLE('',(#21158));
#21158 = FILL_AREA_STYLE_COLOUR('',#21159);
#21159 = COLOUR_RGB('',0.894999966383,0.890999961016,0.813000030345);
#21160 = STYLED_ITEM('color',(#21161),#1216);
#21161 = PRESENTATION_STYLE_ASSIGNMENT((#21162));
#21162 = SURFACE_STYLE_USAGE(.BOTH.,#21163);
#21163 = SURFACE_SIDE_STYLE('',(#21164));
#21164 = SURFACE_STYLE_FILL_AREA(#21165);
#21165 = FILL_AREA_STYLE('',(#21166));
#21166 = FILL_AREA_STYLE_COLOUR('',#21109);
#21167 = STYLED_ITEM('color',(#21168),#1233);
#21168 = PRESENTATION_STYLE_ASSIGNMENT((#21169));
#21169 = SURFACE_STYLE_USAGE(.BOTH.,#21170);
#21170 = SURFACE_SIDE_STYLE('',(#21171));
#21171 = SURFACE_STYLE_FILL_AREA(#21172);
#21172 = FILL_AREA_STYLE('',(#21173));
#21173 = FILL_AREA_STYLE_COLOUR('',#21109);
#21174 = STYLED_ITEM('color',(#21175),#1250);
#21175 = PRESENTATION_STYLE_ASSIGNMENT((#21176));
#21176 = SURFACE_STYLE_USAGE(.BOTH.,#21177);
#21177 = SURFACE_SIDE_STYLE('',(#21178));
#21178 = SURFACE_STYLE_FILL_AREA(#21179);
#21179 = FILL_AREA_STYLE('',(#21180));
#21180 = FILL_AREA_STYLE_COLOUR('',#21159);
#21181 = STYLED_ITEM('color',(#21182),#1299);
#21182 = PRESENTATION_STYLE_ASSIGNMENT((#21183));
#21183 = SURFACE_STYLE_USAGE(.BOTH.,#21184);
#21184 = SURFACE_SIDE_STYLE('',(#21185));
#21185 = SURFACE_STYLE_FILL_AREA(#21186);
#21186 = FILL_AREA_STYLE('',(#21187));
#21187 = FILL_AREA_STYLE_COLOUR('',#21159);
#21188 = STYLED_ITEM('color',(#21189),#1316);
#21189 = PRESENTATION_STYLE_ASSIGNMENT((#21190));
#21190 = SURFACE_STYLE_USAGE(.BOTH.,#21191);
#21191 = SURFACE_SIDE_STYLE('',(#21192));
#21192 = SURFACE_STYLE_FILL_AREA(#21193);
#21193 = FILL_AREA_STYLE('',(#21194));
#21194 = FILL_AREA_STYLE_COLOUR('',#21109);
#21195 = STYLED_ITEM('color',(#21196),#1385);
#21196 = PRESENTATION_STYLE_ASSIGNMENT((#21197));
#21197 = SURFACE_STYLE_USAGE(.BOTH.,#21198);
#21198 = SURFACE_SIDE_STYLE('',(#21199));
#21199 = SURFACE_STYLE_FILL_AREA(#21200);
#21200 = FILL_AREA_STYLE('',(#21201));
#21201 = FILL_AREA_STYLE_COLOUR('',#21202);
#21202 = COLOUR_RGB('',8.200000279077E-02,8.600000121357E-02,
  9.399999706163E-02);
#21203 = STYLED_ITEM('color',(#21204),#1416);
#21204 = PRESENTATION_STYLE_ASSIGNMENT((#21205));
#21205 = SURFACE_STYLE_USAGE(.BOTH.,#21206);
#21206 = SURFACE_SIDE_STYLE('',(#21207));
#21207 = SURFACE_STYLE_FILL_AREA(#21208);
#21208 = FILL_AREA_STYLE('',(#21209));
#21209 = FILL_AREA_STYLE_COLOUR('',#21202);
#21210 = STYLED_ITEM('color',(#21211),#1440);
#21211 = PRESENTATION_STYLE_ASSIGNMENT((#21212));
#21212 = SURFACE_STYLE_USAGE(.BOTH.,#21213);
#21213 = SURFACE_SIDE_STYLE('',(#21214));
#21214 = SURFACE_STYLE_FILL_AREA(#21215);
#21215 = FILL_AREA_STYLE('',(#21216));
#21216 = FILL_AREA_STYLE_COLOUR('',#21109);
#21217 = STYLED_ITEM('color',(#21218),#1509);
#21218 = PRESENTATION_STYLE_ASSIGNMENT((#21219));
#21219 = SURFACE_STYLE_USAGE(.BOTH.,#21220);
#21220 = SURFACE_SIDE_STYLE('',(#21221));
#21221 = SURFACE_STYLE_FILL_AREA(#21222);
#21222 = FILL_AREA_STYLE('',(#21223));
#21223 = FILL_AREA_STYLE_COLOUR('',#21202);
#21224 = STYLED_ITEM('color',(#21225),#1533);
#21225 = PRESENTATION_STYLE_ASSIGNMENT((#21226));
#21226 = SURFACE_STYLE_USAGE(.BOTH.,#21227);
#21227 = SURFACE_SIDE_STYLE('',(#21228));
#21228 = SURFACE_STYLE_FILL_AREA(#21229);
#21229 = FILL_AREA_STYLE('',(#21230));
#21230 = FILL_AREA_STYLE_COLOUR('',#21109);
#21231 = STYLED_ITEM('color',(#21232),#1550);
#21232 = PRESENTATION_STYLE_ASSIGNMENT((#21233));
#21233 = SURFACE_STYLE_USAGE(.BOTH.,#21234);
#21234 = SURFACE_SIDE_STYLE('',(#21235));
#21235 = SURFACE_STYLE_FILL_AREA(#21236);
#21236 = FILL_AREA_STYLE('',(#21237));
#21237 = FILL_AREA_STYLE_COLOUR('',#21109);
#21238 = STYLED_ITEM('color',(#21239),#1567);
#21239 = PRESENTATION_STYLE_ASSIGNMENT((#21240));
#21240 = SURFACE_STYLE_USAGE(.BOTH.,#21241);
#21241 = SURFACE_SIDE_STYLE('',(#21242));
#21242 = SURFACE_STYLE_FILL_AREA(#21243);
#21243 = FILL_AREA_STYLE('',(#21244));
#21244 = FILL_AREA_STYLE_COLOUR('',#21109);
#21245 = STYLED_ITEM('color',(#21246),#1584);
#21246 = PRESENTATION_STYLE_ASSIGNMENT((#21247));
#21247 = SURFACE_STYLE_USAGE(.BOTH.,#21248);
#21248 = SURFACE_SIDE_STYLE('',(#21249));
#21249 = SURFACE_STYLE_FILL_AREA(#21250);
#21250 = FILL_AREA_STYLE('',(#21251));
#21251 = FILL_AREA_STYLE_COLOUR('',#21109);
#21252 = STYLED_ITEM('color',(#21253),#1601);
#21253 = PRESENTATION_STYLE_ASSIGNMENT((#21254));
#21254 = SURFACE_STYLE_USAGE(.BOTH.,#21255);
#21255 = SURFACE_SIDE_STYLE('',(#21256));
#21256 = SURFACE_STYLE_FILL_AREA(#21257);
#21257 = FILL_AREA_STYLE('',(#21258));
#21258 = FILL_AREA_STYLE_COLOUR('',#21109);
#21259 = STYLED_ITEM('color',(#21260),#1618);
#21260 = PRESENTATION_STYLE_ASSIGNMENT((#21261));
#21261 = SURFACE_STYLE_USAGE(.BOTH.,#21262);
#21262 = SURFACE_SIDE_STYLE('',(#21263));
#21263 = SURFACE_STYLE_FILL_AREA(#21264);
#21264 = FILL_AREA_STYLE('',(#21265));
#21265 = FILL_AREA_STYLE_COLOUR('',#21109);
#21266 = STYLED_ITEM('color',(#21267),#1635);
#21267 = PRESENTATION_STYLE_ASSIGNMENT((#21268));
#21268 = SURFACE_STYLE_USAGE(.BOTH.,#21269);
#21269 = SURFACE_SIDE_STYLE('',(#21270));
#21270 = SURFACE_STYLE_FILL_AREA(#21271);
#21271 = FILL_AREA_STYLE('',(#21272));
#21272 = FILL_AREA_STYLE_COLOUR('',#21109);
#21273 = STYLED_ITEM('color',(#21274),#1652);
#21274 = PRESENTATION_STYLE_ASSIGNMENT((#21275));
#21275 = SURFACE_STYLE_USAGE(.BOTH.,#21276);
#21276 = SURFACE_SIDE_STYLE('',(#21277));
#21277 = SURFACE_STYLE_FILL_AREA(#21278);
#21278 = FILL_AREA_STYLE('',(#21279));
#21279 = FILL_AREA_STYLE_COLOUR('',#21202);
#21280 = STYLED_ITEM('color',(#21281),#1669);
#21281 = PRESENTATION_STYLE_ASSIGNMENT((#21282));
#21282 = SURFACE_STYLE_USAGE(.BOTH.,#21283);
#21283 = SURFACE_SIDE_STYLE('',(#21284));
#21284 = SURFACE_STYLE_FILL_AREA(#21285);
#21285 = FILL_AREA_STYLE('',(#21286));
#21286 = FILL_AREA_STYLE_COLOUR('',#21202);
#21287 = MECHANICAL_DESIGN_GEOMETRIC_PRESENTATION_REPRESENTATION('',(
    #21288,#21296,#21303,#21310,#21317,#21324,#21331,#21338),#19859);
#21288 = STYLED_ITEM('color',(#21289),#1705);
#21289 = PRESENTATION_STYLE_ASSIGNMENT((#21290));
#21290 = SURFACE_STYLE_USAGE(.BOTH.,#21291);
#21291 = SURFACE_SIDE_STYLE('',(#21292));
#21292 = SURFACE_STYLE_FILL_AREA(#21293);
#21293 = FILL_AREA_STYLE('',(#21294));
#21294 = FILL_AREA_STYLE_COLOUR('',#21295);
#21295 = COLOUR_RGB('',0.854305825093,0.803630995277,0.);
#21296 = STYLED_ITEM('color',(#21297),#6567);
#21297 = PRESENTATION_STYLE_ASSIGNMENT((#21298));
#21298 = SURFACE_STYLE_USAGE(.BOTH.,#21299);
#21299 = SURFACE_SIDE_STYLE('',(#21300));
#21300 = SURFACE_STYLE_FILL_AREA(#21301);
#21301 = FILL_AREA_STYLE('',(#21302));
#21302 = FILL_AREA_STYLE_COLOUR('',#21295);
#21303 = STYLED_ITEM('color',(#21304),#7643);
#21304 = PRESENTATION_STYLE_ASSIGNMENT((#21305));
#21305 = SURFACE_STYLE_USAGE(.BOTH.,#21306);
#21306 = SURFACE_SIDE_STYLE('',(#21307));
#21307 = SURFACE_STYLE_FILL_AREA(#21308);
#21308 = FILL_AREA_STYLE('',(#21309));
#21309 = FILL_AREA_STYLE_COLOUR('',#21295);
#21310 = STYLED_ITEM('color',(#21311),#9008);
#21311 = PRESENTATION_STYLE_ASSIGNMENT((#21312));
#21312 = SURFACE_STYLE_USAGE(.BOTH.,#21313);
#21313 = SURFACE_SIDE_STYLE('',(#21314));
#21314 = SURFACE_STYLE_FILL_AREA(#21315);
#21315 = FILL_AREA_STYLE('',(#21316));
#21316 = FILL_AREA_STYLE_COLOUR('',#21295);
#21317 = STYLED_ITEM('color',(#21318),#9795);
#21318 = PRESENTATION_STYLE_ASSIGNMENT((#21319));
#21319 = SURFACE_STYLE_USAGE(.BOTH.,#21320);
#21320 = SURFACE_SIDE_STYLE('',(#21321));
#21321 = SURFACE_STYLE_FILL_AREA(#21322);
#21322 = FILL_AREA_STYLE('',(#21323));
#21323 = FILL_AREA_STYLE_COLOUR('',#21295);
#21324 = STYLED_ITEM('color',(#21325),#10871);
#21325 = PRESENTATION_STYLE_ASSIGNMENT((#21326));
#21326 = SURFACE_STYLE_USAGE(.BOTH.,#21327);
#21327 = SURFACE_SIDE_STYLE('',(#21328));
#21328 = SURFACE_STYLE_FILL_AREA(#21329);
#21329 = FILL_AREA_STYLE('',(#21330));
#21330 = FILL_AREA_STYLE_COLOUR('',#21295);
#21331 = STYLED_ITEM('color',(#21332),#18543);
#21332 = PRESENTATION_STYLE_ASSIGNMENT((#21333));
#21333 = SURFACE_STYLE_USAGE(.BOTH.,#21334);
#21334 = SURFACE_SIDE_STYLE('',(#21335));
#21335 = SURFACE_STYLE_FILL_AREA(#21336);
#21336 = FILL_AREA_STYLE('',(#21337));
#21337 = FILL_AREA_STYLE_COLOUR('',#21295);
#21338 = STYLED_ITEM('color',(#21339),#19201);
#21339 = PRESENTATION_STYLE_ASSIGNMENT((#21340));
#21340 = SURFACE_STYLE_USAGE(.BOTH.,#21341);
#21341 = SURFACE_SIDE_STYLE('',(#21342));
#21342 = SURFACE_STYLE_FILL_AREA(#21343);
#21343 = FILL_AREA_STYLE('',(#21344));
#21344 = FILL_AREA_STYLE_COLOUR('',#21295);
ENDSEC;
END-ISO-10303-21;
